"days","booster_daily_rate"
1,0
65,35510.9049175827
72,3884.00522536058
79,2164.28787097962
86,-110.871344407239
93,-110.871344407239
100,-110.871344407239
107,-110.871344407247
114,-110.871344407239
121,-110.871344407239
135,-221.742688814477
149,-221.742688814494
163,-221.742688814477
191,-443.485377628972
