week_end,geo,ab_estimate,pct_mean,pct_q025,pct_q25,pct_q75,pct_q975
2020-03-07,AB,Anti-N estimate,0.00347216,0.00152391,NA,NA,0.006287814
2020-03-14,AB,Anti-N estimate,0.004006572,0.001709389,NA,NA,0.007393373
2020-03-21,AB,Anti-N estimate,0.004570023,0.001914123,NA,NA,0.008497322
2020-03-28,AB,Anti-N estimate,0.005145212,0.002141044,NA,NA,0.009579372
2020-04-04,AB,Anti-N estimate,0.005710193,0.002369997,NA,NA,0.010772598
2020-04-11,AB,Anti-N estimate,0.006239609,0.002634571,NA,NA,0.011747825
2020-04-18,AB,Anti-N estimate,0.006707004,0.00291525,NA,NA,0.012485918
2020-04-25,AB,Anti-N estimate,0.007096362,0.003194013,NA,NA,0.012984406
2020-05-02,AB,Anti-N estimate,0.007407745,0.003442403,NA,NA,0.013462633
2020-05-09,AB,Anti-N estimate,0.007647565,0.003754461,NA,NA,0.013548951
2020-05-16,AB,Anti-N estimate,0.007826177,0.004000674,NA,NA,0.013517368
2020-05-23,AB,Anti-N estimate,0.007956053,0.004210103,NA,NA,0.01329952
2020-05-30,AB,Anti-N estimate,0.008050228,0.0044004,NA,NA,0.013294942
2020-06-06,AB,Anti-N estimate,0.008121169,0.004460339,NA,NA,0.013345729
2020-06-13,AB,Anti-N estimate,0.008180101,0.004454971,NA,NA,0.013496377
2020-06-20,AB,Anti-N estimate,0.008236771,0.004464537,NA,NA,0.013674934
2020-06-27,AB,Anti-N estimate,0.008299586,0.004417756,NA,NA,0.013884926
2020-07-04,AB,Anti-N estimate,0.008376084,0.004389404,NA,NA,0.014033876
2020-07-11,AB,Anti-N estimate,0.008473709,0.004373035,NA,NA,0.014417684
2020-07-18,AB,Anti-N estimate,0.008599126,0.004430884,NA,NA,0.014614038
2020-07-25,AB,Anti-N estimate,0.008753993,0.004616409,NA,NA,0.014921093
2020-08-01,AB,Anti-N estimate,0.008940278,0.004809959,NA,NA,0.015076089
2020-08-08,AB,Anti-N estimate,0.009161406,0.005025211,NA,NA,0.015177207
2020-08-15,AB,Anti-N estimate,0.009421694,0.005292161,NA,NA,0.015268627
2020-08-22,AB,Anti-N estimate,0.009725867,0.005642132,NA,NA,0.01538446
2020-08-29,AB,Anti-N estimate,0.010078643,0.005984192,NA,NA,0.015684858
2020-09-05,AB,Anti-N estimate,0.01048437,0.006453593,NA,NA,0.016037161
2020-09-12,AB,Anti-N estimate,0.01094672,0.006834805,NA,NA,0.016404217
2020-09-19,AB,Anti-N estimate,0.011468441,0.00718756,NA,NA,0.016978834
2020-09-26,AB,Anti-N estimate,0.012051197,0.007605201,NA,NA,0.017804568
2020-10-03,AB,Anti-N estimate,0.012695554,0.008154686,NA,NA,0.018477854
2020-10-10,AB,Anti-N estimate,0.013401231,0.008719996,NA,NA,0.019322597
2020-10-17,AB,Anti-N estimate,0.014168339,0.009374427,NA,NA,0.020160125
2020-10-24,AB,Anti-N estimate,0.014998294,0.010065143,NA,NA,0.021144134
2020-10-31,AB,Anti-N estimate,0.015893329,0.010832703,NA,NA,0.022035143
2020-11-07,AB,Anti-N estimate,0.016856074,0.011719488,NA,NA,0.022951273
2020-11-14,AB,Anti-N estimate,0.017889085,0.012713179,NA,NA,0.024029076
2020-11-21,AB,Anti-N estimate,0.01899434,0.013714308,NA,NA,0.025062201
2020-11-28,AB,Anti-N estimate,0.020172693,0.014757411,NA,NA,0.02633936
2020-12-05,AB,Anti-N estimate,0.02142331,0.015874073,NA,NA,0.027822821
2020-12-12,AB,Anti-N estimate,0.022743135,0.01687586,NA,NA,0.029485865
2020-12-19,AB,Anti-N estimate,0.024126415,0.018020844,NA,NA,0.031226502
2020-12-26,AB,Anti-N estimate,0.02556437,0.019095861,NA,NA,0.033254988
2021-01-02,AB,Anti-N estimate,0.027045081,0.020189315,NA,NA,0.035151021
2021-01-09,AB,Anti-N estimate,0.028556405,0.021358421,NA,NA,0.036959042
2021-01-16,AB,Anti-N estimate,0.030092075,0.022535172,NA,NA,0.038813325
2021-01-23,AB,Anti-N estimate,0.031647517,0.023880659,NA,NA,0.040639113
2021-01-30,AB,Anti-N estimate,0.033218773,0.025224957,NA,NA,0.0423201
2021-02-06,AB,Anti-N estimate,0.03480236,0.026696615,NA,NA,0.044188649
2021-02-13,AB,Anti-N estimate,0.036395097,0.028061072,NA,NA,0.045821586
2021-02-20,AB,Anti-N estimate,0.037993914,0.02962901,NA,NA,0.047474505
2021-02-27,AB,Anti-N estimate,0.039595647,0.031186165,NA,NA,0.049201192
2021-03-06,AB,Anti-N estimate,0.041196849,0.032583401,NA,NA,0.051030116
2021-03-13,AB,Anti-N estimate,0.042793609,0.034025885,NA,NA,0.052777083
2021-03-20,AB,Anti-N estimate,0.044381426,0.035325279,NA,NA,0.054597726
2021-03-27,AB,Anti-N estimate,0.045955116,0.036535569,NA,NA,0.056373336
2021-04-03,AB,Anti-N estimate,0.047508798,0.037499719,NA,NA,0.058210405
2021-04-10,AB,Anti-N estimate,0.049035949,0.038622041,NA,NA,0.060159664
2021-04-17,AB,Anti-N estimate,0.050529558,0.039773826,NA,NA,0.062312695
2021-04-24,AB,Anti-N estimate,0.051982374,0.040674753,NA,NA,0.064253042
2021-05-01,AB,Anti-N estimate,0.053387207,0.041834111,NA,NA,0.066077174
2021-05-08,AB,Anti-N estimate,0.05473651,0.042989369,NA,NA,0.067631276
2021-05-15,AB,Anti-N estimate,0.056022701,0.044344293,NA,NA,0.069002158
2021-05-22,AB,Anti-N estimate,0.057238711,0.045530958,NA,NA,0.07048218
2021-05-29,AB,Anti-N estimate,0.058377818,0.046856399,NA,NA,0.07142554
2021-06-05,AB,Anti-N estimate,0.059433447,0.047802977,NA,NA,0.072665581
2021-06-12,AB,Anti-N estimate,0.06039902,0.048661411,NA,NA,0.073761516
2021-06-19,AB,Anti-N estimate,0.061267822,0.049431372,NA,NA,0.074782391
2021-06-26,AB,Anti-N estimate,0.062032921,0.050121155,NA,NA,0.075634219
2021-07-03,AB,Anti-N estimate,0.06268714,0.050642854,NA,NA,0.076950215
2021-07-10,AB,Anti-N estimate,0.063223083,0.0508278,NA,NA,0.078201982
2021-07-17,AB,Anti-N estimate,0.06363323,0.050822624,NA,NA,0.079042902
2021-07-24,AB,Anti-N estimate,0.063910093,0.050696697,NA,NA,0.079904902
2021-07-31,AB,Anti-N estimate,0.064046438,0.050396531,NA,NA,0.080618598
2021-08-07,AB,Anti-N estimate,0.064035574,0.050087139,NA,NA,0.080545089
2021-08-14,AB,Anti-N estimate,0.063871693,0.04991627,NA,NA,0.080576419
2021-08-21,AB,Anti-N estimate,0.063550259,0.049478989,NA,NA,0.080315487
2021-08-28,AB,Anti-N estimate,0.063081345,0.04909713,NA,NA,0.079636947
2021-09-04,AB,Anti-N estimate,0.06252771,0.048947871,NA,NA,0.078791633
2021-09-11,AB,Anti-N estimate,0.061963882,0.048622167,NA,NA,0.077684711
2021-09-18,AB,Anti-N estimate,0.061462244,0.048303565,NA,NA,0.076791086
2021-09-25,AB,Anti-N estimate,0.061093027,0.048169823,NA,NA,0.076031054
2021-10-02,AB,Anti-N estimate,0.060925111,0.048218222,NA,NA,0.075407056
2021-10-09,AB,Anti-N estimate,0.061027616,0.04875078,NA,NA,0.075320661
2021-10-16,AB,Anti-N estimate,0.061472282,0.049256491,NA,NA,0.075541026
2021-10-23,AB,Anti-N estimate,0.06233667,0.050125547,NA,NA,0.076469279
2021-10-30,AB,Anti-N estimate,0.063708312,0.051299559,NA,NA,0.07815684
2021-11-06,AB,Anti-N estimate,0.065690014,0.052757619,NA,NA,0.080343112
2021-11-13,AB,Anti-N estimate,0.068406622,0.055162236,NA,NA,0.083684265
2021-11-20,AB,Anti-N estimate,0.072013743,0.057986456,NA,NA,0.08792068
2021-11-27,AB,Anti-N estimate,0.076709045,0.06209559,NA,NA,0.093081237
2021-12-04,AB,Anti-N estimate,0.082746956,0.067411688,NA,NA,0.099756386
2021-12-11,AB,Anti-N estimate,0.090457747,0.07442041,NA,NA,0.108351401
2021-12-18,AB,Anti-N estimate,0.100266631,0.083395405,NA,NA,0.118838928
2021-12-25,AB,Anti-N estimate,0.112531561,0.095432952,NA,NA,0.131448084
2022-01-01,AB,Anti-N estimate,0.127419814,0.110045709,NA,NA,0.146880913
2022-01-08,AB,Anti-N estimate,0.145023484,0.127038408,NA,NA,0.165329445
2022-01-15,AB,Anti-N estimate,0.165316088,0.146969001,NA,NA,0.186058325
2022-01-22,AB,Anti-N estimate,0.188098539,0.168319345,NA,NA,0.210319235
2022-01-29,AB,Anti-N estimate,0.212956659,0.191706115,NA,NA,0.237071977
2022-02-05,AB,Anti-N estimate,0.239241899,0.216415527,NA,NA,0.264667265
2022-02-12,AB,Anti-N estimate,0.266083415,0.241541995,NA,NA,0.292604913
2022-02-19,AB,Anti-N estimate,0.292443146,0.266451057,NA,NA,0.320321194
2022-02-26,AB,Anti-N estimate,0.317564173,0.291039983,NA,NA,0.345193283
2022-03-05,AB,Anti-N estimate,0.341190157,0.315001268,NA,NA,0.368697143
2022-03-12,AB,Anti-N estimate,0.363186648,0.337611804,NA,NA,0.390050535
2022-03-19,AB,Anti-N estimate,0.383501736,0.35721619,NA,NA,0.410312226
2022-03-26,AB,Anti-N estimate,0.402151704,0.374643096,NA,NA,0.429419752
2022-04-02,AB,Anti-N estimate,0.419207677,0.391061339,NA,NA,0.447240502
2022-04-09,AB,Anti-N estimate,0.434783886,0.406056667,NA,NA,0.464076401
2022-04-16,AB,Anti-N estimate,0.449027722,0.419895726,NA,NA,0.478857657
2022-04-23,AB,Anti-N estimate,0.462110617,0.432855892,NA,NA,0.491651379
2022-04-30,AB,Anti-N estimate,0.474194786,0.44565449,NA,NA,0.503541512
2022-05-07,AB,Anti-N estimate,0.485420722,0.457639182,NA,NA,0.513568604
2022-05-14,AB,Anti-N estimate,0.495933123,0.46956657,NA,NA,0.52275039
2022-05-21,AB,Anti-N estimate,0.505880518,0.47980142,NA,NA,0.532328701
2022-05-28,AB,Anti-N estimate,0.515413965,0.489142782,NA,NA,0.541698971
2022-06-04,AB,Anti-N estimate,0.524686262,0.497491928,NA,NA,0.552496077
2022-06-11,AB,Anti-N estimate,0.533851328,0.505308241,NA,NA,0.563177803
2022-06-18,AB,Anti-N estimate,0.543063427,0.51352858,NA,NA,0.572944479
2022-06-25,AB,Anti-N estimate,0.552472712,0.523100551,NA,NA,0.582104839
2022-07-02,AB,Anti-N estimate,0.56211938,0.533834973,NA,NA,0.591159623
2022-07-09,AB,Anti-N estimate,0.571912037,0.544769343,NA,NA,0.599212683
2022-07-16,AB,Anti-N estimate,0.581751207,0.555319167,NA,NA,0.608668656
2022-07-23,AB,Anti-N estimate,0.591538675,0.564688535,NA,NA,0.618739691
2022-07-30,AB,Anti-N estimate,0.601179281,0.573521054,NA,NA,0.628910675
2022-08-06,AB,Anti-N estimate,0.610582494,0.581639143,NA,NA,0.640062596
2022-08-13,AB,Anti-N estimate,0.619663393,0.589566751,NA,NA,0.649885976
2022-08-20,AB,Anti-N estimate,0.628342713,0.597648717,NA,NA,0.658543442
2022-08-27,AB,Anti-N estimate,0.636548078,0.605887316,NA,NA,0.666950544
2022-09-03,AB,Anti-N estimate,0.644286117,0.613754269,NA,NA,0.673900054
2022-09-10,AB,Anti-N estimate,0.651653238,0.623009713,NA,NA,0.679713886
2022-09-17,AB,Anti-N estimate,0.65874719,0.631475899,NA,NA,0.685715208
2022-09-24,AB,Anti-N estimate,0.665663126,0.63864409,NA,NA,0.691682613
2022-10-01,AB,Anti-N estimate,0.672494858,0.645290953,NA,NA,0.698099184
2022-10-08,AB,Anti-N estimate,0.679335435,0.651268989,NA,NA,0.705257379
2022-10-15,AB,Anti-N estimate,0.686276895,0.6574328,NA,NA,0.712687919
2022-10-22,AB,Anti-N estimate,0.693409054,0.663458384,NA,NA,0.720091259
2022-10-29,AB,Anti-N estimate,0.70081452,0.670967437,NA,NA,0.727602564
2022-11-05,AB,Anti-N estimate,0.708481863,0.68000452,NA,NA,0.734836526
2022-11-12,AB,Anti-N estimate,0.71629275,0.689170721,NA,NA,0.742443297
2022-11-19,AB,Anti-N estimate,0.724126841,0.697645183,NA,NA,0.749204425
2022-11-26,AB,Anti-N estimate,0.731871122,0.70608418,NA,NA,0.756346404
2022-12-03,AB,Anti-N estimate,0.739422065,0.713669803,NA,NA,0.7642965
2022-12-10,AB,Anti-N estimate,0.74668669,0.720397666,NA,NA,0.772079266
2022-12-17,AB,Anti-N estimate,0.753582355,0.726623071,NA,NA,0.779433457
2022-12-24,AB,Anti-N estimate,0.76003515,0.732932065,NA,NA,0.785429242
2022-12-31,AB,Anti-N estimate,0.765978095,0.739600615,NA,NA,0.790692647
2023-01-07,AB,Anti-N estimate,0.771384905,0.746103685,NA,NA,0.794731888
2023-01-14,AB,Anti-N estimate,0.776273632,0.752135601,NA,NA,0.798485119
2023-01-21,AB,Anti-N estimate,0.780662911,0.757621816,NA,NA,0.801923541
2023-01-28,AB,Anti-N estimate,0.784571771,0.761056275,NA,NA,0.80553752
2023-02-04,AB,Anti-N estimate,0.788021315,0.763957474,NA,NA,0.809098033
2023-02-11,AB,Anti-N estimate,0.791035348,0.76536458,NA,NA,0.813070826
2023-02-18,AB,Anti-N estimate,0.793639924,0.76716145,NA,NA,0.816853237
2023-02-25,AB,Anti-N estimate,0.795861838,0.768865342,NA,NA,0.819882231
2023-03-04,AB,Anti-N estimate,0.797726106,0.771043197,NA,NA,0.822209356
2023-03-11,AB,Anti-N estimate,0.79925367,0.773365572,NA,NA,0.823491955
2023-03-18,AB,Anti-N estimate,0.800461006,0.775527183,NA,NA,0.824000549
2023-03-25,AB,Anti-N estimate,0.801362107,0.778101126,NA,NA,0.824028429
2023-04-01,AB,Anti-N estimate,0.801971359,0.779565316,NA,NA,0.824452307
2023-04-08,AB,Anti-N estimate,0.802305518,0.77930691,NA,NA,0.824731659
2023-04-15,AB,Anti-N estimate,0.802384735,0.779062429,NA,NA,0.825511329
2023-04-22,AB,Anti-N estimate,0.802232593,0.77811039,NA,NA,0.826138622
2023-04-29,AB,Anti-N estimate,0.801875192,0.776932306,NA,NA,0.826326664
2023-05-06,AB,Anti-N estimate,0.801339681,0.775766957,NA,NA,0.826142352
2023-05-13,AB,Anti-N estimate,0.800665133,0.775985684,NA,NA,0.824949834
2023-05-20,AB,Anti-N estimate,0.799904101,0.775664278,NA,NA,0.823802072
2023-05-27,AB,Anti-N estimate,0.79910864,0.775398698,NA,NA,0.821872857
2023-06-03,AB,Anti-N estimate,0.798331484,0.775805493,NA,NA,0.820016467
2023-06-10,AB,Anti-N estimate,0.797627565,0.775474623,NA,NA,0.818596078
2023-06-17,AB,Anti-N estimate,0.797054861,0.774341726,NA,NA,0.817720084
2023-06-24,AB,Anti-N estimate,0.796674569,0.773073056,NA,NA,0.817944418
2023-07-01,AB,Anti-N estimate,0.796550597,0.772525412,NA,NA,0.817969081
2023-07-08,AB,Anti-N estimate,0.796747187,0.77233137,NA,NA,0.818848488
2023-07-15,AB,Anti-N estimate,0.797288634,0.772567162,NA,NA,0.819722617
2023-07-22,AB,Anti-N estimate,0.798149049,0.77333583,NA,NA,0.820624291
2023-07-29,AB,Anti-N estimate,0.7992971,0.775159086,NA,NA,0.821767703
2023-08-05,AB,Anti-N estimate,0.80069961,0.777017788,NA,NA,0.822841206
2023-08-12,AB,Anti-N estimate,0.80232226,0.779431805,NA,NA,0.823716683
2023-08-19,AB,Anti-N estimate,0.804130218,0.781868715,NA,NA,0.824880407
2023-08-26,AB,Anti-N estimate,0.806088706,0.784483351,NA,NA,0.82602339
2023-09-02,AB,Anti-N estimate,0.80816349,0.787164336,NA,NA,0.827710507
2023-09-09,AB,Anti-N estimate,0.810321295,0.789161036,NA,NA,0.829867593
2023-09-16,AB,Anti-N estimate,0.812530156,0.790237316,NA,NA,0.832492928
2023-09-23,AB,Anti-N estimate,0.814759679,0.790915128,NA,NA,0.835771367
2023-09-30,AB,Anti-N estimate,0.816981231,0.791696388,NA,NA,0.840224929
2020-03-07,AB,Anti-S estimate,0.004196145,0.001227064,NA,NA,0.013462648
2020-03-14,AB,Anti-S estimate,0.004804969,0.001395784,NA,NA,0.015401239
2020-03-21,AB,Anti-S estimate,0.005440258,0.00156875,NA,NA,0.017241273
2020-03-28,AB,Anti-S estimate,0.006082794,0.001745677,NA,NA,0.019030333
2020-04-04,AB,Anti-S estimate,0.006709021,0.001940605,NA,NA,0.020903805
2020-04-11,AB,Anti-S estimate,0.007292373,0.00216194,NA,NA,0.022428555
2020-04-18,AB,Anti-S estimate,0.007805587,0.002358152,NA,NA,0.024019936
2020-04-25,AB,Anti-S estimate,0.008232756,0.002568048,NA,NA,0.02517004
2020-05-02,AB,Anti-S estimate,0.008574891,0.00278272,NA,NA,0.025814238
2020-05-09,AB,Anti-S estimate,0.008839332,0.002985305,NA,NA,0.026206027
2020-05-16,AB,Anti-S estimate,0.009037284,0.003199503,NA,NA,0.026709999
2020-05-23,AB,Anti-S estimate,0.00918202,0.00333958,NA,NA,0.026748857
2020-05-30,AB,Anti-S estimate,0.009287369,0.003462883,NA,NA,0.026952546
2020-06-06,AB,Anti-S estimate,0.009366616,0.00354305,NA,NA,0.027461474
2020-06-13,AB,Anti-S estimate,0.009431841,0.003556519,NA,NA,0.027234854
2020-06-20,AB,Anti-S estimate,0.009493692,0.00352627,NA,NA,0.027639635
2020-06-27,AB,Anti-S estimate,0.009561519,0.003454659,NA,NA,0.027991156
2020-07-04,AB,Anti-S estimate,0.009643852,0.003473111,NA,NA,0.027988172
2020-07-11,AB,Anti-S estimate,0.009749169,0.003459757,NA,NA,0.028140364
2020-07-18,AB,Anti-S estimate,0.009885014,0.003513704,NA,NA,0.02857942
2020-07-25,AB,Anti-S estimate,0.010053138,0.003631424,NA,NA,0.029041047
2020-08-01,AB,Anti-S estimate,0.010255375,0.003748604,NA,NA,0.029538738
2020-08-08,AB,Anti-S estimate,0.010494976,0.00393793,NA,NA,0.030670646
2020-08-15,AB,Anti-S estimate,0.010776029,0.004129837,NA,NA,0.031360907
2020-08-22,AB,Anti-S estimate,0.011102966,0.004329299,NA,NA,0.032122184
2020-08-29,AB,Anti-S estimate,0.011480137,0.004653846,NA,NA,0.033294903
2020-09-05,AB,Anti-S estimate,0.01191145,0.004890873,NA,NA,0.034009476
2020-09-12,AB,Anti-S estimate,0.012400067,0.00515304,NA,NA,0.035215904
2020-09-19,AB,Anti-S estimate,0.01294817,0.005467643,NA,NA,0.0363262
2020-09-26,AB,Anti-S estimate,0.013556829,0.005770365,NA,NA,0.038099435
2020-10-03,AB,Anti-S estimate,0.014226017,0.006116965,NA,NA,0.039508644
2020-10-10,AB,Anti-S estimate,0.014954879,0.00646238,NA,NA,0.041037415
2020-10-17,AB,Anti-S estimate,0.015742946,0.006923808,NA,NA,0.042306395
2020-10-24,AB,Anti-S estimate,0.016590962,0.007444349,NA,NA,0.043856939
2020-10-31,AB,Anti-S estimate,0.017500379,0.007990501,NA,NA,0.045715387
2020-11-07,AB,Anti-S estimate,0.01847293,0.008549386,NA,NA,0.0472581
2020-11-14,AB,Anti-S estimate,0.019510194,0.009237357,NA,NA,0.049167749
2020-11-21,AB,Anti-S estimate,0.020613123,0.009985633,NA,NA,0.050552931
2020-11-28,AB,Anti-S estimate,0.02178157,0.010731799,NA,NA,0.052815873
2020-12-05,AB,Anti-S estimate,0.023013804,0.01159358,NA,NA,0.05493616
2020-12-12,AB,Anti-S estimate,0.024306084,0.012327027,NA,NA,0.057169044
2020-12-19,AB,Anti-S estimate,0.025652292,0.013158275,NA,NA,0.059429677
2020-12-26,AB,Anti-S estimate,0.027043712,0.013980055,NA,NA,0.061393108
2021-01-02,AB,Anti-S estimate,0.028468994,0.014788216,NA,NA,0.063730413
2021-01-09,AB,Anti-S estimate,0.033402544,0.017718993,NA,NA,0.071981163
2021-01-16,AB,Anti-S estimate,0.039092408,0.021281152,NA,NA,0.079718254
2021-01-23,AB,Anti-S estimate,0.045662957,0.025482316,NA,NA,0.089035107
2021-01-30,AB,Anti-S estimate,0.053264471,0.030458307,NA,NA,0.098902068
2021-02-06,AB,Anti-S estimate,0.062077993,0.036197462,NA,NA,0.110905176
2021-02-13,AB,Anti-S estimate,0.072320448,0.042999007,NA,NA,0.124216554
2021-02-20,AB,Anti-S estimate,0.08424968,0.051167262,NA,NA,0.140083346
2021-02-27,AB,Anti-S estimate,0.098168784,0.061372785,NA,NA,0.157067396
2021-03-06,AB,Anti-S estimate,0.114428716,0.073198647,NA,NA,0.176109597
2021-03-13,AB,Anti-S estimate,0.133427628,0.087616778,NA,NA,0.198519015
2021-03-20,AB,Anti-S estimate,0.155604756,0.105004958,NA,NA,0.223824079
2021-03-27,AB,Anti-S estimate,0.181426081,0.125508198,NA,NA,0.254290877
2021-04-03,AB,Anti-S estimate,0.211358679,0.149477988,NA,NA,0.287177658
2021-04-10,AB,Anti-S estimate,0.245831057,0.177745898,NA,NA,0.326902722
2021-04-17,AB,Anti-S estimate,0.285178448,0.212185552,NA,NA,0.36873424
2021-04-24,AB,Anti-S estimate,0.329575324,0.251097058,NA,NA,0.415921945
2021-05-01,AB,Anti-S estimate,0.378942013,0.296679682,NA,NA,0.466276215
2021-05-08,AB,Anti-S estimate,0.432543236,0.34549167,NA,NA,0.521432969
2021-05-15,AB,Anti-S estimate,0.488981516,0.398194274,NA,NA,0.578096741
2021-05-22,AB,Anti-S estimate,0.546566339,0.454447628,NA,NA,0.632170684
2021-05-29,AB,Anti-S estimate,0.603502946,0.511657252,NA,NA,0.686171611
2021-06-05,AB,Anti-S estimate,0.65807898,0.568995497,NA,NA,0.736504452
2021-06-12,AB,Anti-S estimate,0.708826285,0.620189661,NA,NA,0.781791609
2021-06-19,AB,Anti-S estimate,0.754642357,0.669379227,NA,NA,0.822066255
2021-06-26,AB,Anti-S estimate,0.794859663,0.713089317,NA,NA,0.856097729
2021-07-03,AB,Anti-S estimate,0.829251805,0.75275366,NA,NA,0.88442948
2021-07-10,AB,Anti-S estimate,0.857976285,0.783908583,NA,NA,0.90738845
2021-07-17,AB,Anti-S estimate,0.881471756,0.812239033,NA,NA,0.925255903
2021-07-24,AB,Anti-S estimate,0.900339227,0.836320561,NA,NA,0.939323986
2021-07-31,AB,Anti-S estimate,0.915234643,0.856870576,NA,NA,0.949970503
2021-08-07,AB,Anti-S estimate,0.926788492,0.8721304,NA,NA,0.957804588
2021-08-14,AB,Anti-S estimate,0.935555329,0.883991843,NA,NA,0.963618569
2021-08-21,AB,Anti-S estimate,0.941987634,0.893717052,NA,NA,0.967868246
2021-08-28,AB,Anti-S estimate,0.946470443,0.901008188,NA,NA,0.970595833
2021-09-04,AB,Anti-S estimate,0.949436253,0.905858488,NA,NA,0.972298956
2021-09-11,AB,Anti-S estimate,0.951224193,0.909057394,NA,NA,0.973150143
2021-09-18,AB,Anti-S estimate,0.952076227,0.910834824,NA,NA,0.973620378
2021-09-25,AB,Anti-S estimate,0.952171889,0.911198836,NA,NA,0.973632812
2021-10-02,AB,Anti-S estimate,0.951653159,0.910356731,NA,NA,0.973295727
2021-10-09,AB,Anti-S estimate,0.950642856,0.908997074,NA,NA,0.972527101
2021-10-16,AB,Anti-S estimate,0.949258616,0.907814923,NA,NA,0.971648001
2021-10-23,AB,Anti-S estimate,0.94762351,0.904341093,NA,NA,0.970429242
2021-10-30,AB,Anti-S estimate,0.945873651,0.901614967,NA,NA,0.969402589
2021-11-06,AB,Anti-S estimate,0.944162574,0.899475313,NA,NA,0.968343117
2021-11-13,AB,Anti-S estimate,0.942661861,0.897543319,NA,NA,0.967514977
2021-11-20,AB,Anti-S estimate,0.941557384,0.89702154,NA,NA,0.966879197
2021-11-27,AB,Anti-S estimate,0.941040654,0.896144107,NA,NA,0.966642117
2021-12-04,AB,Anti-S estimate,0.941295184,0.896566547,NA,NA,0.966699845
2021-12-11,AB,Anti-S estimate,0.942478345,0.898606992,NA,NA,0.967713548
2021-12-18,AB,Anti-S estimate,0.944695697,0.902764781,NA,NA,0.969153242
2021-12-25,AB,Anti-S estimate,0.947846454,0.907814368,NA,NA,0.971145403
2022-01-01,AB,Anti-S estimate,0.951628396,0.913165634,NA,NA,0.973565754
2022-01-08,AB,Anti-S estimate,0.955745623,0.919555598,NA,NA,0.97596439
2022-01-15,AB,Anti-S estimate,0.959942289,0.925852544,NA,NA,0.978509945
2022-01-22,AB,Anti-S estimate,0.964015023,0.931850569,NA,NA,0.980897767
2022-01-29,AB,Anti-S estimate,0.967815949,0.937240529,NA,NA,0.983116012
2022-02-05,AB,Anti-S estimate,0.971248511,0.942854582,NA,NA,0.985155573
2022-02-12,AB,Anti-S estimate,0.974258707,0.947759436,NA,NA,0.986816521
2022-02-19,AB,Anti-S estimate,0.976825446,0.952581207,NA,NA,0.988193294
2022-02-26,AB,Anti-S estimate,0.978984827,0.956399011,NA,NA,0.989409143
2022-03-05,AB,Anti-S estimate,0.980812674,0.95980718,NA,NA,0.99036403
2022-03-12,AB,Anti-S estimate,0.982371644,0.962786083,NA,NA,0.991257559
2022-03-19,AB,Anti-S estimate,0.983712054,0.965437449,NA,NA,0.992012531
2022-03-26,AB,Anti-S estimate,0.984874803,0.967718594,NA,NA,0.992652001
2022-04-02,AB,Anti-S estimate,0.985893484,0.969705613,NA,NA,0.993212264
2022-04-09,AB,Anti-S estimate,0.986795898,0.971525236,NA,NA,0.993729382
2022-04-16,AB,Anti-S estimate,0.987605127,0.973002587,NA,NA,0.994206922
2022-04-23,AB,Anti-S estimate,0.988340219,0.974175299,NA,NA,0.994588631
2022-04-30,AB,Anti-S estimate,0.989015349,0.975864164,NA,NA,0.994956404
2022-05-07,AB,Anti-S estimate,0.989640548,0.976983578,NA,NA,0.995310747
2022-05-14,AB,Anti-S estimate,0.990224219,0.978081117,NA,NA,0.995641591
2022-05-21,AB,Anti-S estimate,0.990773647,0.979078348,NA,NA,0.995950597
2022-05-28,AB,Anti-S estimate,0.991295228,0.980035696,NA,NA,0.996237435
2022-06-04,AB,Anti-S estimate,0.991794553,0.981223402,NA,NA,0.996526254
2022-06-11,AB,Anti-S estimate,0.992276413,0.982147937,NA,NA,0.99681551
2022-06-18,AB,Anti-S estimate,0.992744725,0.982931097,NA,NA,0.997108683
2022-06-25,AB,Anti-S estimate,0.993202327,0.983786336,NA,NA,0.997369724
2022-07-02,AB,Anti-S estimate,0.993647939,0.984504995,NA,NA,0.997618139
2022-07-09,AB,Anti-S estimate,0.994076754,0.985399869,NA,NA,0.997825571
2022-07-16,AB,Anti-S estimate,0.99448489,0.986195064,NA,NA,0.998014009
2022-07-23,AB,Anti-S estimate,0.994869651,0.986831804,NA,NA,0.998194429
2022-07-30,AB,Anti-S estimate,0.995229423,0.987652852,NA,NA,0.998366271
2022-08-06,AB,Anti-S estimate,0.995563493,0.988427544,NA,NA,0.998513909
2022-08-13,AB,Anti-S estimate,0.995871841,0.989215037,NA,NA,0.998667241
2022-08-20,AB,Anti-S estimate,0.99615491,0.989929059,NA,NA,0.998809379
2022-08-27,AB,Anti-S estimate,0.99641343,0.990569318,NA,NA,0.998926802
2022-09-03,AB,Anti-S estimate,0.996649277,0.991065585,NA,NA,0.999023109
2022-09-10,AB,Anti-S estimate,0.996865296,0.99145169,NA,NA,0.999112927
2022-09-17,AB,Anti-S estimate,0.997063988,0.991988136,NA,NA,0.999190477
2022-09-24,AB,Anti-S estimate,0.997247563,0.992390218,NA,NA,0.999255653
2022-10-01,AB,Anti-S estimate,0.997418013,0.992806856,NA,NA,0.999316101
2022-10-08,AB,Anti-S estimate,0.997577151,0.993228257,NA,NA,0.99936977
2022-10-15,AB,Anti-S estimate,0.997726601,0.993621146,NA,NA,0.999423727
2022-10-22,AB,Anti-S estimate,0.997867781,0.993945374,NA,NA,0.999471664
2022-10-29,AB,Anti-S estimate,0.99800184,0.994309703,NA,NA,0.999518202
2022-11-05,AB,Anti-S estimate,0.998128817,0.994647772,NA,NA,0.999560297
2022-11-12,AB,Anti-S estimate,0.998247806,0.995005535,NA,NA,0.999595396
2022-11-19,AB,Anti-S estimate,0.998358288,0.995235443,NA,NA,0.999625222
2022-11-26,AB,Anti-S estimate,0.998460082,0.9955061,NA,NA,0.999652112
2022-12-03,AB,Anti-S estimate,0.998553203,0.995698439,NA,NA,0.999676574
2022-12-10,AB,Anti-S estimate,0.998637821,0.995945049,NA,NA,0.99969854
2022-12-17,AB,Anti-S estimate,0.998714209,0.996170324,NA,NA,0.999720631
2022-12-24,AB,Anti-S estimate,0.998782685,0.996378864,NA,NA,0.999739436
2022-12-31,AB,Anti-S estimate,0.998843562,0.996545361,NA,NA,0.999759392
2023-01-07,AB,Anti-S estimate,0.998897319,0.996705812,NA,NA,0.999772001
2023-01-14,AB,Anti-S estimate,0.998944597,0.996804031,NA,NA,0.999780664
2023-01-21,AB,Anti-S estimate,0.998985961,0.996953466,NA,NA,0.999791596
2023-01-28,AB,Anti-S estimate,0.999021922,0.997094069,NA,NA,0.999802035
2023-02-04,AB,Anti-S estimate,0.999052963,0.997191444,NA,NA,0.999809237
2023-02-11,AB,Anti-S estimate,0.999079538,0.99725586,NA,NA,0.999819899
2023-02-18,AB,Anti-S estimate,0.999102078,0.997303513,NA,NA,0.999828961
2023-02-25,AB,Anti-S estimate,0.999120974,0.997341982,NA,NA,0.999836778
2023-03-04,AB,Anti-S estimate,0.999136559,0.997403963,NA,NA,0.999843245
2023-03-11,AB,Anti-S estimate,0.999149069,0.997435649,NA,NA,0.999848817
2023-03-18,AB,Anti-S estimate,0.999158644,0.997457009,NA,NA,0.9998569
2023-03-25,AB,Anti-S estimate,0.999165381,0.997460887,NA,NA,0.99985904
2023-04-01,AB,Anti-S estimate,0.999169366,0.997473007,NA,NA,0.999865578
2023-04-08,AB,Anti-S estimate,0.999170694,0.997484917,NA,NA,0.999868438
2023-04-15,AB,Anti-S estimate,0.999169477,0.997464225,NA,NA,0.999872848
2023-04-22,AB,Anti-S estimate,0.999165846,0.997466562,NA,NA,0.999877476
2023-04-29,AB,Anti-S estimate,0.999159948,0.997422301,NA,NA,0.999879635
2023-05-06,AB,Anti-S estimate,0.999151924,0.997350268,NA,NA,0.999882233
2023-05-13,AB,Anti-S estimate,0.999141962,0.997281453,NA,NA,0.999884419
2023-05-20,AB,Anti-S estimate,0.999130294,0.997190931,NA,NA,0.999887275
2023-05-27,AB,Anti-S estimate,0.999117141,0.997132283,NA,NA,0.999890842
2023-06-03,AB,Anti-S estimate,0.999102735,0.997078386,NA,NA,0.999892934
2023-06-10,AB,Anti-S estimate,0.999087335,0.997006467,NA,NA,0.999897253
2023-06-17,AB,Anti-S estimate,0.99907125,0.996945431,NA,NA,0.99989926
2023-06-24,AB,Anti-S estimate,0.999054842,0.996864667,NA,NA,0.99990187
2023-07-01,AB,Anti-S estimate,0.999038533,0.996743004,NA,NA,0.9999053
2023-07-08,AB,Anti-S estimate,0.99902279,0.996626769,NA,NA,0.999908619
2023-07-15,AB,Anti-S estimate,0.999007855,0.996532451,NA,NA,0.999911845
2023-07-22,AB,Anti-S estimate,0.998993639,0.99638326,NA,NA,0.999914984
2023-07-29,AB,Anti-S estimate,0.99898001,0.996282686,NA,NA,0.999920157
2023-08-05,AB,Anti-S estimate,0.998966807,0.996163381,NA,NA,0.999925103
2023-08-12,AB,Anti-S estimate,0.99895385,0.996014314,NA,NA,0.999928507
2023-08-19,AB,Anti-S estimate,0.998940948,0.995953112,NA,NA,0.999930878
2023-08-26,AB,Anti-S estimate,0.998927895,0.99581196,NA,NA,0.999934094
2023-09-02,AB,Anti-S estimate,0.998914484,0.995660532,NA,NA,0.99993893
2023-09-09,AB,Anti-S estimate,0.998900503,0.995536314,NA,NA,0.999941696
2023-09-16,AB,Anti-S estimate,0.998885742,0.99536844,NA,NA,0.999944593
2023-09-23,AB,Anti-S estimate,0.99886999,0.995151862,NA,NA,0.999948534
2023-09-30,AB,Anti-S estimate,0.998853043,0.994956137,NA,NA,0.999951747
2020-03-07,Atlantic,Anti-N estimate,0.001938012,0.000887752,0.148473583,0.231879417,0.003341091
2020-03-14,Atlantic,Anti-N estimate,0.002235072,0.000999178,0.169177666,0.268703284,0.003894137
2020-03-21,Atlantic,Anti-N estimate,0.0025482,0.001116845,0.191109386,0.306954795,0.004545006
2020-03-28,Atlantic,Anti-N estimate,0.002867775,0.001238674,0.213556269,0.345976052,0.00514212
2020-04-04,Atlantic,Anti-N estimate,0.00318124,0.001376101,0.2370639,0.38320719,0.005724888
2020-04-11,Atlantic,Anti-N estimate,0.003475126,0.001520073,0.260681378,0.418085092,0.006269831
2020-04-18,Atlantic,Anti-N estimate,0.003734376,0.00171003,0.282259562,0.448311657,0.006714719
2020-04-25,Atlantic,Anti-N estimate,0.003950063,0.001875401,0.30242526,0.471028547,0.006952538
2020-05-02,Atlantic,Anti-N estimate,0.004122219,0.00204015,0.319949537,0.487800624,0.007052173
2020-05-09,Atlantic,Anti-N estimate,0.004254401,0.002188198,0.335402362,0.499281876,0.007066757
2020-05-16,Atlantic,Anti-N estimate,0.004352349,0.002365799,0.349822218,0.508107374,0.007062005
2020-05-23,Atlantic,Anti-N estimate,0.004422966,0.002501588,0.360933356,0.510917127,0.006999231
2020-05-30,Atlantic,Anti-N estimate,0.004473464,0.002633341,0.369017776,0.513390553,0.006922237
2020-06-06,Atlantic,Anti-N estimate,0.004510747,0.002720172,0.373910999,0.516059058,0.006890922
2020-06-13,Atlantic,Anti-N estimate,0.004541047,0.002700576,0.3755474,0.521020762,0.006935606
2020-06-20,Atlantic,Anti-N estimate,0.004569804,0.002668292,0.375516993,0.527734801,0.00712909
2020-06-27,Atlantic,Anti-N estimate,0.004601745,0.002612099,0.376575185,0.53322218,0.007298653
2020-07-04,Atlantic,Anti-N estimate,0.004640561,0.002593451,0.377930101,0.537876086,0.007422532
2020-07-11,Atlantic,Anti-N estimate,0.004691723,0.00258436,0.380373403,0.543646865,0.007564077
2020-07-18,Atlantic,Anti-N estimate,0.004758385,0.002637448,0.386025333,0.551669231,0.007660377
2020-07-25,Atlantic,Anti-N estimate,0.004841051,0.00271591,0.394429841,0.562172759,0.007703717
2020-08-01,Atlantic,Anti-N estimate,0.004940198,0.002832667,0.405503601,0.571144746,0.007784783
2020-08-08,Atlantic,Anti-N estimate,0.00505699,0.0029906,0.418710938,0.582246409,0.007886688
2020-08-15,Atlantic,Anti-N estimate,0.00519293,0.003173616,0.434790748,0.592605967,0.007942648
2020-08-22,Atlantic,Anti-N estimate,0.005349544,0.003367872,0.452166588,0.606562248,0.008022085
2020-08-29,Atlantic,Anti-N estimate,0.005528107,0.003576515,0.469030694,0.623568891,0.00812994
2020-09-05,Atlantic,Anti-N estimate,0.005729394,0.003786462,0.490897711,0.643832255,0.008293749
2020-09-12,Atlantic,Anti-N estimate,0.005953458,0.004015242,0.514789958,0.665755749,0.008471794
2020-09-19,Atlantic,Anti-N estimate,0.006199451,0.004221398,0.538499776,0.691284674,0.008754259
2020-09-26,Atlantic,Anti-N estimate,0.006465512,0.004450308,0.562876236,0.720206724,0.009081906
2020-10-03,Atlantic,Anti-N estimate,0.006748658,0.004665731,0.589002853,0.748420877,0.009464044
2020-10-10,Atlantic,Anti-N estimate,0.007045454,0.004884735,0.617507788,0.780893433,0.00987733
2020-10-17,Atlantic,Anti-N estimate,0.007353264,0.005124388,0.646009618,0.814348801,0.010200461
2020-10-24,Atlantic,Anti-N estimate,0.007671224,0.005421701,0.677514596,0.849511637,0.010486852
2020-10-31,Atlantic,Anti-N estimate,0.007998994,0.005736008,0.709731174,0.881551139,0.010823769
2020-11-07,Atlantic,Anti-N estimate,0.008336491,0.006091073,0.742140106,0.914978016,0.011103974
2020-11-14,Atlantic,Anti-N estimate,0.00868363,0.006449383,0.777881886,0.945965034,0.011461583
2020-11-21,Atlantic,Anti-N estimate,0.00904008,0.006795666,0.815205472,0.979410256,0.01186981
2020-11-28,Atlantic,Anti-N estimate,0.009405018,0.007171486,0.853303384,1.017772815,0.012189763
2020-12-05,Atlantic,Anti-N estimate,0.009776923,0.007524823,0.892577977,1.056846101,0.012583626
2020-12-12,Atlantic,Anti-N estimate,0.0101534,0.007844204,0.925996041,1.097107931,0.012996081
2020-12-19,Atlantic,Anti-N estimate,0.010531082,0.00811832,0.960467029,1.139095863,0.01343002
2020-12-26,Atlantic,Anti-N estimate,0.010905619,0.008399093,0.99441619,1.179087375,0.013904917
2021-01-02,Atlantic,Anti-N estimate,0.011271544,0.008686692,1.027750572,1.219899806,0.014378548
2021-01-09,Atlantic,Anti-N estimate,0.0116248,0.008948316,1.058885754,1.257193048,0.014801061
2021-01-16,Atlantic,Anti-N estimate,0.01196434,0.009181036,1.088667605,1.29226248,0.01525011
2021-01-23,Atlantic,Anti-N estimate,0.012290636,0.009446702,1.120063746,1.325959836,0.01563504
2021-01-30,Atlantic,Anti-N estimate,0.012604846,0.009736057,1.150176232,1.358155156,0.015990109
2021-02-06,Atlantic,Anti-N estimate,0.012908671,0.010056726,1.179804724,1.389120953,0.016334135
2021-02-13,Atlantic,Anti-N estimate,0.013204218,0.010348753,1.211755462,1.419632619,0.016612753
2021-02-20,Atlantic,Anti-N estimate,0.013493865,0.010627364,1.243054399,1.450660367,0.016962155
2021-02-27,Atlantic,Anti-N estimate,0.013780142,0.010985968,1.26841648,1.479491275,0.017272308
2021-03-06,Atlantic,Anti-N estimate,0.014065624,0.011217252,1.297200364,1.507869754,0.017484002
2021-03-13,Atlantic,Anti-N estimate,0.014352855,0.011494817,1.327765015,1.538181585,0.017729752
2021-03-20,Atlantic,Anti-N estimate,0.014644289,0.011723851,1.35376401,1.567874342,0.018014948
2021-03-27,Atlantic,Anti-N estimate,0.01494227,0.011991481,1.379885336,1.601418357,0.01839447
2021-04-03,Atlantic,Anti-N estimate,0.015247568,0.012258687,1.407792836,1.634665111,0.018769187
2021-04-10,Atlantic,Anti-N estimate,0.015565193,0.012466764,1.433963987,1.667278268,0.01912999
2021-04-17,Atlantic,Anti-N estimate,0.01589593,0.012716524,1.465364475,1.702916398,0.019550206
2021-04-24,Atlantic,Anti-N estimate,0.016242068,0.012953187,1.497336876,1.741964696,0.0200225
2021-05-01,Atlantic,Anti-N estimate,0.016605953,0.013315098,1.532160677,1.779901848,0.020447653
2021-05-08,Atlantic,Anti-N estimate,0.01698655,0.013666845,1.571265045,1.81836789,0.020899095
2021-05-15,Atlantic,Anti-N estimate,0.017379793,0.014012885,1.611015606,1.854726374,0.021208983
2021-05-22,Atlantic,Anti-N estimate,0.017781357,0.014401873,1.651151467,1.896887637,0.021639705
2021-05-29,Atlantic,Anti-N estimate,0.018186607,0.014732571,1.690045207,1.936798412,0.022044708
2021-06-05,Atlantic,Anti-N estimate,0.018590465,0.015113967,1.729591111,1.976998479,0.022568042
2021-06-12,Atlantic,Anti-N estimate,0.018987309,0.015547134,1.769301135,2.019314538,0.022988338
2021-06-19,Atlantic,Anti-N estimate,0.019370892,0.015860511,1.80437494,2.06015777,0.023437619
2021-06-26,Atlantic,Anti-N estimate,0.019734298,0.01618205,1.837037192,2.100376764,0.023884322
2021-07-03,Atlantic,Anti-N estimate,0.020067194,0.016483132,1.866475514,2.135669604,0.024314494
2021-07-10,Atlantic,Anti-N estimate,0.02036687,0.016652372,1.889127111,2.172717447,0.0246712
2021-07-17,Atlantic,Anti-N estimate,0.020621881,0.016735731,1.910363842,2.204899895,0.025115326
2021-07-24,Atlantic,Anti-N estimate,0.020823182,0.016795503,1.927133924,2.230818249,0.025459554
2021-07-31,Atlantic,Anti-N estimate,0.020961637,0.016803598,1.936573267,2.249743094,0.025726012
2021-08-07,Atlantic,Anti-N estimate,0.021028329,0.016791425,1.937693823,2.256719987,0.025922312
2021-08-14,Atlantic,Anti-N estimate,0.021014932,0.016740495,1.934362064,2.256005954,0.026045437
2021-08-21,Atlantic,Anti-N estimate,0.020914131,0.01662078,1.92429292,2.247071518,0.026066359
2021-08-28,Atlantic,Anti-N estimate,0.020725765,0.016421068,1.906887599,2.226685572,0.025884603
2021-09-04,Atlantic,Anti-N estimate,0.020473603,0.016222909,1.882445482,2.201134327,0.025539775
2021-09-11,Atlantic,Anti-N estimate,0.020186811,0.016034723,1.853638121,2.170112161,0.025107942
2021-09-18,Atlantic,Anti-N estimate,0.019893326,0.015824346,1.826756968,2.137125846,0.024624079
2021-09-25,Atlantic,Anti-N estimate,0.019619452,0.015674161,1.801997621,2.106986342,0.024200378
2021-10-02,Atlantic,Anti-N estimate,0.019387588,0.015512045,1.784390676,2.079469528,0.023879262
2021-10-09,Atlantic,Anti-N estimate,0.019225736,0.015395084,1.769111315,2.06075947,0.023715759
2021-10-16,Atlantic,Anti-N estimate,0.019154295,0.015350277,1.761514946,2.053134254,0.023696336
2021-10-23,Atlantic,Anti-N estimate,0.019196405,0.015454603,1.767822249,2.058153107,0.023694259
2021-10-30,Atlantic,Anti-N estimate,0.019376884,0.015554729,1.784867841,2.080051965,0.024047688
2021-11-06,Atlantic,Anti-N estimate,0.0197239,0.015808009,1.81814761,2.118622392,0.024532705
2021-11-13,Atlantic,Anti-N estimate,0.020271132,0.01625435,1.86782501,2.177372562,0.025167396
2021-11-20,Atlantic,Anti-N estimate,0.021060605,0.016882524,1.942437162,2.261242808,0.026065765
2021-11-27,Atlantic,Anti-N estimate,0.022146514,0.017796062,2.045335234,2.377815156,0.027334435
2021-12-04,Atlantic,Anti-N estimate,0.02360052,0.019039463,2.179369047,2.533455692,0.029010502
2021-12-11,Atlantic,Anti-N estimate,0.025519225,0.02066682,2.358742142,2.737217856,0.031170979
2021-12-18,Atlantic,Anti-N estimate,0.028033798,0.022934202,2.600796101,2.997386913,0.034004809
2021-12-25,Atlantic,Anti-N estimate,0.03128319,0.025961356,2.911915333,3.332433927,0.037503203
2022-01-01,Atlantic,Anti-N estimate,0.035396816,0.029612759,3.308221451,3.758859659,0.042053134
2022-01-08,Atlantic,Anti-N estimate,0.040518407,0.034341798,3.806901145,4.289538115,0.047547179
2022-01-15,Atlantic,Anti-N estimate,0.046812108,0.039958048,4.41016635,4.93825129,0.054546378
2022-01-22,Atlantic,Anti-N estimate,0.054446327,0.046778101,5.144088645,5.729468748,0.063009646
2022-01-29,Atlantic,Anti-N estimate,0.063580734,0.054728114,6.02384612,6.664772565,0.073487399
2022-02-05,Atlantic,Anti-N estimate,0.074348849,0.064106941,7.060144621,7.78278136,0.085822209
2022-02-12,Atlantic,Anti-N estimate,0.086840215,0.075191711,8.259078138,9.078840514,0.099898919
2022-02-19,Atlantic,Anti-N estimate,0.101087359,0.088247898,9.63148888,10.55123284,0.115530549
2022-02-26,Atlantic,Anti-N estimate,0.117104564,0.102945147,11.20124412,12.19761482,0.132945043
2022-03-05,Atlantic,Anti-N estimate,0.134901982,0.119698833,12.9556947,14.01235368,0.15181819
2022-03-12,Atlantic,Anti-N estimate,0.154414618,0.138299985,14.88158816,15.9835787,0.172069915
2022-03-19,Atlantic,Anti-N estimate,0.17546794,0.158521325,16.95722011,18.12722654,0.193411038
2022-03-26,Atlantic,Anti-N estimate,0.197756235,0.179950607,19.14571475,20.373204,0.216098988
2022-04-02,Atlantic,Anti-N estimate,0.220855218,0.202528081,21.4291614,22.70960002,0.240053125
2022-04-09,Atlantic,Anti-N estimate,0.244176332,0.224738123,23.71441067,25.07936799,0.264830063
2022-04-16,Atlantic,Anti-N estimate,0.267104082,0.246449835,25.97905825,27.41029127,0.28861815
2022-04-23,Atlantic,Anti-N estimate,0.288985578,0.267840444,28.14372059,29.62938717,0.31099812
2022-04-30,Atlantic,Anti-N estimate,0.309418773,0.288405073,30.19173538,31.6965879,0.331499639
2022-05-07,Atlantic,Anti-N estimate,0.328356017,0.307570465,32.08990974,33.58368883,0.350432591
2022-05-14,Atlantic,Anti-N estimate,0.345847365,0.324863461,33.83981755,35.32148031,0.367605567
2022-05-21,Atlantic,Anti-N estimate,0.361999425,0.34076605,35.46887399,36.93745947,0.383495526
2022-05-28,Atlantic,Anti-N estimate,0.376957485,0.355596237,36.92487396,38.45395915,0.398362569
2022-06-04,Atlantic,Anti-N estimate,0.390894154,0.368974672,38.30472368,39.86455457,0.413512541
2022-06-11,Atlantic,Anti-N estimate,0.404002726,0.381283141,39.59614466,41.18986879,0.427320016
2022-06-18,Atlantic,Anti-N estimate,0.416493634,0.393028628,40.80826711,42.46910293,0.440498075
2022-06-25,Atlantic,Anti-N estimate,0.428589869,0.404883909,42.00908432,43.67916601,0.45285168
2022-07-02,Atlantic,Anti-N estimate,0.440390647,0.416899539,43.22114101,44.85924533,0.464133958
2022-07-09,Atlantic,Anti-N estimate,0.452027706,0.42880074,44.39145666,46.0059428,0.474838135
2022-07-16,Atlantic,Anti-N estimate,0.46350508,0.4407124,45.54351929,47.15897877,0.486663252
2022-07-23,Atlantic,Anti-N estimate,0.474869183,0.451954298,46.68380207,48.3002074,0.498870372
2022-07-30,Atlantic,Anti-N estimate,0.486168707,0.462628835,47.77261794,49.43465322,0.510790133
2022-08-06,Atlantic,Anti-N estimate,0.497455294,0.472718029,48.86227764,50.60149707,0.522606305
2022-08-13,Atlantic,Anti-N estimate,0.508784462,0.483070273,49.97685484,51.76762331,0.535579652
2022-08-20,Atlantic,Anti-N estimate,0.520216075,0.493762973,51.09501815,52.92395426,0.547473801
2022-08-27,Atlantic,Anti-N estimate,0.531811459,0.505214299,52.2884719,54.08323479,0.559076819
2022-09-03,Atlantic,Anti-N estimate,0.543560725,0.517780139,53.47503983,55.22906406,0.569815512
2022-09-10,Atlantic,Anti-N estimate,0.55536253,0.530219936,54.68137935,56.37226522,0.580861677
2022-09-17,Atlantic,Anti-N estimate,0.567104722,0.542878843,55.88650788,57.54543127,0.591243549
2022-09-24,Atlantic,Anti-N estimate,0.578672693,0.555019347,57.06311267,58.68533555,0.602091478
2022-10-01,Atlantic,Anti-N estimate,0.589953654,0.565973735,58.18285618,59.81842133,0.613377244
2022-10-08,Atlantic,Anti-N estimate,0.600840804,0.576554643,59.26462833,60.92637676,0.623936673
2022-10-15,Atlantic,Anti-N estimate,0.611236258,0.586753132,60.28142979,61.98461867,0.634742895
2022-10-22,Atlantic,Anti-N estimate,0.621051797,0.596264787,61.24513054,62.99502479,0.644916434
2022-10-29,Atlantic,Anti-N estimate,0.630208976,0.605558028,62.17922815,63.9208643,0.654001675
2022-11-05,Atlantic,Anti-N estimate,0.63870384,0.614629224,63.04608024,64.7597267,0.661876363
2022-11-12,Atlantic,Anti-N estimate,0.646614796,0.623088849,63.87797347,65.51069943,0.668911308
2022-11-19,Atlantic,Anti-N estimate,0.654020619,0.631187478,64.62351951,66.22285866,0.676094931
2022-11-26,Atlantic,Anti-N estimate,0.660998649,0.638477179,65.31849681,66.88606503,0.682823305
2022-12-03,Atlantic,Anti-N estimate,0.667627769,0.645007824,65.97972788,67.56246898,0.689406028
2022-12-10,Atlantic,Anti-N estimate,0.673990327,0.651190067,66.61773939,68.209309,0.69602731
2022-12-17,Atlantic,Anti-N estimate,0.680172568,0.657170742,67.22253566,68.82727129,0.702778941
2022-12-24,Atlantic,Anti-N estimate,0.686263333,0.662959157,67.83103173,69.43747759,0.709249213
2022-12-31,Atlantic,Anti-N estimate,0.692348535,0.66933564,68.45021767,70.02327182,0.715072465
2023-01-07,Atlantic,Anti-N estimate,0.698432892,0.676038354,69.10184116,70.59966605,0.720590624
2023-01-14,Atlantic,Anti-N estimate,0.704425225,0.682235234,69.72840164,71.17517009,0.725726781
2023-01-21,Atlantic,Anti-N estimate,0.710229912,0.689012337,70.32152858,71.74163127,0.730994829
2023-01-28,Atlantic,Anti-N estimate,0.715756328,0.694340732,70.87600668,72.27605537,0.736137831
2023-02-04,Atlantic,Anti-N estimate,0.720921546,0.699120119,71.37771951,72.80737671,0.741261925
2023-02-11,Atlantic,Anti-N estimate,0.725651502,0.703451447,71.83648058,73.3088412,0.746194771
2023-02-18,Atlantic,Anti-N estimate,0.729880357,0.707020189,72.22289004,73.77250515,0.750964832
2023-02-25,Atlantic,Anti-N estimate,0.73354794,0.710277599,72.56081503,74.13260056,0.755336077
2023-03-04,Atlantic,Anti-N estimate,0.736597132,0.713682263,72.89076588,74.43680236,0.758273932
2023-03-11,Atlantic,Anti-N estimate,0.739028029,0.716850497,73.14373663,74.66481195,0.760365804
2023-03-18,Atlantic,Anti-N estimate,0.740907239,0.719462714,73.35921907,74.85151047,0.76173808
2023-03-25,Atlantic,Anti-N estimate,0.742301007,0.720914631,73.51763108,74.96764817,0.762391386
2023-04-01,Atlantic,Anti-N estimate,0.743275399,0.72259785,73.63687747,75.0551387,0.762881544
2023-04-08,Atlantic,Anti-N estimate,0.743899587,0.723096695,73.68263585,75.10031951,0.763444145
2023-04-15,Atlantic,Anti-N estimate,0.74424764,0.723050976,73.712037,75.14109007,0.763949177
2023-04-22,Atlantic,Anti-N estimate,0.744398809,0.723165927,73.72438471,75.19059828,0.765008982
2023-04-29,Atlantic,Anti-N estimate,0.744436329,0.722651081,73.71678149,75.20690611,0.765828543
2023-05-06,Atlantic,Anti-N estimate,0.744443428,0.722038425,73.71250895,75.21551821,0.766051043
2023-05-13,Atlantic,Anti-N estimate,0.744455821,0.722342203,73.70650817,75.20249381,0.765808952
2023-05-20,Atlantic,Anti-N estimate,0.744450105,0.723097981,73.72436985,75.18079601,0.765045475
2023-05-27,Atlantic,Anti-N estimate,0.744396851,0.723496783,73.73205255,75.15467778,0.764603522
2023-06-03,Atlantic,Anti-N estimate,0.744266619,0.723467224,73.74313442,75.11141647,0.764356491
2023-06-10,Atlantic,Anti-N estimate,0.744032006,0.723879426,73.73797585,75.09664931,0.764202305
2023-06-17,Atlantic,Anti-N estimate,0.74366895,0.723463544,73.70629579,75.07223898,0.763555021
2023-06-24,Atlantic,Anti-N estimate,0.74315725,0.722599155,73.62276999,75.03138705,0.763274906
2023-07-01,Atlantic,Anti-N estimate,0.742480309,0.721005362,73.53429503,74.98495583,0.76289546
2023-07-08,Atlantic,Anti-N estimate,0.741624519,0.719990134,73.42082707,74.91172284,0.762015707
2023-07-15,Atlantic,Anti-N estimate,0.740590711,0.719018886,73.30613906,74.81132973,0.761150279
2023-07-22,Atlantic,Anti-N estimate,0.73939421,0.717831522,73.19222913,74.68841516,0.759805403
2023-07-29,Atlantic,Anti-N estimate,0.738048675,0.716583804,73.0768814,74.54527513,0.758283714
2023-08-05,Atlantic,Anti-N estimate,0.736565835,0.715470824,72.9517364,74.38642373,0.756615355
2023-08-12,Atlantic,Anti-N estimate,0.73495618,0.714396963,72.80495153,74.22861199,0.754818212
2023-08-19,Atlantic,Anti-N estimate,0.733229582,0.713262957,72.63123033,74.02885607,0.753095059
2023-08-26,Atlantic,Anti-N estimate,0.731395836,0.71172111,72.46195928,73.82791972,0.750874337
2023-09-02,Atlantic,Anti-N estimate,0.729465134,0.709532412,72.26015623,73.61444801,0.749125326
2023-09-09,Atlantic,Anti-N estimate,0.727448455,0.706822002,72.02132621,73.44389637,0.748267047
2023-09-16,Atlantic,Anti-N estimate,0.725357884,0.703151559,71.78916842,73.29521156,0.747073577
2023-09-23,Atlantic,Anti-N estimate,0.723206839,0.699415201,71.53276861,73.11904466,0.746632192
2023-09-30,Atlantic,Anti-N estimate,0.721010225,0.695032759,71.24249373,72.96133434,0.746479058
2020-03-07,BC,Anti-N estimate,0.002675147,0.001158376,NA,NA,0.004675311
2020-03-14,BC,Anti-N estimate,0.003081522,0.00129987,NA,NA,0.005469869
2020-03-21,BC,Anti-N estimate,0.003508897,0.001449954,NA,NA,0.006250011
2020-03-28,BC,Anti-N estimate,0.00394401,0.001627148,NA,NA,0.007107383
2020-04-04,BC,Anti-N estimate,0.004370133,0.001813122,NA,NA,0.007966627
2020-04-11,BC,Anti-N estimate,0.004768015,0.002004881,NA,NA,0.008691767
2020-04-18,BC,Anti-N estimate,0.005117628,0.00220101,NA,NA,0.00922508
2020-04-25,BC,Anti-N estimate,0.005407121,0.002404906,NA,NA,0.009549533
2020-05-02,BC,Anti-N estimate,0.005637123,0.002663676,NA,NA,0.009698827
2020-05-09,BC,Anti-N estimate,0.005813086,0.0029216,NA,NA,0.009766653
2020-05-16,BC,Anti-N estimate,0.005943414,0.003120724,NA,NA,0.009810793
2020-05-23,BC,Anti-N estimate,0.006038068,0.003284182,NA,NA,0.00980504
2020-05-30,BC,Anti-N estimate,0.006107412,0.00337881,NA,NA,0.009773604
2020-06-06,BC,Anti-N estimate,0.006161391,0.003455509,NA,NA,0.009969107
2020-06-13,BC,Anti-N estimate,0.006209065,0.003417547,NA,NA,0.010160049
2020-06-20,BC,Anti-N estimate,0.006258478,0.003368418,NA,NA,0.010300875
2020-06-27,BC,Anti-N estimate,0.006316799,0.003361056,NA,NA,0.010558742
2020-07-04,BC,Anti-N estimate,0.006390722,0.00333603,NA,NA,0.01082854
2020-07-11,BC,Anti-N estimate,0.006487099,0.003346801,NA,NA,0.01107262
2020-07-18,BC,Anti-N estimate,0.006612053,0.003429817,NA,NA,0.011314854
2020-07-25,BC,Anti-N estimate,0.006766393,0.003531988,NA,NA,0.011424116
2020-08-01,BC,Anti-N estimate,0.006950733,0.003722182,NA,NA,0.011548063
2020-08-08,BC,Anti-N estimate,0.007166732,0.003926198,NA,NA,0.011751079
2020-08-15,BC,Anti-N estimate,0.00741662,0.00415163,NA,NA,0.011875338
2020-08-22,BC,Anti-N estimate,0.007702757,0.00443105,NA,NA,0.01212458
2020-08-29,BC,Anti-N estimate,0.008027216,0.004747344,NA,NA,0.012378748
2020-09-05,BC,Anti-N estimate,0.008391375,0.005104232,NA,NA,0.012679917
2020-09-12,BC,Anti-N estimate,0.008795519,0.005473849,NA,NA,0.013093146
2020-09-19,BC,Anti-N estimate,0.009238485,0.005797883,NA,NA,0.013659744
2020-09-26,BC,Anti-N estimate,0.009717375,0.006157593,NA,NA,0.014263295
2020-10-03,BC,Anti-N estimate,0.010227414,0.006531256,NA,NA,0.014945585
2020-10-10,BC,Anti-N estimate,0.010762261,0.006896745,NA,NA,0.015755088
2020-10-17,BC,Anti-N estimate,0.011318181,0.00731983,NA,NA,0.01647035
2020-10-24,BC,Anti-N estimate,0.011895044,0.00777652,NA,NA,0.017308647
2020-10-31,BC,Anti-N estimate,0.012493738,0.008269083,NA,NA,0.017901712
2020-11-07,BC,Anti-N estimate,0.013115813,0.008937452,NA,NA,0.018524643
2020-11-14,BC,Anti-N estimate,0.013763181,0.009597842,NA,NA,0.019175614
2020-11-21,BC,Anti-N estimate,0.014437795,0.010196245,NA,NA,0.019987059
2020-11-28,BC,Anti-N estimate,0.015141343,0.010807313,NA,NA,0.020592662
2020-12-05,BC,Anti-N estimate,0.01587495,0.011441379,NA,NA,0.021351567
2020-12-12,BC,Anti-N estimate,0.016638935,0.012067673,NA,NA,0.02221153
2020-12-19,BC,Anti-N estimate,0.017432628,0.012585797,NA,NA,0.02326996
2020-12-26,BC,Anti-N estimate,0.018254289,0.013216603,NA,NA,0.024303718
2021-01-02,BC,Anti-N estimate,0.019101174,0.013873383,NA,NA,0.025380231
2021-01-09,BC,Anti-N estimate,0.019970617,0.014524605,NA,NA,0.026504042
2021-01-16,BC,Anti-N estimate,0.020862243,0.015218985,NA,NA,0.027595397
2021-01-23,BC,Anti-N estimate,0.021776837,0.015989672,NA,NA,0.028663835
2021-01-30,BC,Anti-N estimate,0.022715955,0.016894993,NA,NA,0.029704177
2021-02-06,BC,Anti-N estimate,0.023681808,0.017802812,NA,NA,0.030706558
2021-02-13,BC,Anti-N estimate,0.024677144,0.018760709,NA,NA,0.031713371
2021-02-20,BC,Anti-N estimate,0.025705105,0.019748892,NA,NA,0.032666604
2021-02-27,BC,Anti-N estimate,0.026769104,0.020807361,NA,NA,0.033698719
2021-03-06,BC,Anti-N estimate,0.027872692,0.021836186,NA,NA,0.034847069
2021-03-13,BC,Anti-N estimate,0.029019447,0.022918841,NA,NA,0.036011775
2021-03-20,BC,Anti-N estimate,0.030212881,0.024076884,NA,NA,0.037377568
2021-03-27,BC,Anti-N estimate,0.031456369,0.025134887,NA,NA,0.038898008
2021-04-03,BC,Anti-N estimate,0.032753127,0.026203593,NA,NA,0.040429225
2021-04-10,BC,Anti-N estimate,0.034106222,0.027191946,NA,NA,0.042102928
2021-04-17,BC,Anti-N estimate,0.035518656,0.028262359,NA,NA,0.043846795
2021-04-24,BC,Anti-N estimate,0.036993506,0.029412979,NA,NA,0.045615178
2021-05-01,BC,Anti-N estimate,0.038533676,0.030662803,NA,NA,0.047423772
2021-05-08,BC,Anti-N estimate,0.040134008,0.031992429,NA,NA,0.049340185
2021-05-15,BC,Anti-N estimate,0.041781358,0.033550265,NA,NA,0.051168692
2021-05-22,BC,Anti-N estimate,0.043460489,0.035062416,NA,NA,0.05301839
2021-05-29,BC,Anti-N estimate,0.045153987,0.036607479,NA,NA,0.05462235
2021-06-05,BC,Anti-N estimate,0.046842044,0.038200077,NA,NA,0.056655407
2021-06-12,BC,Anti-N estimate,0.048502306,0.039746559,NA,NA,0.058413948
2021-06-19,BC,Anti-N estimate,0.050109827,0.040999846,NA,NA,0.060151186
2021-06-26,BC,Anti-N estimate,0.051637149,0.042289306,NA,NA,0.061954714
2021-07-03,BC,Anti-N estimate,0.053054524,0.043342054,NA,NA,0.063822596
2021-07-10,BC,Anti-N estimate,0.05433031,0.04408599,NA,NA,0.065842554
2021-07-17,BC,Anti-N estimate,0.055431548,0.044909631,NA,NA,0.06735828
2021-07-24,BC,Anti-N estimate,0.056324737,0.045426933,NA,NA,0.068762659
2021-07-31,BC,Anti-N estimate,0.056976791,0.045598102,NA,NA,0.069988363
2021-08-07,BC,Anti-N estimate,0.057356187,0.045717249,NA,NA,0.070851811
2021-08-14,BC,Anti-N estimate,0.057434255,0.04569142,NA,NA,0.071206557
2021-08-21,BC,Anti-N estimate,0.057186581,0.045301517,NA,NA,0.07111146
2021-08-28,BC,Anti-N estimate,0.056613705,0.044899449,NA,NA,0.07058155
2021-09-04,BC,Anti-N estimate,0.055797905,0.044270779,NA,NA,0.069310108
2021-09-11,BC,Anti-N estimate,0.054840169,0.043535794,NA,NA,0.068139103
2021-09-18,BC,Anti-N estimate,0.053837331,0.042848557,NA,NA,0.066694788
2021-09-25,BC,Anti-N estimate,0.052880313,0.042113403,NA,NA,0.065294369
2021-10-02,BC,Anti-N estimate,0.052053919,0.041445253,NA,NA,0.064094686
2021-10-09,BC,Anti-N estimate,0.051438002,0.041034807,NA,NA,0.063269691
2021-10-16,BC,Anti-N estimate,0.051109913,0.040835068,NA,NA,0.062938586
2021-10-23,BC,Anti-N estimate,0.051148137,0.040772282,NA,NA,0.063153011
2021-10-30,BC,Anti-N estimate,0.05163718,0.041185071,NA,NA,0.06370352
2021-11-06,BC,Anti-N estimate,0.052673888,0.041973565,NA,NA,0.065005894
2021-11-13,BC,Anti-N estimate,0.054375625,0.043296247,NA,NA,0.067256713
2021-11-20,BC,Anti-N estimate,0.056891007,0.045369151,NA,NA,0.070061971
2021-11-27,BC,Anti-N estimate,0.060414249,0.048358359,NA,NA,0.074029834
2021-12-04,BC,Anti-N estimate,0.065204669,0.052599458,NA,NA,0.079436001
2021-12-11,BC,Anti-N estimate,0.071613484,0.058261126,NA,NA,0.086247277
2021-12-18,BC,Anti-N estimate,0.080114353,0.065892085,NA,NA,0.095435441
2021-12-25,BC,Anti-N estimate,0.091124265,0.076321566,NA,NA,0.107032358
2022-01-01,BC,Anti-N estimate,0.104853785,0.089503994,NA,NA,0.121507856
2022-01-08,BC,Anti-N estimate,0.12142694,0.105391454,NA,NA,0.138560951
2022-01-15,BC,Anti-N estimate,0.140813542,0.124141448,NA,NA,0.158144252
2022-01-22,BC,Anti-N estimate,0.162746101,0.14507402,NA,NA,0.180918698
2022-01-29,BC,Anti-N estimate,0.186652799,0.167746189,NA,NA,0.206294288
2022-02-05,BC,Anti-N estimate,0.211627662,0.191213944,NA,NA,0.232938786
2022-02-12,BC,Anti-N estimate,0.236452855,0.214147008,NA,NA,0.2592226
2022-02-19,BC,Anti-N estimate,0.259691118,0.236579924,NA,NA,0.283446822
2022-02-26,BC,Anti-N estimate,0.280405671,0.257340736,NA,NA,0.304618544
2022-03-05,BC,Anti-N estimate,0.298510941,0.276034879,NA,NA,0.321849869
2022-03-12,BC,Anti-N estimate,0.314147538,0.291658154,NA,NA,0.336894512
2022-03-19,BC,Anti-N estimate,0.32759519,0.305481492,NA,NA,0.350561018
2022-03-26,BC,Anti-N estimate,0.339233717,0.316086091,NA,NA,0.362340819
2022-04-02,BC,Anti-N estimate,0.349513148,0.32573855,NA,NA,0.37387033
2022-04-09,BC,Anti-N estimate,0.358932483,0.334346326,NA,NA,0.3840165
2022-04-16,BC,Anti-N estimate,0.368025848,0.342538124,NA,NA,0.394380805
2022-04-23,BC,Anti-N estimate,0.377344789,0.351521254,NA,NA,0.404219296
2022-04-30,BC,Anti-N estimate,0.387135243,0.362212459,NA,NA,0.412891328
2022-05-07,BC,Anti-N estimate,0.397252141,0.372522686,NA,NA,0.422029878
2022-05-14,BC,Anti-N estimate,0.407519678,0.382883375,NA,NA,0.43166653
2022-05-21,BC,Anti-N estimate,0.417754667,0.393764203,NA,NA,0.441121691
2022-05-28,BC,Anti-N estimate,0.427767777,0.403581458,NA,NA,0.451839234
2022-06-04,BC,Anti-N estimate,0.437365455,0.412558097,NA,NA,0.462525831
2022-06-11,BC,Anti-N estimate,0.446352117,0.420470831,NA,NA,0.471889615
2022-06-18,BC,Anti-N estimate,0.454532191,0.427738889,NA,NA,0.481212209
2022-06-25,BC,Anti-N estimate,0.46171883,0.435206348,NA,NA,0.48858078
2022-07-02,BC,Anti-N estimate,0.467964406,0.441515936,NA,NA,0.494158017
2022-07-09,BC,Anti-N estimate,0.473610275,0.447907,NA,NA,0.498543534
2022-07-16,BC,Anti-N estimate,0.479017728,0.454542402,NA,NA,0.50365556
2022-07-23,BC,Anti-N estimate,0.48454961,0.460194953,NA,NA,0.509710355
2022-07-30,BC,Anti-N estimate,0.49056949,0.465777427,NA,NA,0.51642957
2022-08-06,BC,Anti-N estimate,0.497441057,0.471946266,NA,NA,0.523986248
2022-08-13,BC,Anti-N estimate,0.505527288,0.479016881,NA,NA,0.533031267
2022-08-20,BC,Anti-N estimate,0.5151888,0.4875201,NA,NA,0.543146574
2022-08-27,BC,Anti-N estimate,0.526769369,0.498879754,NA,NA,0.554616779
2022-09-03,BC,Anti-N estimate,0.540237497,0.513042102,NA,NA,0.567084702
2022-09-10,BC,Anti-N estimate,0.555110581,0.528157637,NA,NA,0.580930495
2022-09-17,BC,Anti-N estimate,0.570872042,0.544659311,NA,NA,0.596136399
2022-09-24,BC,Anti-N estimate,0.5870056,0.560423627,NA,NA,0.612022987
2022-10-01,BC,Anti-N estimate,0.603006041,0.575295202,NA,NA,0.629040774
2022-10-08,BC,Anti-N estimate,0.618390174,0.58915197,NA,NA,0.646075077
2022-10-15,BC,Anti-N estimate,0.632705295,0.602766047,NA,NA,0.661260085
2022-10-22,BC,Anti-N estimate,0.645532896,0.615141134,NA,NA,0.674704883
2022-10-29,BC,Anti-N estimate,0.656494941,0.626391373,NA,NA,0.685673639
2022-11-05,BC,Anti-N estimate,0.66552165,0.636033947,NA,NA,0.694219966
2022-11-12,BC,Anti-N estimate,0.672883241,0.644272206,NA,NA,0.700878695
2022-11-19,BC,Anti-N estimate,0.678853473,0.650657362,NA,NA,0.70667278
2022-11-26,BC,Anti-N estimate,0.683692734,0.656241813,NA,NA,0.711006561
2022-12-03,BC,Anti-N estimate,0.687652018,0.659873143,NA,NA,0.715325728
2022-12-10,BC,Anti-N estimate,0.690976046,0.662960362,NA,NA,0.719728183
2022-12-17,BC,Anti-N estimate,0.693905173,0.665054915,NA,NA,0.722989737
2022-12-24,BC,Anti-N estimate,0.696675907,0.667011881,NA,NA,0.726579733
2022-12-31,BC,Anti-N estimate,0.69951662,0.67008315,NA,NA,0.728909573
2023-01-07,BC,Anti-N estimate,0.702540137,0.674094483,NA,NA,0.730917657
2023-01-14,BC,Anti-N estimate,0.705723833,0.678692577,NA,NA,0.732937012
2023-01-21,BC,Anti-N estimate,0.70903697,0.6829915,NA,NA,0.735479975
2023-01-28,BC,Anti-N estimate,0.712450684,0.686888082,NA,NA,0.737468044
2023-02-04,BC,Anti-N estimate,0.715939419,0.69005295,NA,NA,0.741535599
2023-02-11,BC,Anti-N estimate,0.719481605,0.692411033,NA,NA,0.746413719
2023-02-18,BC,Anti-N estimate,0.723059499,0.694850907,NA,NA,0.750512551
2023-02-25,BC,Anti-N estimate,0.726658119,0.698067856,NA,NA,0.754899524
2023-03-04,BC,Anti-N estimate,0.730262464,0.701427637,NA,NA,0.75815492
2023-03-11,BC,Anti-N estimate,0.733830547,0.705760957,NA,NA,0.760996499
2023-03-18,BC,Anti-N estimate,0.73728838,0.710381035,NA,NA,0.763122586
2023-03-25,BC,Anti-N estimate,0.740561177,0.714829268,NA,NA,0.765694355
2023-04-01,BC,Anti-N estimate,0.743577305,0.718508958,NA,NA,0.767953847
2023-04-08,BC,Anti-N estimate,0.746269606,0.720960209,NA,NA,0.769850314
2023-04-15,BC,Anti-N estimate,0.748575811,0.722896163,NA,NA,0.772663321
2023-04-22,BC,Anti-N estimate,0.750437994,0.723718543,NA,NA,0.775941427
2023-04-29,BC,Anti-N estimate,0.751801032,0.724791794,NA,NA,0.777811618
2023-05-06,BC,Anti-N estimate,0.752612484,0.725329425,NA,NA,0.778654773
2023-05-13,BC,Anti-N estimate,0.752896051,0.725989331,NA,NA,0.778284541
2023-05-20,BC,Anti-N estimate,0.752765671,0.726506563,NA,NA,0.777523526
2023-05-27,BC,Anti-N estimate,0.752337765,0.727069903,NA,NA,0.776074921
2023-06-03,BC,Anti-N estimate,0.751728392,0.726913361,NA,NA,0.774556791
2023-06-10,BC,Anti-N estimate,0.751055273,0.727296212,NA,NA,0.772945899
2023-06-17,BC,Anti-N estimate,0.750438939,0.727030014,NA,NA,0.772603813
2023-06-24,BC,Anti-N estimate,0.750003029,0.726502635,NA,NA,0.772777965
2023-07-01,BC,Anti-N estimate,0.749873741,0.725685404,NA,NA,0.772607882
2023-07-08,BC,Anti-N estimate,0.750176292,0.725781979,NA,NA,0.773796632
2023-07-15,BC,Anti-N estimate,0.750963163,0.726316632,NA,NA,0.774518228
2023-07-22,BC,Anti-N estimate,0.752197529,0.727482594,NA,NA,0.775874767
2023-07-29,BC,Anti-N estimate,0.753834794,0.729279779,NA,NA,0.777153459
2023-08-05,BC,Anti-N estimate,0.755828544,0.731773476,NA,NA,0.778654147
2023-08-12,BC,Anti-N estimate,0.758131272,0.734837358,NA,NA,0.780055113
2023-08-19,BC,Anti-N estimate,0.760695041,0.738301931,NA,NA,0.782141789
2023-08-26,BC,Anti-N estimate,0.763472072,0.74166389,NA,NA,0.784560153
2023-09-02,BC,Anti-N estimate,0.766415286,0.744406402,NA,NA,0.787083641
2023-09-09,BC,Anti-N estimate,0.769478763,0.746685999,NA,NA,0.790613919
2023-09-16,BC,Anti-N estimate,0.77261815,0.748717476,NA,NA,0.79503254
2023-09-23,BC,Anti-N estimate,0.775790979,0.75018115,NA,NA,0.799830225
2023-09-30,BC,Anti-N estimate,0.778956913,0.750879909,NA,NA,0.804521788
2020-03-07,BC,Anti-S estimate,0.003276885,0.000953865,NA,NA,0.010412691
2020-03-14,BC,Anti-S estimate,0.003748704,0.001063694,NA,NA,0.011785634
2020-03-21,BC,Anti-S estimate,0.004240066,0.001188252,NA,NA,0.013455365
2020-03-28,BC,Anti-S estimate,0.004735881,0.001338247,NA,NA,0.015036198
2020-04-04,BC,Anti-S estimate,0.005217715,0.001469885,NA,NA,0.01625807
2020-04-11,BC,Anti-S estimate,0.005664832,0.001615667,NA,NA,0.017472525
2020-04-18,BC,Anti-S estimate,0.006056,0.001803865,NA,NA,0.018551605
2020-04-25,BC,Anti-S estimate,0.006379106,0.001984933,NA,NA,0.019398786
2020-05-02,BC,Anti-S estimate,0.006635554,0.002169328,NA,NA,0.01987164
2020-05-09,BC,Anti-S estimate,0.006831725,0.002322852,NA,NA,0.020483102
2020-05-16,BC,Anti-S estimate,0.006976996,0.002453982,NA,NA,0.020668093
2020-05-23,BC,Anti-S estimate,0.007082333,0.002569788,NA,NA,0.020474399
2020-05-30,BC,Anti-S estimate,0.007159117,0.002641204,NA,NA,0.020433184
2020-06-06,BC,Anti-S estimate,0.007218317,0.002671659,NA,NA,0.020505061
2020-06-13,BC,Anti-S estimate,0.007270018,0.002604019,NA,NA,0.021106111
2020-06-20,BC,Anti-S estimate,0.007323281,0.002580724,NA,NA,0.021694949
2020-06-27,BC,Anti-S estimate,0.007386294,0.002563814,NA,NA,0.022024078
2020-07-04,BC,Anti-S estimate,0.007466779,0.002579748,NA,NA,0.021990275
2020-07-11,BC,Anti-S estimate,0.007572643,0.002635592,NA,NA,0.022454986
2020-07-18,BC,Anti-S estimate,0.007710865,0.002705185,NA,NA,0.022873366
2020-07-25,BC,Anti-S estimate,0.007882188,0.002785562,NA,NA,0.022918642
2020-08-01,BC,Anti-S estimate,0.00808692,0.002871174,NA,NA,0.023659051
2020-08-08,BC,Anti-S estimate,0.008326399,0.003030666,NA,NA,0.02416018
2020-08-15,BC,Anti-S estimate,0.008602494,0.003206596,NA,NA,0.02482925
2020-08-22,BC,Anti-S estimate,0.00891715,0.003385581,NA,NA,0.026096826
2020-08-29,BC,Anti-S estimate,0.009271965,0.003626686,NA,NA,0.027278094
2020-09-05,BC,Anti-S estimate,0.009667777,0.003891154,NA,NA,0.027666273
2020-09-12,BC,Anti-S estimate,0.010104282,0.004128544,NA,NA,0.028160189
2020-09-19,BC,Anti-S estimate,0.010579695,0.004297001,NA,NA,0.029232411
2020-09-26,BC,Anti-S estimate,0.011090502,0.004541695,NA,NA,0.03087553
2020-10-03,BC,Anti-S estimate,0.011631362,0.004836849,NA,NA,0.031754434
2020-10-10,BC,Anti-S estimate,0.012195458,0.005092509,NA,NA,0.032841065
2020-10-17,BC,Anti-S estimate,0.012778836,0.005379984,NA,NA,0.033951406
2020-10-24,BC,Anti-S estimate,0.013381292,0.005766323,NA,NA,0.035056434
2020-10-31,BC,Anti-S estimate,0.014003593,0.006090189,NA,NA,0.036196029
2020-11-07,BC,Anti-S estimate,0.014647115,0.006456699,NA,NA,0.03758366
2020-11-14,BC,Anti-S estimate,0.01531355,0.006880951,NA,NA,0.0390978
2020-11-21,BC,Anti-S estimate,0.016004603,0.007303383,NA,NA,0.040311376
2020-11-28,BC,Anti-S estimate,0.01672171,0.007836924,NA,NA,0.041619422
2020-12-05,BC,Anti-S estimate,0.017465778,0.008256329,NA,NA,0.043473662
2020-12-12,BC,Anti-S estimate,0.01823697,0.008759414,NA,NA,0.044978934
2020-12-19,BC,Anti-S estimate,0.019034567,0.009213786,NA,NA,0.046386755
2020-12-26,BC,Anti-S estimate,0.019856913,0.009617598,NA,NA,0.047748632
2021-01-02,BC,Anti-S estimate,0.0207015,0.010129886,NA,NA,0.048959184
2021-01-09,BC,Anti-S estimate,0.023998444,0.012019904,NA,NA,0.055148467
2021-01-16,BC,Anti-S estimate,0.027796132,0.014290862,NA,NA,0.061822787
2021-01-23,BC,Anti-S estimate,0.03219243,0.016778578,NA,NA,0.069039082
2021-01-30,BC,Anti-S estimate,0.037310359,0.019931969,NA,NA,0.076525205
2021-02-06,BC,Anti-S estimate,0.043304359,0.023638425,NA,NA,0.084898545
2021-02-13,BC,Anti-S estimate,0.050367938,0.028320054,NA,NA,0.094882735
2021-02-20,BC,Anti-S estimate,0.058742868,0.033907858,NA,NA,0.106705687
2021-02-27,BC,Anti-S estimate,0.06872993,0.040670806,NA,NA,0.120984607
2021-03-06,BC,Anti-S estimate,0.08070089,0.049073737,NA,NA,0.135597624
2021-03-13,BC,Anti-S estimate,0.095110726,0.0590103,NA,NA,0.153603524
2021-03-20,BC,Anti-S estimate,0.112508046,0.07152878,NA,NA,0.175060332
2021-03-27,BC,Anti-S estimate,0.133539881,0.08763488,NA,NA,0.200458602
2021-04-03,BC,Anti-S estimate,0.158944626,0.107424225,NA,NA,0.229579691
2021-04-10,BC,Anti-S estimate,0.189524119,0.131769759,NA,NA,0.264425484
2021-04-17,BC,Anti-S estimate,0.226083779,0.162011992,NA,NA,0.304696572
2021-04-24,BC,Anti-S estimate,0.269330737,0.198479135,NA,NA,0.350940011
2021-05-01,BC,Anti-S estimate,0.319703558,0.241614438,NA,NA,0.404476134
2021-05-08,BC,Anti-S estimate,0.376784975,0.293692057,NA,NA,0.46373013
2021-05-15,BC,Anti-S estimate,0.439123794,0.352692299,NA,NA,0.526592187
2021-05-22,BC,Anti-S estimate,0.504600145,0.415548666,NA,NA,0.589280847
2021-05-29,BC,Anti-S estimate,0.57070389,0.480836538,NA,NA,0.652769105
2021-06-05,BC,Anti-S estimate,0.634876157,0.545697476,NA,NA,0.713044968
2021-06-12,BC,Anti-S estimate,0.694827582,0.608129629,NA,NA,0.765671433
2021-06-19,BC,Anti-S estimate,0.748784518,0.667512026,NA,NA,0.814836303
2021-06-26,BC,Anti-S estimate,0.795643501,0.719515015,NA,NA,0.854448955
2021-07-03,BC,Anti-S estimate,0.835011828,0.764244824,NA,NA,0.886765469
2021-07-10,BC,Anti-S estimate,0.867123559,0.801713502,NA,NA,0.912227093
2021-07-17,BC,Anti-S estimate,0.892660494,0.8333386,NA,NA,0.93147938
2021-07-24,BC,Anti-S estimate,0.912540722,0.85814961,NA,NA,0.946208572
2021-07-31,BC,Anti-S estimate,0.927734521,0.878298354,NA,NA,0.956824729
2021-08-07,BC,Anti-S estimate,0.939138356,0.892540507,NA,NA,0.964529805
2021-08-14,BC,Anti-S estimate,0.947507646,0.903925546,NA,NA,0.970073746
2021-08-21,BC,Anti-S estimate,0.953432404,0.913553386,NA,NA,0.973777097
2021-08-28,BC,Anti-S estimate,0.95738209,0.920274867,NA,NA,0.976068947
2021-09-04,BC,Anti-S estimate,0.959831169,0.923798781,NA,NA,0.977507048
2021-09-11,BC,Anti-S estimate,0.961128858,0.925693628,NA,NA,0.978200115
2021-09-18,BC,Anti-S estimate,0.961509338,0.926715493,NA,NA,0.978445546
2021-09-25,BC,Anti-S estimate,0.961135315,0.926008376,NA,NA,0.978242547
2021-10-02,BC,Anti-S estimate,0.960128156,0.924458429,NA,NA,0.977563572
2021-10-09,BC,Anti-S estimate,0.958589996,0.922010002,NA,NA,0.976606999
2021-10-16,BC,Anti-S estimate,0.956620959,0.918974725,NA,NA,0.975296683
2021-10-23,BC,Anti-S estimate,0.954333021,0.916129057,NA,NA,0.974028315
2021-10-30,BC,Anti-S estimate,0.951860862,0.911977713,NA,NA,0.972388777
2021-11-06,BC,Anti-S estimate,0.949369126,0.909112295,NA,NA,0.970774779
2021-11-13,BC,Anti-S estimate,0.947054892,0.905886315,NA,NA,0.969368869
2021-11-20,BC,Anti-S estimate,0.945143945,0.901732753,NA,NA,0.968316627
2021-11-27,BC,Anti-S estimate,0.943879574,0.90056686,NA,NA,0.967657387
2021-12-04,BC,Anti-S estimate,0.943503336,0.900102214,NA,NA,0.96764388
2021-12-11,BC,Anti-S estimate,0.944228312,0.901560072,NA,NA,0.968284574
2021-12-18,BC,Anti-S estimate,0.946201301,0.90436789,NA,NA,0.969421282
2021-12-25,BC,Anti-S estimate,0.949299511,0.909263155,NA,NA,0.971412324
2022-01-01,BC,Anti-S estimate,0.953136599,0.914724448,NA,NA,0.973828948
2022-01-08,BC,Anti-S estimate,0.957336093,0.92085831,NA,NA,0.976514219
2022-01-15,BC,Anti-S estimate,0.961579689,0.92752903,NA,NA,0.979162217
2022-01-22,BC,Anti-S estimate,0.965623677,0.934143126,NA,NA,0.981726823
2022-01-29,BC,Anti-S estimate,0.969299994,0.940414397,NA,NA,0.983859465
2022-02-05,BC,Anti-S estimate,0.97250642,0.945791775,NA,NA,0.985706588
2022-02-12,BC,Anti-S estimate,0.975190745,0.95050212,NA,NA,0.987171563
2022-02-19,BC,Anti-S estimate,0.977334969,0.954790227,NA,NA,0.988421862
2022-02-26,BC,Anti-S estimate,0.978999168,0.956872975,NA,NA,0.989402208
2022-03-05,BC,Anti-S estimate,0.980301328,0.959270153,NA,NA,0.990048619
2022-03-12,BC,Anti-S estimate,0.981335201,0.961289355,NA,NA,0.990606653
2022-03-19,BC,Anti-S estimate,0.982174627,0.962743583,NA,NA,0.991093275
2022-03-26,BC,Anti-S estimate,0.982880005,0.963492981,NA,NA,0.991491273
2022-04-02,BC,Anti-S estimate,0.983502505,0.964845392,NA,NA,0.991913394
2022-04-09,BC,Anti-S estimate,0.984086592,0.966120114,NA,NA,0.992334666
2022-04-16,BC,Anti-S estimate,0.984671256,0.967300245,NA,NA,0.992708111
2022-04-23,BC,Anti-S estimate,0.985289526,0.968613275,NA,NA,0.993116928
2022-04-30,BC,Anti-S estimate,0.985948448,0.97004626,NA,NA,0.993521817
2022-05-07,BC,Anti-S estimate,0.986629197,0.971322459,NA,NA,0.993899392
2022-05-14,BC,Anti-S estimate,0.987313742,0.972318564,NA,NA,0.99432093
2022-05-21,BC,Anti-S estimate,0.987986813,0.973525517,NA,NA,0.994758935
2022-05-28,BC,Anti-S estimate,0.988635993,0.974935177,NA,NA,0.995125385
2022-06-04,BC,Anti-S estimate,0.989251555,0.976013167,NA,NA,0.995507433
2022-06-11,BC,Anti-S estimate,0.989826136,0.977126681,NA,NA,0.995828318
2022-06-18,BC,Anti-S estimate,0.990354294,0.977942654,NA,NA,0.996151933
2022-06-25,BC,Anti-S estimate,0.990832283,0.978827401,NA,NA,0.996416164
2022-07-02,BC,Anti-S estimate,0.99126568,0.979671839,NA,NA,0.996679477
2022-07-09,BC,Anti-S estimate,0.991668943,0.980412028,NA,NA,0.996918278
2022-07-16,BC,Anti-S estimate,0.992054843,0.981025872,NA,NA,0.997131255
2022-07-23,BC,Anti-S estimate,0.992434219,0.981654718,NA,NA,0.997329757
2022-07-30,BC,Anti-S estimate,0.992816157,0.982271729,NA,NA,0.997558271
2022-08-06,BC,Anti-S estimate,0.993207987,0.982958961,NA,NA,0.997758597
2022-08-13,BC,Anti-S estimate,0.993615134,0.983752973,NA,NA,0.997945955
2022-08-20,BC,Anti-S estimate,0.994040908,0.984735345,NA,NA,0.998136447
2022-08-27,BC,Anti-S estimate,0.994486013,0.985758078,NA,NA,0.998316451
2022-09-03,BC,Anti-S estimate,0.994940877,0.98675506,NA,NA,0.998489367
2022-09-10,BC,Anti-S estimate,0.995387861,0.987837397,NA,NA,0.99866369
2022-09-17,BC,Anti-S estimate,0.995813072,0.988798411,NA,NA,0.998812812
2022-09-24,BC,Anti-S estimate,0.996206845,0.989634772,NA,NA,0.998955123
2022-10-01,BC,Anti-S estimate,0.996563187,0.990499455,NA,NA,0.999076248
2022-10-08,BC,Anti-S estimate,0.996879035,0.991339393,NA,NA,0.999181667
2022-10-15,BC,Anti-S estimate,0.997153455,0.992007383,NA,NA,0.999271469
2022-10-22,BC,Anti-S estimate,0.99738689,0.992630907,NA,NA,0.999344595
2022-10-29,BC,Anti-S estimate,0.997580587,0.993164227,NA,NA,0.999408941
2022-11-05,BC,Anti-S estimate,0.997738926,0.993609286,NA,NA,0.999459345
2022-11-12,BC,Anti-S estimate,0.997868799,0.993831053,NA,NA,0.999498809
2022-11-19,BC,Anti-S estimate,0.997976019,0.994107774,NA,NA,0.999535888
2022-11-26,BC,Anti-S estimate,0.998065388,0.994368964,NA,NA,0.999553929
2022-12-03,BC,Anti-S estimate,0.9981409,0.99453371,NA,NA,0.999575889
2022-12-10,BC,Anti-S estimate,0.998205963,0.99462054,NA,NA,0.999602052
2022-12-17,BC,Anti-S estimate,0.998263549,0.994834987,NA,NA,0.999624122
2022-12-24,BC,Anti-S estimate,0.998316278,0.995065777,NA,NA,0.99963812
2022-12-31,BC,Anti-S estimate,0.998366421,0.995248864,NA,NA,0.999649631
2023-01-07,BC,Anti-S estimate,0.998415015,0.995317766,NA,NA,0.99967061
2023-01-14,BC,Anti-S estimate,0.998461851,0.995502087,NA,NA,0.999681392
2023-01-21,BC,Anti-S estimate,0.998506676,0.995573712,NA,NA,0.999698881
2023-01-28,BC,Anti-S estimate,0.998549305,0.995714458,NA,NA,0.999710357
2023-02-04,BC,Anti-S estimate,0.998589633,0.99581787,NA,NA,0.999725531
2023-02-11,BC,Anti-S estimate,0.998627635,0.995927176,NA,NA,0.999742037
2023-02-18,BC,Anti-S estimate,0.998663348,0.996045866,NA,NA,0.99975379
2023-02-25,BC,Anti-S estimate,0.99869684,0.99617476,NA,NA,0.999766611
2023-03-04,BC,Anti-S estimate,0.998728168,0.996242296,NA,NA,0.999777486
2023-03-11,BC,Anti-S estimate,0.998757163,0.996346274,NA,NA,0.999784326
2023-03-18,BC,Anti-S estimate,0.99878342,0.996467259,NA,NA,0.999791138
2023-03-25,BC,Anti-S estimate,0.998806534,0.996500451,NA,NA,0.999806077
2023-04-01,BC,Anti-S estimate,0.998826145,0.9965303,NA,NA,0.999813967
2023-04-08,BC,Anti-S estimate,0.998841938,0.996547463,NA,NA,0.999823418
2023-04-15,BC,Anti-S estimate,0.998853644,0.996542993,NA,NA,0.999829639
2023-04-22,BC,Anti-S estimate,0.99886102,0.996549141,NA,NA,0.999834507
2023-04-29,BC,Anti-S estimate,0.998863825,0.996538263,NA,NA,0.999839868
2023-05-06,BC,Anti-S estimate,0.9988618,0.99650496,NA,NA,0.999843538
2023-05-13,BC,Anti-S estimate,0.998855084,0.996472854,NA,NA,0.999847137
2023-05-20,BC,Anti-S estimate,0.998844304,0.996401257,NA,NA,0.999852517
2023-05-27,BC,Anti-S estimate,0.998830077,0.996286298,NA,NA,0.999856849
2023-06-03,BC,Anti-S estimate,0.998813022,0.99611089,NA,NA,0.999859405
2023-06-10,BC,Anti-S estimate,0.998793796,0.99603016,NA,NA,0.999864757
2023-06-17,BC,Anti-S estimate,0.998773118,0.995922072,NA,NA,0.999868057
2023-06-24,BC,Anti-S estimate,0.998751793,0.99576633,NA,NA,0.999872581
2023-07-01,BC,Anti-S estimate,0.998730718,0.995633642,NA,NA,0.999875913
2023-07-08,BC,Anti-S estimate,0.998710858,0.995550391,NA,NA,0.999881058
2023-07-15,BC,Anti-S estimate,0.998692715,0.99543445,NA,NA,0.999884941
2023-07-22,BC,Anti-S estimate,0.99867615,0.995300961,NA,NA,0.999891996
2023-07-29,BC,Anti-S estimate,0.998660943,0.995100901,NA,NA,0.999894603
2023-08-05,BC,Anti-S estimate,0.998646846,0.994910403,NA,NA,0.999898472
2023-08-12,BC,Anti-S estimate,0.998633584,0.994753557,NA,NA,0.999902935
2023-08-19,BC,Anti-S estimate,0.998620866,0.994618451,NA,NA,0.999908201
2023-08-26,BC,Anti-S estimate,0.998608389,0.994424106,NA,NA,0.999912642
2023-09-02,BC,Anti-S estimate,0.998595844,0.994336083,NA,NA,0.999918461
2023-09-09,BC,Anti-S estimate,0.998582922,0.994172035,NA,NA,0.999922018
2023-09-16,BC,Anti-S estimate,0.998569313,0.99405293,NA,NA,0.999927623
2023-09-23,BC,Anti-S estimate,0.998554713,0.993862189,NA,NA,0.999932956
2023-09-30,BC,Anti-S estimate,0.998538819,0.993630931,NA,NA,0.99993789
2020-03-07,Canada,Anti-N estimate,0.002980884,0.001367572,0.231168334,0.355613186,0.004950737
2020-03-14,Canada,Anti-N estimate,0.003441322,0.001560028,0.265774628,0.41383146,0.00571986
2020-03-21,Canada,Anti-N estimate,0.003927913,0.001746649,0.299861256,0.474080074,0.006650771
2020-03-28,Canada,Anti-N estimate,0.004426212,0.001929116,0.335641087,0.534540558,0.007627818
2020-04-04,Canada,Anti-N estimate,0.004917864,0.002143902,0.372485306,0.593082372,0.008505105
2020-04-11,Canada,Anti-N estimate,0.005381198,0.002371428,0.410620041,0.644350981,0.009316179
2020-04-18,Canada,Anti-N estimate,0.005793687,0.002643305,0.446218375,0.691793,0.009947358
2020-04-25,Canada,Anti-N estimate,0.006141491,0.002937578,0.480134574,0.727656322,0.010401147
2020-05-02,Canada,Anti-N estimate,0.006424474,0.003267827,0.511165521,0.753353074,0.010556049
2020-05-09,Canada,Anti-N estimate,0.006647893,0.003592197,0.538648876,0.769781864,0.010654932
2020-05-16,Canada,Anti-N estimate,0.006820402,0.003903764,0.56208505,0.781828677,0.010701892
2020-05-23,Canada,Anti-N estimate,0.006952544,0.004159964,0.581520574,0.788909983,0.010643188
2020-05-30,Canada,Anti-N estimate,0.00705547,0.004384636,0.594333435,0.796819222,0.010634638
2020-06-06,Canada,Anti-N estimate,0.007140007,0.004494979,0.603385132,0.807318858,0.010654197
2020-06-13,Canada,Anti-N estimate,0.007216096,0.004528309,0.609337776,0.817566939,0.010674541
2020-06-20,Canada,Anti-N estimate,0.007292605,0.004485835,0.612782347,0.830072573,0.010908425
2020-06-27,Canada,Anti-N estimate,0.007377454,0.004376173,0.615000388,0.845571906,0.011076683
2020-07-04,Canada,Anti-N estimate,0.007477826,0.004392734,0.619364635,0.857055339,0.011479996
2020-07-11,Canada,Anti-N estimate,0.007601713,0.004489676,0.627056349,0.871593408,0.011758658
2020-07-18,Canada,Anti-N estimate,0.007755792,0.00456768,0.639774726,0.891319731,0.012023206
2020-07-25,Canada,Anti-N estimate,0.007941597,0.004734877,0.657542313,0.910743725,0.012309707
2020-08-01,Canada,Anti-N estimate,0.008160633,0.004928715,0.681177224,0.931754062,0.012423893
2020-08-08,Canada,Anti-N estimate,0.008415639,0.005212642,0.708634867,0.95545446,0.012590379
2020-08-15,Canada,Anti-N estimate,0.008710063,0.00562473,0.74211416,0.983247443,0.012827607
2020-08-22,Canada,Anti-N estimate,0.009047586,0.006010617,0.779411374,1.014891294,0.012962961
2020-08-29,Canada,Anti-N estimate,0.009431681,0.006408749,0.820009694,1.051124707,0.013166647
2020-09-05,Canada,Anti-N estimate,0.0098652,0.006894897,0.864685396,1.095110211,0.013642166
2020-09-12,Canada,Anti-N estimate,0.010349972,0.007320808,0.914169665,1.142119663,0.01404847
2020-09-19,Canada,Anti-N estimate,0.010886465,0.00780832,0.964304144,1.197139785,0.014680892
2020-09-26,Canada,Anti-N estimate,0.011473513,0.008288036,1.022500543,1.260842696,0.015429015
2020-10-03,Canada,Anti-N estimate,0.012108893,0.008797707,1.08080355,1.325559758,0.016180348
2020-10-10,Canada,Anti-N estimate,0.012786969,0.009335812,1.144748553,1.401324294,0.016930842
2020-10-17,Canada,Anti-N estimate,0.013505445,0.009958071,1.21406964,1.475393204,0.017740858
2020-10-24,Canada,Anti-N estimate,0.014263832,0.01065242,1.286493669,1.553344207,0.01859025
2020-10-31,Canada,Anti-N estimate,0.015062412,0.011464174,1.364120315,1.638263618,0.019394468
2020-11-07,Canada,Anti-N estimate,0.015901797,0.012308875,1.447609236,1.719425851,0.020247635
2020-11-14,Canada,Anti-N estimate,0.016782478,0.01323812,1.534442049,1.808507053,0.021149374
2020-11-21,Canada,Anti-N estimate,0.017704351,0.014213078,1.629032815,1.900258173,0.02209841
2020-11-28,Canada,Anti-N estimate,0.018666226,0.015212916,1.726303209,1.99320391,0.022988055
2020-12-05,Canada,Anti-N estimate,0.019665354,0.016121993,1.825720547,2.09238224,0.024014192
2020-12-12,Canada,Anti-N estimate,0.020697009,0.017064546,1.928950201,2.199273625,0.025143255
2020-12-19,Canada,Anti-N estimate,0.021754174,0.017977364,2.028302426,2.3115564,0.026320717
2020-12-26,Canada,Anti-N estimate,0.02282739,0.018823988,2.127033095,2.427731642,0.027547812
2021-01-02,Canada,Anti-N estimate,0.023905234,0.019686551,2.22328249,2.541703056,0.028885879
2021-01-09,Canada,Anti-N estimate,0.024975955,0.020467193,2.321266871,2.654113415,0.030320723
2021-01-16,Canada,Anti-N estimate,0.026035961,0.021324341,2.420612634,2.770539819,0.031545401
2021-01-23,Canada,Anti-N estimate,0.027083744,0.022241566,2.519571311,2.881338515,0.032863209
2021-01-30,Canada,Anti-N estimate,0.028119075,0.023139785,2.617340361,2.988653059,0.034020592
2021-02-06,Canada,Anti-N estimate,0.029142802,0.024039116,2.717621444,3.093488746,0.034951113
2021-02-13,Canada,Anti-N estimate,0.030156644,0.0250039,2.818364139,3.19462893,0.035967201
2021-02-20,Canada,Anti-N estimate,0.031162959,0.026024158,2.918298642,3.298449712,0.03693861
2021-02-27,Canada,Anti-N estimate,0.032164526,0.027079106,3.022459444,3.401262661,0.037926883
2021-03-06,Canada,Anti-N estimate,0.03316435,0.028043374,3.122190182,3.502650313,0.039025752
2021-03-13,Canada,Anti-N estimate,0.034165487,0.028890485,3.220559764,3.605873631,0.040154831
2021-03-20,Canada,Anti-N estimate,0.035170918,0.029866007,3.318886439,3.709332382,0.041171852
2021-03-27,Canada,Anti-N estimate,0.03618347,0.030720895,3.414169061,3.815406162,0.042423012
2021-04-03,Canada,Anti-N estimate,0.037203109,0.031445458,3.507167075,3.921584928,0.043684162
2021-04-10,Canada,Anti-N estimate,0.038237749,0.032411869,3.598176458,4.036475295,0.044863985
2021-04-17,Canada,Anti-N estimate,0.03928724,0.033277319,3.694970823,4.146718315,0.046226684
2021-04-24,Canada,Anti-N estimate,0.040354329,0.034137481,3.796633319,4.261298005,0.04760661
2021-05-01,Canada,Anti-N estimate,0.041441904,0.035022475,3.902496418,4.375465678,0.048801919
2021-05-08,Canada,Anti-N estimate,0.04254735,0.035984453,4.011226104,4.486964941,0.049937415
2021-05-15,Canada,Anti-N estimate,0.043663058,0.037052842,4.118245002,4.599792116,0.050960977
2021-05-22,Canada,Anti-N estimate,0.044780965,0.038162643,4.232387891,4.709847126,0.052047896
2021-05-29,Canada,Anti-N estimate,0.04589246,0.039341437,4.344188014,4.818977443,0.05328858
2021-06-05,Canada,Anti-N estimate,0.046988165,0.040424887,4.454419964,4.926752529,0.054445206
2021-06-12,Canada,Anti-N estimate,0.048057759,0.041385423,4.559922379,5.03380683,0.055460204
2021-06-19,Canada,Anti-N estimate,0.049089842,0.042452729,4.663650567,5.134018601,0.056657911
2021-06-26,Canada,Anti-N estimate,0.05007187,0.043242148,4.75724768,5.235754057,0.057831933
2021-07-03,Canada,Anti-N estimate,0.050984047,0.043792535,4.841035024,5.330696657,0.058873734
2021-07-10,Canada,Anti-N estimate,0.051823902,0.044333688,4.916713547,5.425121944,0.059893147
2021-07-17,Canada,Anti-N estimate,0.05256962,0.044693426,4.979302809,5.514701756,0.061140461
2021-07-24,Canada,Anti-N estimate,0.053204973,0.045090661,5.027273495,5.592149887,0.062192512
2021-07-31,Canada,Anti-N estimate,0.053713528,0.045316952,5.062673734,5.658670936,0.063034993
2021-08-07,Canada,Anti-N estimate,0.054079125,0.045346518,5.095962592,5.706815077,0.063530441
2021-08-14,Canada,Anti-N estimate,0.054286476,0.045353433,5.101367841,5.7312172,0.063944905
2021-08-21,Canada,Anti-N estimate,0.054321821,0.045255631,5.094780258,5.742459501,0.064101762
2021-08-28,Canada,Anti-N estimate,0.05418594,0.04510434,5.079149314,5.736263627,0.063907516
2021-09-04,Canada,Anti-N estimate,0.053930798,0.044968506,5.0567653,5.710259577,0.063711372
2021-09-11,Canada,Anti-N estimate,0.053620677,0.044854793,5.026450296,5.67895678,0.063242206
2021-09-18,Canada,Anti-N estimate,0.053318413,0.044705883,5.001236002,5.642984604,0.063034211
2021-09-25,Canada,Anti-N estimate,0.053084783,0.044571193,4.982321216,5.619136869,0.062724666
2021-10-02,Canada,Anti-N estimate,0.052966324,0.044476959,4.97006631,5.600269154,0.062504308
2021-10-09,Canada,Anti-N estimate,0.053044916,0.044542526,4.97911552,5.605922999,0.062557104
2021-10-16,Canada,Anti-N estimate,0.053367324,0.044772713,5.002719194,5.632610547,0.063119015
2021-10-23,Canada,Anti-N estimate,0.053994797,0.04537497,5.060753616,5.704274255,0.064033518
2021-10-30,Canada,Anti-N estimate,0.054994408,0.046050502,5.157118488,5.813962276,0.065435806
2021-11-06,Canada,Anti-N estimate,0.056442919,0.047125437,5.296339868,5.978351886,0.067032338
2021-11-13,Canada,Anti-N estimate,0.058431758,0.048727509,5.483998588,6.186689525,0.069498776
2021-11-20,Canada,Anti-N estimate,0.061073439,0.051005707,5.733502144,6.463427957,0.072619409
2021-11-27,Canada,Anti-N estimate,0.064509987,0.054049135,6.065694608,6.82308916,0.076475655
2021-12-04,Canada,Anti-N estimate,0.068924082,0.05802525,6.493485871,7.278202721,0.08130073
2021-12-11,Canada,Anti-N estimate,0.074553934,0.063177615,7.03898095,7.858117026,0.087225803
2021-12-18,Canada,Anti-N estimate,0.081709188,0.069990797,7.750404838,8.588739824,0.094722402
2021-12-25,Canada,Anti-N estimate,0.090656093,0.078514981,8.631651988,9.490278394,0.103889083
2022-01-01,Canada,Anti-N estimate,0.101522155,0.089247359,9.705530386,10.58380273,0.115179613
2022-01-08,Canada,Anti-N estimate,0.114425815,0.101884483,10.98319316,11.87870568,0.128620044
2022-01-15,Canada,Anti-N estimate,0.129383427,0.116642157,12.45870984,13.39549302,0.143805556
2022-01-22,Canada,Anti-N estimate,0.146310599,0.132908357,14.13655823,15.10690833,0.161315607
2022-01-29,Canada,Anti-N estimate,0.164975557,0.150528355,15.98018815,16.99765181,0.180631883
2022-02-05,Canada,Anti-N estimate,0.184976071,0.169670315,17.96134419,19.02791571,0.201695866
2022-02-12,Canada,Anti-N estimate,0.205736643,0.189355369,20.00238479,21.12594815,0.223248218
2022-02-19,Canada,Anti-N estimate,0.226537344,0.209336965,22.05358798,23.24014414,0.244690238
2022-02-26,Canada,Anti-N estimate,0.246846493,0.229381927,24.0759998,25.28534228,0.265444774
2022-03-05,Canada,Anti-N estimate,0.266494347,0.248885958,26.03351649,27.26031054,0.284744575
2022-03-12,Canada,Anti-N estimate,0.285387722,0.268072651,27.92325534,29.15261805,0.303380578
2022-03-19,Canada,Anti-N estimate,0.303477819,0.285910177,29.72402131,30.96261941,0.321464533
2022-03-26,Canada,Anti-N estimate,0.320749581,0.30313048,31.45010148,32.69823194,0.33920562
2022-04-02,Canada,Anti-N estimate,0.337204692,0.319283161,33.07554169,34.35924798,0.355840461
2022-04-09,Canada,Anti-N estimate,0.352896198,0.334170298,34.61661825,35.95551063,0.371979338
2022-04-16,Canada,Anti-N estimate,0.367873197,0.348341884,36.08380582,37.4705055,0.387500716
2022-04-23,Canada,Anti-N estimate,0.382214466,0.362592373,37.5120233,38.92346169,0.402011957
2022-04-30,Canada,Anti-N estimate,0.395963309,0.376331417,38.89176454,40.28385752,0.415696246
2022-05-07,Canada,Anti-N estimate,0.409108423,0.389682304,40.21041034,41.5774531,0.428631596
2022-05-14,Canada,Anti-N estimate,0.421642671,0.402304718,41.47865829,42.83316931,0.440829578
2022-05-21,Canada,Anti-N estimate,0.433563727,0.414395521,42.67540838,44.04636144,0.452698683
2022-05-28,Canada,Anti-N estimate,0.444872565,0.425077221,43.79114767,45.1758029,0.464477005
2022-06-04,Canada,Anti-N estimate,0.455573242,0.435522761,44.84791385,46.27452537,0.475293255
2022-06-11,Canada,Anti-N estimate,0.46567334,0.444700973,45.84476444,47.31325367,0.486111034
2022-06-18,Canada,Anti-N estimate,0.475184517,0.453601919,46.78177398,48.28081354,0.496128503
2022-06-25,Canada,Anti-N estimate,0.484125004,0.462660236,47.67505426,49.17411711,0.505205573
2022-07-02,Canada,Anti-N estimate,0.492578668,0.471392414,48.53392549,50.00853774,0.51358273
2022-07-09,Canada,Anti-N estimate,0.500756827,0.47959641,49.36907643,50.84333554,0.521968167
2022-07-16,Canada,Anti-N estimate,0.508840332,0.487742098,50.16683598,51.65392794,0.529612149
2022-07-23,Canada,Anti-N estimate,0.517023276,0.495690777,50.96646305,52.46474364,0.537469781
2022-07-30,Canada,Anti-N estimate,0.525499401,0.503313052,51.77380543,53.33518719,0.546539619
2022-08-06,Canada,Anti-N estimate,0.534461483,0.511651297,52.63930626,54.25173309,0.556936881
2022-08-13,Canada,Anti-N estimate,0.544100317,0.52072684,53.57927242,55.24353512,0.567417669
2022-08-20,Canada,Anti-N estimate,0.554602693,0.530745118,54.60762939,56.30359112,0.578531676
2022-08-27,Canada,Anti-N estimate,0.566141411,0.542189168,55.76704319,57.46395852,0.590019669
2022-09-03,Canada,Anti-N estimate,0.578673422,0.554849055,57.04083617,58.70712272,0.601823246
2022-09-10,Canada,Anti-N estimate,0.59190088,0.568668681,58.39328823,60.00825608,0.61438688
2022-09-17,Canada,Anti-N estimate,0.605509326,0.583070887,59.77563379,61.35510596,0.627330683
2022-09-24,Canada,Anti-N estimate,0.619191436,0.596327347,61.14932044,62.69540811,0.641169116
2022-10-01,Canada,Anti-N estimate,0.632656971,0.609879442,62.49627162,64.02253224,0.654350292
2022-10-08,Canada,Anti-N estimate,0.645641147,0.622350986,63.8003512,65.32888204,0.667802518
2022-10-15,Canada,Anti-N estimate,0.65790938,0.634324279,65.0196942,66.58148879,0.680003373
2022-10-22,Canada,Anti-N estimate,0.669257168,0.645335099,66.15704345,67.69455974,0.691185281
2022-10-29,Canada,Anti-N estimate,0.679508922,0.656326486,67.20668638,68.71356699,0.701244636
2022-11-05,Canada,Anti-N estimate,0.68863718,0.666241017,68.14578923,69.5833369,0.709817805
2022-11-12,Canada,Anti-N estimate,0.696769847,0.675218923,68.98863831,70.37247934,0.717407757
2022-11-19,Canada,Anti-N estimate,0.704032255,0.682871068,69.7220221,71.08091244,0.723957741
2022-11-26,Canada,Anti-N estimate,0.710542018,0.689631833,70.38247117,71.72783821,0.729924618
2022-12-03,Canada,Anti-N estimate,0.716412843,0.69512612,70.96393593,72.32395496,0.736104821
2022-12-10,Canada,Anti-N estimate,0.721756952,0.700300825,71.48706227,72.89069621,0.74159787
2022-12-17,Canada,Anti-N estimate,0.726685907,0.704886841,71.95450136,73.39969517,0.747419158
2022-12-24,Canada,Anti-N estimate,0.731309764,0.709443938,72.40997363,73.88670384,0.751967757
2022-12-31,Canada,Anti-N estimate,0.735732957,0.713978833,72.85702415,74.32788686,0.756373449
2023-01-07,Canada,Anti-N estimate,0.740001724,0.718436293,73.28548831,74.7460974,0.760330315
2023-01-14,Canada,Anti-N estimate,0.744095413,0.722525295,73.69597558,75.15150002,0.764140448
2023-01-21,Canada,Anti-N estimate,0.747989361,0.726657422,74.11188027,75.52409857,0.767508784
2023-01-28,Canada,Anti-N estimate,0.751662652,0.730280912,74.48006164,75.89487517,0.771239858
2023-02-04,Canada,Anti-N estimate,0.755100724,0.733167107,74.82602135,76.24108015,0.774962721
2023-02-11,Canada,Anti-N estimate,0.758296378,0.735365451,75.1382019,76.58464722,0.778514325
2023-02-18,Canada,Anti-N estimate,0.761249116,0.737776727,75.40053177,76.89893639,0.782177131
2023-02-25,Canada,Anti-N estimate,0.763962758,0.739918482,75.6665111,77.16750506,0.785638056
2023-03-04,Canada,Anti-N estimate,0.766441286,0.7422415,75.91758671,77.42628724,0.78804128
2023-03-11,Canada,Anti-N estimate,0.768681583,0.745066946,76.14608271,77.6507331,0.789900851
2023-03-18,Canada,Anti-N estimate,0.770671692,0.747785984,76.34982373,77.83908255,0.791378732
2023-03-25,Canada,Anti-N estimate,0.772397608,0.750156225,76.51529487,77.99407808,0.79269428
2023-04-01,Canada,Anti-N estimate,0.773847741,0.751878355,76.65808713,78.1374909,0.794122528
2023-04-08,Canada,Anti-N estimate,0.775015762,0.752464717,76.77639725,78.26589513,0.79518713
2023-04-15,Canada,Anti-N estimate,0.775901918,0.753001664,76.85893052,78.38435752,0.796415956
2023-04-22,Canada,Anti-N estimate,0.776512766,0.752906688,76.89692024,78.46872894,0.797394189
2023-04-29,Canada,Anti-N estimate,0.776859368,0.752661115,76.92093187,78.53561519,0.798032547
2023-05-06,Canada,Anti-N estimate,0.776954663,0.752539417,76.91776417,78.54795905,0.797962307
2023-05-13,Canada,Anti-N estimate,0.776831184,0.753155335,76.91739535,78.51037077,0.79779824
2023-05-20,Canada,Anti-N estimate,0.776542958,0.753607061,76.91079792,78.45765825,0.796872263
2023-05-27,Canada,Anti-N estimate,0.776141997,0.754055427,76.89363924,78.37543894,0.795963992
2023-06-03,Canada,Anti-N estimate,0.775680225,0.754549643,76.89354068,78.30031412,0.795110366
2023-06-10,Canada,Anti-N estimate,0.775212113,0.754510954,76.8668188,78.22533233,0.794608175
2023-06-17,Canada,Anti-N estimate,0.774796353,0.754044938,76.82283885,78.16378699,0.793955177
2023-06-24,Canada,Anti-N estimate,0.774496529,0.753586992,76.80512103,78.12972887,0.793254906
2023-07-01,Canada,Anti-N estimate,0.774380792,0.753350037,76.78508313,78.12340092,0.793254187
2023-07-08,Canada,Anti-N estimate,0.774519339,0.75373717,76.79419201,78.14683384,0.793578659
2023-07-15,Canada,Anti-N estimate,0.774943575,0.754607609,76.8412029,78.17711219,0.794180634
2023-07-22,Canada,Anti-N estimate,0.775634511,0.755735654,76.92307327,78.23514325,0.794712642
2023-07-29,Canada,Anti-N estimate,0.776566944,0.75718975,77.03560426,78.31146712,0.795538979
2023-08-05,Canada,Anti-N estimate,0.77771318,0.758386313,77.16293409,78.41428252,0.796146977
2023-08-12,Canada,Anti-N estimate,0.779043863,0.760235601,77.29821416,78.53550296,0.79672132
2023-08-19,Canada,Anti-N estimate,0.78052873,0.762370278,77.46794115,78.66499572,0.79785592
2023-08-26,Canada,Anti-N estimate,0.782137275,0.764808116,77.64633719,78.80265199,0.798921799
2023-09-02,Canada,Anti-N estimate,0.783839342,0.766789648,77.78841283,78.9780221,0.800469823
2023-09-09,Canada,Anti-N estimate,0.785605633,0.76799529,77.95493345,79.17093408,0.802393139
2023-09-16,Canada,Anti-N estimate,0.787408129,0.768823028,78.11778406,79.38373899,0.804901664
2023-09-23,Canada,Anti-N estimate,0.789220431,0.769743987,78.25122006,79.60370798,0.807379524
2023-09-30,Canada,Anti-N estimate,0.791018002,0.770159845,78.38995642,79.81624042,0.810601183
2020-03-07,Canada,Anti-S estimate,0.003629547,0.001132595,0.203822658,0.391051147,0.01142309
2020-03-14,Canada,Anti-S estimate,0.004159591,0.00126499,0.233799716,0.453353961,0.01295013
2020-03-21,Canada,Anti-S estimate,0.004714144,0.001448116,0.265862994,0.518164588,0.014708934
2020-03-28,Canada,Anti-S estimate,0.005276903,0.001608769,0.298888118,0.584730547,0.016271562
2020-04-04,Canada,Anti-S estimate,0.005827849,0.001790847,0.331545275,0.64986089,0.017779382
2020-04-11,Canada,Anti-S estimate,0.006343903,0.002001984,0.362673098,0.713767,0.019196302
2020-04-18,Canada,Anti-S estimate,0.006801484,0.002215409,0.393198892,0.770770891,0.020551797
2020-04-25,Canada,Anti-S estimate,0.007186618,0.00241563,0.420647737,0.812477268,0.021518776
2020-05-02,Canada,Anti-S estimate,0.007499975,0.002632379,0.449240274,0.848163089,0.022267395
2020-05-09,Canada,Anti-S estimate,0.007747704,0.002828042,0.47012293,0.868369339,0.022775074
2020-05-16,Canada,Anti-S estimate,0.007939342,0.003042003,0.485551656,0.882091646,0.023049706
2020-05-23,Canada,Anti-S estimate,0.008086308,0.003240964,0.498601232,0.891343732,0.023570577
2020-05-30,Canada,Anti-S estimate,0.008200634,0.003389584,0.509084435,0.897094709,0.02369251
2020-06-06,Canada,Anti-S estimate,0.008294031,0.003441926,0.517210374,0.908908215,0.023918349
2020-06-13,Canada,Anti-S estimate,0.008377349,0.003471847,0.527817727,0.919709318,0.024402219
2020-06-20,Canada,Anti-S estimate,0.00846038,0.003448847,0.529834774,0.930788302,0.024941708
2020-06-27,Canada,Anti-S estimate,0.008551994,0.003401646,0.53541944,0.943850132,0.025433215
2020-07-04,Canada,Anti-S estimate,0.008660335,0.003397156,0.541158992,0.96404218,0.025841822
2020-07-11,Canada,Anti-S estimate,0.008794456,0.003416546,0.548188207,0.979185878,0.025743613
2020-07-18,Canada,Anti-S estimate,0.008961858,0.003477903,0.55949178,1.000770621,0.025911399
2020-07-25,Canada,Anti-S estimate,0.009164093,0.003578174,0.575509907,1.027197217,0.02616721
2020-08-01,Canada,Anti-S estimate,0.009402454,0.003758213,0.593549772,1.05286846,0.026459019
2020-08-08,Canada,Anti-S estimate,0.009679422,0.003969713,0.613954231,1.081072917,0.027290982
2020-08-15,Canada,Anti-S estimate,0.009998133,0.00419993,0.639989216,1.113640013,0.028194527
2020-08-22,Canada,Anti-S estimate,0.010361884,0.004469381,0.665660163,1.147357317,0.029015765
2020-08-29,Canada,Anti-S estimate,0.010773692,0.004750398,0.697552864,1.186005244,0.02935313
2020-09-05,Canada,Anti-S estimate,0.011235873,0.005046833,0.733690275,1.237423338,0.030020469
2020-09-12,Canada,Anti-S estimate,0.011749667,0.005330678,0.77245174,1.297129847,0.031528728
2020-09-19,Canada,Anti-S estimate,0.012314916,0.00563322,0.815357106,1.359865709,0.03274732
2020-09-26,Canada,Anti-S estimate,0.012929849,0.005997807,0.857295465,1.43638313,0.034153351
2020-10-03,Canada,Anti-S estimate,0.013591722,0.006374164,0.90745059,1.515943638,0.036003832
2020-10-10,Canada,Anti-S estimate,0.014294385,0.006746867,0.958032613,1.597118094,0.03764432
2020-10-17,Canada,Anti-S estimate,0.015035194,0.007160718,1.014113742,1.684676281,0.039341999
2020-10-24,Canada,Anti-S estimate,0.015813239,0.007655987,1.074074354,1.768360757,0.040712091
2020-10-31,Canada,Anti-S estimate,0.01662831,0.008136718,1.137886836,1.860093471,0.041967604
2020-11-07,Canada,Anti-S estimate,0.017480453,0.008722542,1.205221496,1.961457197,0.043456778
2020-11-14,Canada,Anti-S estimate,0.018369551,0.00934047,1.27576709,2.062964339,0.045208057
2020-11-21,Canada,Anti-S estimate,0.019294892,0.009944383,1.346759682,2.177757743,0.04696442
2020-11-28,Canada,Anti-S estimate,0.020254733,0.010542637,1.417845079,2.281485176,0.04852891
2020-12-05,Canada,Anti-S estimate,0.021245908,0.011159037,1.495332403,2.392118243,0.050216327
2020-12-12,Canada,Anti-S estimate,0.022263482,0.011760608,1.578517726,2.501433652,0.051963268
2020-12-19,Canada,Anti-S estimate,0.023300521,0.012399125,1.657206786,2.63097252,0.053639824
2020-12-26,Canada,Anti-S estimate,0.024348007,0.013008354,1.736461705,2.751021232,0.055593035
2021-01-02,Canada,Anti-S estimate,0.025395332,0.013678794,1.815278569,2.872560697,0.057670312
2021-01-09,Canada,Anti-S estimate,0.029340462,0.016043892,2.125249302,3.341336997,0.063941729
2021-01-16,Canada,Anti-S estimate,0.033825932,0.018805323,2.490606753,3.867544959,0.070725654
2021-01-23,Canada,Anti-S estimate,0.038948906,0.022050253,2.908023496,4.460343347,0.078330176
2021-01-30,Canada,Anti-S estimate,0.044831465,0.025901556,3.397285475,5.161244276,0.086284554
2021-02-06,Canada,Anti-S estimate,0.051626256,0.030467419,3.964121382,5.937725987,0.095467145
2021-02-13,Canada,Anti-S estimate,0.059523166,0.036035648,4.645530845,6.828717544,0.105928259
2021-02-20,Canada,Anti-S estimate,0.068757107,0.042430134,5.453149663,7.86467076,0.118271194
2021-02-27,Canada,Anti-S estimate,0.079616808,0.050309991,6.421275371,9.089798737,0.131450958
2021-03-06,Canada,Anti-S estimate,0.092454212,0.059968738,7.578129987,10.5261663,0.146635626
2021-03-13,Canada,Anti-S estimate,0.107693533,0.071496774,8.983078735,12.18130355,0.165372473
2021-03-20,Canada,Anti-S estimate,0.12583813,0.085670904,10.63902791,14.14012468,0.186575795
2021-03-27,Canada,Anti-S estimate,0.147472068,0.102669422,12.66722698,16.4872107,0.21085241
2021-04-03,Canada,Anti-S estimate,0.173246807,0.123542631,15.11582723,19.27502867,0.240898927
2021-04-10,Canada,Anti-S estimate,0.203874185,0.149184256,18.05303005,22.48183585,0.27404592
2021-04-17,Canada,Anti-S estimate,0.240048057,0.180672039,21.59113199,26.25223771,0.312946167
2021-04-24,Canada,Anti-S estimate,0.282379539,0.218703266,25.72272964,30.60759375,0.358351651
2021-05-01,Canada,Anti-S estimate,0.331251053,0.262534706,30.50052763,35.62678852,0.408604049
2021-05-08,Canada,Anti-S estimate,0.386269668,0.313892239,35.93440829,41.16530901,0.465329046
2021-05-15,Canada,Anti-S estimate,0.446121005,0.370019646,41.87483128,47.26562408,0.524411502
2021-05-22,Canada,Anti-S estimate,0.508913506,0.430563492,48.24819096,53.59995327,0.585858631
2021-05-29,Canada,Anti-S estimate,0.572399272,0.492082096,54.72645078,59.97258206,0.646988992
2021-06-05,Canada,Anti-S estimate,0.634254753,0.553970456,60.96493195,66.08088746,0.705059662
2021-06-12,Canada,Anti-S estimate,0.692359881,0.614698982,66.93646142,71.76305406,0.758887228
2021-06-19,Canada,Anti-S estimate,0.745028444,0.670601529,72.39477976,76.90604199,0.805725748
2021-06-26,Canada,Anti-S estimate,0.79116099,0.719572207,77.18688531,81.40239247,0.846292401
2021-07-03,Canada,Anti-S estimate,0.830284273,0.762604809,81.29802653,85.10795834,0.87883856
2021-07-10,Canada,Anti-S estimate,0.862543723,0.799168375,84.74499794,88.11802794,0.904348069
2021-07-17,Canada,Anti-S estimate,0.888476756,0.830287073,87.56961347,90.5127579,0.924278347
2021-07-24,Canada,Anti-S estimate,0.908886789,0.855415822,89.83328816,92.34965227,0.939948718
2021-07-31,Canada,Anti-S estimate,0.924659807,0.875635476,91.56984669,93.74916993,0.951574206
2021-08-07,Canada,Anti-S estimate,0.936641177,0.892290409,92.8958914,94.81281404,0.959801947
2021-08-14,Canada,Anti-S estimate,0.945563625,0.904663268,93.90078276,95.58247731,0.965983678
2021-08-21,Canada,Anti-S estimate,0.952015993,0.914049786,94.63579689,96.13511134,0.970504334
2021-08-28,Canada,Anti-S estimate,0.956478832,0.921098853,95.13215813,96.51343597,0.973531223
2021-09-04,Canada,Anti-S estimate,0.959434404,0.925865962,95.47128148,96.75778232,0.975363322
2021-09-11,Canada,Anti-S estimate,0.961242059,0.928757846,95.67559523,96.90774231,0.976413504
2021-09-18,Canada,Anti-S estimate,0.96214736,0.930030873,95.78324675,96.97836371,0.976897018
2021-09-25,Canada,Anti-S estimate,0.962322734,0.930400997,95.81268545,96.98522581,0.976824892
2021-10-02,Canada,Anti-S estimate,0.961892048,0.929202729,95.77218584,96.95247224,0.976508263
2021-10-09,Canada,Anti-S estimate,0.960963953,0.927735025,95.68065404,96.86473025,0.975907024
2021-10-16,Canada,Anti-S estimate,0.95962814,0.925917814,95.53449848,96.74899274,0.974937271
2021-10-23,Canada,Anti-S estimate,0.957979361,0.923552361,95.3556927,96.6060885,0.973804815
2021-10-30,Canada,Anti-S estimate,0.956123828,0.920603159,95.13611948,96.44510447,0.972517907
2021-11-06,Canada,Anti-S estimate,0.954185877,0.917527805,94.91732015,96.28548071,0.971285827
2021-11-13,Canada,Anti-S estimate,0.952311466,0.915325561,94.72096069,96.12455625,0.969963664
2021-11-20,Canada,Anti-S estimate,0.950667688,0.913196888,94.54424598,95.98162394,0.968979456
2021-11-27,Canada,Anti-S estimate,0.949437466,0.911428557,94.39205699,95.88397945,0.968236211
2021-12-04,Canada,Anti-S estimate,0.948808862,0.910350933,94.31481183,95.82567419,0.967668193
2021-12-11,Canada,Anti-S estimate,0.948958993,0.910643385,94.31774304,95.84092311,0.968012675
2021-12-18,Canada,Anti-S estimate,0.950029489,0.911983406,94.44718345,95.93051468,0.968707458
2021-12-25,Canada,Anti-S estimate,0.951982885,0.914578011,94.66492834,96.08517108,0.97004229
2022-01-01,Canada,Anti-S estimate,0.954587823,0.918089647,94.96149067,96.30908394,0.971956494
2022-01-08,Canada,Anti-S estimate,0.957622561,0.923427747,95.30451225,96.57266538,0.973977571
2022-01-15,Canada,Anti-S estimate,0.960867934,0.92811502,95.65985005,96.85292983,0.976168629
2022-01-22,Canada,Anti-S estimate,0.96414542,0.933341064,96.02278594,97.13114049,0.978322304
2022-01-29,Canada,Anti-S estimate,0.967315501,0.938447023,96.37200162,97.4034987,0.980448909
2022-02-05,Canada,Anti-S estimate,0.970276566,0.942976113,96.69935355,97.64774181,0.982444665
2022-02-12,Canada,Anti-S estimate,0.97295977,0.947445429,97.00388108,97.87436275,0.984211287
2022-02-19,Canada,Anti-S estimate,0.975322779,0.951436534,97.26025968,98.07202425,0.985843078
2022-02-26,Canada,Anti-S estimate,0.977373545,0.955217003,97.48905884,98.23879476,0.987141771
2022-03-05,Canada,Anti-S estimate,0.979158993,0.958427394,97.68390385,98.38505689,0.988272066
2022-03-12,Canada,Anti-S estimate,0.980720055,0.961235471,97.85958788,98.51689248,0.989261575
2022-03-19,Canada,Anti-S estimate,0.982091938,0.963328257,98.01193237,98.6317965,0.990122835
2022-03-26,Canada,Anti-S estimate,0.983305838,0.965327616,98.1437512,98.7276331,0.990882028
2022-04-02,Canada,Anti-S estimate,0.984388533,0.967186452,98.25973635,98.81545252,0.991622891
2022-04-09,Canada,Anti-S estimate,0.985367615,0.9687971,98.36804552,98.89517596,0.992280666
2022-04-16,Canada,Anti-S estimate,0.986264,0.970122496,98.45915069,98.96993676,0.99287027
2022-04-23,Canada,Anti-S estimate,0.987096454,0.97193327,98.54775221,99.03828103,0.993381939
2022-04-30,Canada,Anti-S estimate,0.987875463,0.973226834,98.63336779,99.10164998,0.993934336
2022-05-07,Canada,Anti-S estimate,0.98860361,0.974468942,98.71361158,99.16090802,0.994356446
2022-05-14,Canada,Anti-S estimate,0.989282582,0.975833599,98.78722446,99.21720283,0.994857396
2022-05-21,Canada,Anti-S estimate,0.989914182,0.977389116,98.85379372,99.26809989,0.995260901
2022-05-28,Canada,Anti-S estimate,0.99050062,0.978578022,98.91739015,99.31531415,0.99561215
2022-06-04,Canada,Anti-S estimate,0.991044561,0.979738313,98.97357004,99.36172314,0.9959277
2022-06-11,Canada,Anti-S estimate,0.991549016,0.980675798,99.03028889,99.40535817,0.996230954
2022-06-18,Canada,Anti-S estimate,0.99201711,0.981495533,99.08161802,99.44359001,0.996539628
2022-06-25,Canada,Anti-S estimate,0.992451857,0.982233216,99.12791674,99.47644335,0.996828316
2022-07-02,Canada,Anti-S estimate,0.99285773,0.982956537,99.17299651,99.51078642,0.997057839
2022-07-09,Canada,Anti-S estimate,0.993241786,0.983707568,99.2167503,99.54132529,0.997284539
2022-07-16,Canada,Anti-S estimate,0.99360915,0.984641679,99.25948646,99.57006945,0.997504245
2022-07-23,Canada,Anti-S estimate,0.993964474,0.985439809,99.30073673,99.59871684,0.99773498
2022-07-30,Canada,Anti-S estimate,0.994311708,0.986210846,99.33947125,99.62558222,0.997937088
2022-08-06,Canada,Anti-S estimate,0.994654101,0.986915019,99.37780816,99.65144191,0.998111662
2022-08-13,Canada,Anti-S estimate,0.994994112,0.987651822,99.41361996,99.67810565,0.998295249
2022-08-20,Canada,Anti-S estimate,0.995333278,0.988387298,99.45161471,99.70297097,0.99846242
2022-08-27,Canada,Anti-S estimate,0.99567195,0.989099044,99.4898946,99.72828665,0.998603479
2022-09-03,Canada,Anti-S estimate,0.996005681,0.989799742,99.52696676,99.75208925,0.998764463
2022-09-10,Canada,Anti-S estimate,0.996326394,0.990465291,99.56328995,99.77511347,0.998894343
2022-09-17,Canada,Anti-S estimate,0.996628018,0.991101247,99.59844262,99.79490038,0.999026239
2022-09-24,Canada,Anti-S estimate,0.996906658,0.991743274,99.6315007,99.81464215,0.99913266
2022-10-01,Canada,Anti-S estimate,0.997160257,0.992408586,99.66131226,99.8315272,0.999222056
2022-10-08,Canada,Anti-S estimate,0.997388166,0.993034505,99.68747252,99.84661673,0.999307521
2022-10-15,Canada,Anti-S estimate,0.997590706,0.993509744,99.71196917,99.85962888,0.999377631
2022-10-22,Canada,Anti-S estimate,0.997768777,0.993919985,99.73320888,99.87148573,0.999431779
2022-10-29,Canada,Anti-S estimate,0.997923546,0.994301866,99.75013238,99.88161448,0.999484076
2022-11-05,Canada,Anti-S estimate,0.998057305,0.994634788,99.76655772,99.88995515,0.999522333
2022-11-12,Canada,Anti-S estimate,0.998173235,0.994896937,99.77954853,99.89710274,0.999560678
2022-11-19,Canada,Anti-S estimate,0.998274138,0.995124199,99.79204096,99.90322949,0.999588271
2022-11-26,Canada,Anti-S estimate,0.998362435,0.995353942,99.80272613,99.90867712,0.999618209
2022-12-03,Canada,Anti-S estimate,0.998440206,0.995566013,99.81232478,99.91342448,0.999640495
2022-12-10,Canada,Anti-S estimate,0.998509278,0.995750048,99.82071469,99.91790245,0.999658689
2022-12-17,Canada,Anti-S estimate,0.998571271,0.995925355,99.82803077,99.92157662,0.99967738
2022-12-24,Canada,Anti-S estimate,0.998627619,0.996065804,99.83472982,99.92525987,0.999695688
2022-12-31,Canada,Anti-S estimate,0.998679544,0.996228219,99.84131054,99.92879358,0.999709674
2023-01-07,Canada,Anti-S estimate,0.998727635,0.996359314,99.8471565,99.93133641,0.99972147
2023-01-14,Canada,Anti-S estimate,0.998771867,0.996486231,99.85196586,99.93392455,0.999732229
2023-01-21,Canada,Anti-S estimate,0.998812198,0.996587129,99.85666087,99.93615351,0.999747055
2023-01-28,Canada,Anti-S estimate,0.998848641,0.996665546,99.86102874,99.93830522,0.999762338
2023-02-04,Canada,Anti-S estimate,0.998881281,0.996750272,99.86476506,99.94040998,0.999774079
2023-02-11,Canada,Anti-S estimate,0.998910279,0.996808771,99.86863308,99.94221835,0.999786123
2023-02-18,Canada,Anti-S estimate,0.998935845,0.996886299,99.87181555,99.9443822,0.999797159
2023-02-25,Canada,Anti-S estimate,0.99895821,0.996959306,99.87458375,99.9459308,0.999805533
2023-03-04,Canada,Anti-S estimate,0.998977577,0.996985288,99.87627535,99.94756232,0.999810948
2023-03-11,Canada,Anti-S estimate,0.998994044,0.996984543,99.87817693,99.94897532,0.999819625
2023-03-18,Canada,Anti-S estimate,0.999007597,0.997049806,99.88008021,99.9498744,0.999823942
2023-03-25,Canada,Anti-S estimate,0.999018188,0.997118696,99.8819453,99.95093853,0.999830727
2023-04-01,Canada,Anti-S estimate,0.99902578,0.997127752,99.88278152,99.95170372,0.999837685
2023-04-08,Canada,Anti-S estimate,0.999030379,0.997098735,99.88293931,99.95254147,0.999842712
2023-04-15,Canada,Anti-S estimate,0.99903204,0.997104866,99.88255828,99.95313434,0.999849742
2023-04-22,Canada,Anti-S estimate,0.999030865,0.997058192,99.8815552,99.95352581,0.999854739
2023-04-29,Canada,Anti-S estimate,0.999026988,0.996978148,99.88048262,99.95393142,0.999859236
2023-05-06,Canada,Anti-S estimate,0.999020544,0.996918185,99.87969179,99.95421121,0.999863002
2023-05-13,Canada,Anti-S estimate,0.999011716,0.996832147,99.87857047,99.95439271,0.999867027
2023-05-20,Canada,Anti-S estimate,0.999000735,0.996733799,99.8766012,99.95481017,0.999870745
2023-05-27,Canada,Anti-S estimate,0.998987795,0.996655829,99.87446683,99.95521821,0.999872267
2023-06-03,Canada,Anti-S estimate,0.998973089,0.996597225,99.87314143,99.95512462,0.99987631
2023-06-10,Canada,Anti-S estimate,0.998956843,0.996509068,99.87095398,99.9553107,0.999880104
2023-06-17,Canada,Anti-S estimate,0.998939339,0.996425677,99.86859015,99.95558981,0.999884692
2023-06-24,Canada,Anti-S estimate,0.998920932,0.996308538,99.86565916,99.95580512,0.999889191
2023-07-01,Canada,Anti-S estimate,0.998902054,0.996206477,99.86221952,99.95599281,0.999893835
2023-07-08,Canada,Anti-S estimate,0.998883204,0.996059163,99.85928148,99.95627145,0.999897334
2023-07-15,Canada,Anti-S estimate,0.998864655,0.99590545,99.85638799,99.95689332,0.999902744
2023-07-22,Canada,Anti-S estimate,0.998846342,0.995746311,99.85427406,99.95749469,0.999904712
2023-07-29,Canada,Anti-S estimate,0.998828137,0.995646459,99.85179618,99.95818625,0.999908157
2023-08-05,Canada,Anti-S estimate,0.998809876,0.9955758,99.85003369,99.95843468,0.99991204
2023-08-12,Canada,Anti-S estimate,0.998791371,0.995375619,99.84761277,99.95941138,0.999915932
2023-08-19,Canada,Anti-S estimate,0.998772412,0.995253587,99.8457688,99.95993953,0.999920346
2023-08-26,Canada,Anti-S estimate,0.998752773,0.995105872,99.84400085,99.96055664,0.999923813
2023-09-02,Canada,Anti-S estimate,0.99873222,0.994878037,99.84303274,99.96141003,0.999928653
2023-09-09,Canada,Anti-S estimate,0.998710519,0.994716711,99.84077209,99.96220266,0.999932355
2023-09-16,Canada,Anti-S estimate,0.998687431,0.994468425,99.83857578,99.96303331,0.999935969
2023-09-23,Canada,Anti-S estimate,0.998662726,0.994249996,99.83688994,99.96375804,0.999938992
2023-09-30,Canada,Anti-S estimate,0.998636178,0.993884271,99.83473556,99.96457372,0.999941301
2020-03-07,Eastern,Anti-N estimate,0.003063199,0.001386401,0.236284944,0.367802338,0.005174317
2020-03-14,Eastern,Anti-N estimate,0.003540449,0.001568361,0.269516996,0.427402439,0.006028756
2020-03-21,Eastern,Anti-N estimate,0.004046267,0.001753494,0.305875968,0.490897161,0.006997275
2020-03-28,Eastern,Anti-N estimate,0.004566109,0.001951963,0.342235664,0.555894621,0.007997345
2020-04-04,Eastern,Anti-N estimate,0.005081135,0.002179804,0.379377677,0.61502067,0.008971701
2020-04-11,Eastern,Anti-N estimate,0.005569546,0.002418266,0.419327123,0.671358663,0.009818851
2020-04-18,Eastern,Anti-N estimate,0.006007916,0.00270822,0.454119886,0.724724016,0.010443957
2020-04-25,Eastern,Anti-N estimate,0.006381678,0.003015828,0.48979903,0.759607197,0.010971518
2020-05-02,Eastern,Anti-N estimate,0.006690167,0.003361331,0.522699099,0.7894644,0.011308115
2020-05-09,Eastern,Anti-N estimate,0.006938242,0.003667977,0.551772708,0.80965449,0.011448917
2020-05-16,Eastern,Anti-N estimate,0.007134298,0.003934502,0.577413472,0.825175342,0.011513008
2020-05-23,Eastern,Anti-N estimate,0.007288768,0.004237221,0.596707331,0.835212067,0.011548468
2020-05-30,Eastern,Anti-N estimate,0.007412828,0.004403827,0.612591473,0.847637927,0.011583328
2020-06-06,Eastern,Anti-N estimate,0.007517426,0.00451817,0.62691991,0.859810126,0.011685292
2020-06-13,Eastern,Anti-N estimate,0.007612707,0.004580418,0.633582248,0.873225075,0.011743579
2020-06-20,Eastern,Anti-N estimate,0.007707785,0.004551681,0.63767794,0.887159367,0.01205988
2020-06-27,Eastern,Anti-N estimate,0.007810862,0.004505051,0.63920396,0.902029495,0.012388026
2020-07-04,Eastern,Anti-N estimate,0.007929588,0.004493632,0.645746437,0.920942435,0.012639875
2020-07-11,Eastern,Anti-N estimate,0.008071978,0.004539503,0.653357106,0.93997495,0.012994365
2020-07-18,Eastern,Anti-N estimate,0.008245224,0.004608665,0.668674178,0.960073178,0.01318618
2020-07-25,Eastern,Anti-N estimate,0.008451025,0.004742053,0.68746122,0.980345621,0.013421858
2020-08-01,Eastern,Anti-N estimate,0.008691045,0.005012384,0.710586642,1.004778353,0.01359745
2020-08-08,Eastern,Anti-N estimate,0.008968216,0.005318647,0.743440213,1.032120242,0.013766242
2020-08-15,Eastern,Anti-N estimate,0.009286189,0.005639761,0.776761829,1.063501861,0.013987221
2020-08-22,Eastern,Anti-N estimate,0.009648835,0.006032215,0.81379511,1.097137846,0.014199724
2020-08-29,Eastern,Anti-N estimate,0.010059779,0.006441625,0.857088775,1.139336841,0.014544746
2020-09-05,Eastern,Anti-N estimate,0.010521966,0.006929896,0.904620627,1.183544839,0.015010602
2020-09-12,Eastern,Anti-N estimate,0.011037247,0.007367067,0.955672939,1.232713382,0.015544161
2020-09-19,Eastern,Anti-N estimate,0.011606021,0.007857753,1.00905426,1.295226961,0.016309641
2020-09-26,Eastern,Anti-N estimate,0.012226974,0.008403758,1.065740628,1.3638352,0.017233418
2020-10-03,Eastern,Anti-N estimate,0.01289699,0.008873198,1.121904729,1.439470951,0.017989792
2020-10-10,Eastern,Anti-N estimate,0.013611449,0.009363167,1.185743147,1.515728474,0.018819248
2020-10-17,Eastern,Anti-N estimate,0.014367178,0.00997559,1.25697096,1.598362771,0.019742851
2020-10-24,Eastern,Anti-N estimate,0.015163472,0.010677792,1.332946327,1.681802803,0.020660457
2020-10-31,Eastern,Anti-N estimate,0.01600042,0.011484874,1.416763089,1.769174042,0.021513357
2020-11-07,Eastern,Anti-N estimate,0.016878426,0.012394731,1.506626556,1.856639221,0.022313746
2020-11-14,Eastern,Anti-N estimate,0.017797723,0.013328306,1.597846148,1.947351778,0.023353502
2020-11-21,Eastern,Anti-N estimate,0.018757862,0.014234933,1.695828077,2.039519365,0.024250636
2020-11-28,Eastern,Anti-N estimate,0.019757188,0.015300293,1.795835646,2.138211681,0.025307993
2020-12-05,Eastern,Anti-N estimate,0.020792338,0.016198093,1.895476676,2.243400617,0.026408642
2020-12-12,Eastern,Anti-N estimate,0.021857805,0.017132982,1.999527674,2.357054825,0.027637322
2020-12-19,Eastern,Anti-N estimate,0.022945623,0.018023602,2.097611752,2.475869019,0.028933449
2020-12-26,Eastern,Anti-N estimate,0.024045225,0.018769867,2.196519881,2.591656251,0.030364357
2021-01-02,Eastern,Anti-N estimate,0.025143003,0.019567956,2.294394726,2.712851384,0.031820014
2021-01-09,Eastern,Anti-N estimate,0.026228009,0.020414654,2.386600293,2.831454356,0.03310122
2021-01-16,Eastern,Anti-N estimate,0.027295367,0.021268416,2.490583582,2.950750886,0.034373008
2021-01-23,Eastern,Anti-N estimate,0.028343439,0.022186974,2.589673008,3.062502983,0.035735062
2021-01-30,Eastern,Anti-N estimate,0.029372017,0.023061362,2.686744137,3.165352075,0.036738979
2021-02-06,Eastern,Anti-N estimate,0.030382114,0.023971304,2.787422748,3.268158461,0.037772339
2021-02-13,Eastern,Anti-N estimate,0.031375733,0.024892277,2.885670242,3.366654619,0.038638212
2021-02-20,Eastern,Anti-N estimate,0.032355622,0.025906176,2.988025653,3.462488258,0.039730335
2021-02-27,Eastern,Anti-N estimate,0.033325041,0.026950092,3.082749897,3.555222957,0.040618525
2021-03-06,Eastern,Anti-N estimate,0.034287545,0.02791421,3.177534903,3.651407813,0.0416349
2021-03-13,Eastern,Anti-N estimate,0.035246811,0.028590162,3.276054329,3.75624958,0.042617839
2021-03-20,Eastern,Anti-N estimate,0.0362065,0.029479934,3.365593592,3.865048517,0.043770347
2021-03-27,Eastern,Anti-N estimate,0.037170171,0.030259443,3.452059289,3.962884329,0.044762031
2021-04-03,Eastern,Anti-N estimate,0.038140427,0.03111997,3.540802203,4.070823885,0.046030385
2021-04-10,Eastern,Anti-N estimate,0.039122322,0.031839123,3.630124563,4.175405377,0.047239702
2021-04-17,Eastern,Anti-N estimate,0.040118457,0.032666092,3.724240248,4.282733331,0.048585646
2021-04-24,Eastern,Anti-N estimate,0.041132552,0.033572711,3.817042423,4.39178926,0.049980108
2021-05-01,Eastern,Anti-N estimate,0.042168547,0.034498823,3.914351326,4.498581789,0.050788565
2021-05-08,Eastern,Anti-N estimate,0.043224858,0.035348164,4.017187293,4.612075643,0.052110511
2021-05-15,Eastern,Anti-N estimate,0.044294941,0.036337747,4.12510887,4.719072002,0.053153043
2021-05-22,Eastern,Anti-N estimate,0.045371943,0.037383773,4.236138626,4.822632523,0.054299981
2021-05-29,Eastern,Anti-N estimate,0.046448611,0.03849395,4.34316014,4.927737886,0.055588575
2021-06-05,Eastern,Anti-N estimate,0.047517068,0.039431507,4.44404308,5.034947411,0.056724396
2021-06-12,Eastern,Anti-N estimate,0.048568629,0.040422399,4.554165977,5.145865168,0.057546174
2021-06-19,Eastern,Anti-N estimate,0.049593652,0.040987599,4.651352293,5.246948323,0.058842002
2021-06-26,Eastern,Anti-N estimate,0.050581437,0.041641173,4.745098485,5.356677499,0.060280614
2021-07-03,Eastern,Anti-N estimate,0.051519408,0.042165654,4.830916314,5.466661663,0.061388516
2021-07-10,Eastern,Anti-N estimate,0.052396202,0.042706542,4.909856708,5.566179397,0.062707359
2021-07-17,Eastern,Anti-N estimate,0.053197335,0.043104497,4.973139844,5.661931061,0.06405903
2021-07-24,Eastern,Anti-N estimate,0.053908297,0.043494665,5.023253049,5.751420862,0.065186893
2021-07-31,Eastern,Anti-N estimate,0.054514146,0.043835566,5.063506571,5.819194546,0.066393305
2021-08-07,Eastern,Anti-N estimate,0.054999905,0.043958715,5.096489622,5.878796238,0.067226382
2021-08-14,Eastern,Anti-N estimate,0.055351056,0.044100342,5.110386962,5.920229519,0.068077108
2021-08-21,Eastern,Anti-N estimate,0.055554106,0.044127765,5.120542768,5.947018298,0.068422424
2021-08-28,Eastern,Anti-N estimate,0.055608333,0.044117402,5.123043039,5.956779811,0.068544618
2021-09-04,Eastern,Anti-N estimate,0.055559187,0.044088162,5.117682289,5.959195745,0.068476684
2021-09-11,Eastern,Anti-N estimate,0.055463696,0.043934932,5.115664608,5.951172148,0.068152357
2021-09-18,Eastern,Anti-N estimate,0.055378218,0.043957615,5.102375121,5.940773968,0.067865718
2021-09-25,Eastern,Anti-N estimate,0.055357944,0.043912729,5.094649016,5.940698032,0.068164563
2021-10-02,Eastern,Anti-N estimate,0.055440994,0.043916364,5.110110509,5.960072568,0.068535685
2021-10-09,Eastern,Anti-N estimate,0.055712346,0.044074123,5.142299797,5.984385072,0.068948351
2021-10-16,Eastern,Anti-N estimate,0.056211558,0.04433536,5.179859581,6.037006182,0.069635653
2021-10-23,Eastern,Anti-N estimate,0.056996107,0.044713889,5.241081228,6.127091644,0.071011556
2021-10-30,Eastern,Anti-N estimate,0.058128688,0.045490354,5.340390029,6.254231015,0.072527607
2021-11-06,Eastern,Anti-N estimate,0.059680381,0.04655181,5.472421492,6.41950283,0.074599504
2021-11-13,Eastern,Anti-N estimate,0.061734703,0.0482572,5.653841076,6.649358996,0.077087479
2021-11-20,Eastern,Anti-N estimate,0.064392815,0.05050695,5.908196566,6.929791537,0.080636869
2021-11-27,Eastern,Anti-N estimate,0.067780273,0.053399563,6.232753408,7.274698023,0.084696898
2021-12-04,Eastern,Anti-N estimate,0.072055873,0.057038176,6.644926476,7.71729381,0.089738575
2021-12-11,Eastern,Anti-N estimate,0.077423324,0.061992151,7.165020616,8.276523615,0.095253687
2021-12-18,Eastern,Anti-N estimate,0.084143377,0.068237642,7.82579425,8.963039479,0.102138879
2021-12-25,Eastern,Anti-N estimate,0.092436357,0.076001872,8.643600854,9.806206913,0.110114196
2022-01-01,Eastern,Anti-N estimate,0.10239966,0.086026038,9.630101315,10.8116478,0.120311394
2022-01-08,Eastern,Anti-N estimate,0.114149501,0.097524232,10.7810737,12.01018857,0.13248021
2022-01-15,Eastern,Anti-N estimate,0.127708104,0.110591075,12.14493279,13.35908501,0.146622506
2022-01-22,Eastern,Anti-N estimate,0.143034718,0.125164391,13.66197807,14.90522998,0.162285483
2022-01-29,Eastern,Anti-N estimate,0.159981422,0.141104433,15.33891895,16.64162331,0.180400061
2022-02-05,Eastern,Anti-N estimate,0.178270701,0.158045821,17.14079781,18.52090637,0.19929085
2022-02-12,Eastern,Anti-N estimate,0.197485094,0.176175793,19.00750516,20.47498466,0.219732251
2022-02-19,Eastern,Anti-N estimate,0.217079062,0.19473804,20.95486309,22.46712368,0.239721172
2022-02-26,Eastern,Anti-N estimate,0.236618031,0.213911476,22.89334107,24.42984244,0.259426632
2022-03-05,Eastern,Anti-N estimate,0.255912795,0.233406914,24.81823794,26.37228123,0.278893148
2022-03-12,Eastern,Anti-N estimate,0.274818712,0.252778883,26.72253594,28.26359703,0.297823053
2022-03-19,Eastern,Anti-N estimate,0.293218896,0.271495288,28.53908737,30.08511666,0.315660417
2022-03-26,Eastern,Anti-N estimate,0.311022445,0.289683838,30.31597396,31.87146302,0.334202891
2022-04-02,Eastern,Anti-N estimate,0.328133932,0.306051828,31.97906606,33.58884706,0.352143892
2022-04-09,Eastern,Anti-N estimate,0.344572479,0.321365666,33.59347158,35.26839062,0.369979738
2022-04-16,Eastern,Anti-N estimate,0.360297396,0.335983099,35.146889,36.8603723,0.385800773
2022-04-23,Eastern,Anti-N estimate,0.375322037,0.350433885,36.64714776,38.38101767,0.400612108
2022-04-30,Eastern,Anti-N estimate,0.38965859,0.364778308,38.09318093,39.81951166,0.414482321
2022-05-07,Eastern,Anti-N estimate,0.403301906,0.379164218,39.46611715,41.16560093,0.427120576
2022-05-14,Eastern,Anti-N estimate,0.416250046,0.392704285,40.78246334,42.4270145,0.439791219
2022-05-21,Eastern,Anti-N estimate,0.428503596,0.405694156,42.01741556,43.6909361,0.45186668
2022-05-28,Eastern,Anti-N estimate,0.440065117,0.416361263,43.15776232,44.8243001,0.463360634
2022-06-04,Eastern,Anti-N estimate,0.450939685,0.426782928,44.21554113,45.9617773,0.475345453
2022-06-11,Eastern,Anti-N estimate,0.461135881,0.435370247,45.18866029,47.0177273,0.486201695
2022-06-18,Eastern,Anti-N estimate,0.470666718,0.443895082,46.13211384,48.01083269,0.4966806
2022-06-25,Eastern,Anti-N estimate,0.479552868,0.452163158,47.02579843,48.90488568,0.505685999
2022-07-02,Eastern,Anti-N estimate,0.487902117,0.461093182,47.87192011,49.73485245,0.513774243
2022-07-09,Eastern,Anti-N estimate,0.495958191,0.46942197,48.70077999,50.52939117,0.522609595
2022-07-16,Eastern,Anti-N estimate,0.503946977,0.47719952,49.48816067,51.33749553,0.530562904
2022-07-23,Eastern,Anti-N estimate,0.512103462,0.484893471,50.26657666,52.20744112,0.538784851
2022-07-30,Eastern,Anti-N estimate,0.520661115,0.492281978,51.08961639,53.08111716,0.54784381
2022-08-06,Eastern,Anti-N estimate,0.52985065,0.500730253,51.91885801,54.06573567,0.55876802
2022-08-13,Eastern,Anti-N estimate,0.539898295,0.5097676,52.88372586,55.10045935,0.570554264
2022-08-20,Eastern,Anti-N estimate,0.55102288,0.519409235,53.96708437,56.24705435,0.582784856
2022-08-27,Eastern,Anti-N estimate,0.563423387,0.531577177,55.20691656,57.48766122,0.59518171
2022-09-03,Eastern,Anti-N estimate,0.57703512,0.545559208,56.59130993,58.81063802,0.608512143
2022-09-10,Eastern,Anti-N estimate,0.591485448,0.560583974,58.03851942,60.23224785,0.621842092
2022-09-17,Eastern,Anti-N estimate,0.606384099,0.575439633,59.55758928,61.71417704,0.635865172
2022-09-24,Eastern,Anti-N estimate,0.621352993,0.589889799,61.07971484,63.20336333,0.650305035
2022-10-01,Eastern,Anti-N estimate,0.636039055,0.605088116,62.5652992,64.66137751,0.665593441
2022-10-08,Eastern,Anti-N estimate,0.650124598,0.619120518,63.99971601,66.09548958,0.679869848
2022-10-15,Eastern,Anti-N estimate,0.66333273,0.631433834,65.30345896,67.41783607,0.692925386
2022-10-22,Eastern,Anti-N estimate,0.675426451,0.643851164,66.51745697,68.63637795,0.70501799
2022-10-29,Eastern,Anti-N estimate,0.686206407,0.655170726,67.61410129,69.66948646,0.714940407
2022-11-05,Eastern,Anti-N estimate,0.69565383,0.665328387,68.6151095,70.5863201,0.723572458
2022-11-12,Eastern,Anti-N estimate,0.703936816,0.675508505,69.48847456,71.3604464,0.731085563
2022-11-19,Eastern,Anti-N estimate,0.711218403,0.683559821,70.21406097,72.0372335,0.737541314
2022-11-26,Eastern,Anti-N estimate,0.717650202,0.689795319,70.89545081,72.67108903,0.742783212
2022-12-03,Eastern,Anti-N estimate,0.723376792,0.69528585,71.4631506,73.25396796,0.749380671
2022-12-10,Eastern,Anti-N estimate,0.728538482,0.700220852,71.94311348,73.79529918,0.755111175
2022-12-17,Eastern,Anti-N estimate,0.733272314,0.704042568,72.3599168,74.30210249,0.760505212
2022-12-24,Eastern,Anti-N estimate,0.737711259,0.707726264,72.76332509,74.7643759,0.765426205
2022-12-31,Eastern,Anti-N estimate,0.741979589,0.711377468,73.16871321,75.20431735,0.770052252
2023-01-07,Eastern,Anti-N estimate,0.746126863,0.715814121,73.60266811,75.60922132,0.774160691
2023-01-14,Eastern,Anti-N estimate,0.750118146,0.719954773,73.9949694,76.01367937,0.777324601
2023-01-21,Eastern,Anti-N estimate,0.753914389,0.724442826,74.3971827,76.37266176,0.780873431
2023-01-28,Eastern,Anti-N estimate,0.757481926,0.727875933,74.79200892,76.74156288,0.784188126
2023-02-04,Eastern,Anti-N estimate,0.760795509,0.730743611,75.09839084,77.10470054,0.788105848
2023-02-11,Eastern,Anti-N estimate,0.763839426,0.732083684,75.41237878,77.44091754,0.791525303
2023-02-18,Eastern,Anti-N estimate,0.766606642,0.733327463,75.65852426,77.72982122,0.795207559
2023-02-25,Eastern,Anti-N estimate,0.769095908,0.734986884,75.9007354,77.97990487,0.798406031
2023-03-04,Eastern,Anti-N estimate,0.771307109,0.737298839,76.12634082,78.23896671,0.8008391
2023-03-11,Eastern,Anti-N estimate,0.773242156,0.739682127,76.33894641,78.40844965,0.802377927
2023-03-18,Eastern,Anti-N estimate,0.774904226,0.742455084,76.51664473,78.56015576,0.80346335
2023-03-25,Eastern,Anti-N estimate,0.776294086,0.744620153,76.64322393,78.67837145,0.804062554
2023-04-01,Eastern,Anti-N estimate,0.777414626,0.746002707,76.75416728,78.79307776,0.805020137
2023-04-08,Eastern,Anti-N estimate,0.778274268,0.746012732,76.78548721,78.92853953,0.806422667
2023-04-15,Eastern,Anti-N estimate,0.778888626,0.745812751,76.87431734,79.02570125,0.807757477
2023-04-22,Eastern,Anti-N estimate,0.779280399,0.745253554,76.88545958,79.08411439,0.80847521
2023-04-29,Eastern,Anti-N estimate,0.779477513,0.744930811,76.88379722,79.14325154,0.809420423
2023-05-06,Eastern,Anti-N estimate,0.779509832,0.745040349,76.85275391,79.1528896,0.809183542
2023-05-13,Eastern,Anti-N estimate,0.779412584,0.745339783,76.84206357,79.12021018,0.808350002
2023-05-20,Eastern,Anti-N estimate,0.7792249,0.746202563,76.87546179,79.05856188,0.807307041
2023-05-27,Eastern,Anti-N estimate,0.778982589,0.747277312,76.89278437,78.96900248,0.806473429
2023-06-03,Eastern,Anti-N estimate,0.778721301,0.74861011,76.91558715,78.89208791,0.805915942
2023-06-10,Eastern,Anti-N estimate,0.778479354,0.749150499,76.93817642,78.84178475,0.805114666
2023-06-17,Eastern,Anti-N estimate,0.778299576,0.749315475,76.9215599,78.78725395,0.804151583
2023-06-24,Eastern,Anti-N estimate,0.778230112,0.749592201,76.92532372,78.77324876,0.80405386
2023-07-01,Eastern,Anti-N estimate,0.778324194,0.750072209,76.93817724,78.7819198,0.803980961
2023-07-08,Eastern,Anti-N estimate,0.778637905,0.750425943,76.97021042,78.81445568,0.804428146
2023-07-15,Eastern,Anti-N estimate,0.779196902,0.751225891,77.03248877,78.8512438,0.804921331
2023-07-22,Eastern,Anti-N estimate,0.779985977,0.753103868,77.11730298,78.89472233,0.805185335
2023-07-29,Eastern,Anti-N estimate,0.780984079,0.754703459,77.23037407,78.97139402,0.805619972
2023-08-05,Eastern,Anti-N estimate,0.782167477,0.756704704,77.38601369,79.05267462,0.805782956
2023-08-12,Eastern,Anti-N estimate,0.783510615,0.759261593,77.55748668,79.14591456,0.806703542
2023-08-19,Eastern,Anti-N estimate,0.784986875,0.761888429,77.75181619,79.25111967,0.807120946
2023-08-26,Eastern,Anti-N estimate,0.786569262,0.764252157,77.920346,79.39314816,0.808548031
2023-09-02,Eastern,Anti-N estimate,0.788231009,0.766761935,78.10003131,79.54584171,0.809746755
2023-09-09,Eastern,Anti-N estimate,0.789946092,0.768672096,78.25094425,79.72643276,0.81113902
2023-09-16,Eastern,Anti-N estimate,0.791689673,0.76987275,78.42264585,79.9417875,0.812801784
2023-09-23,Eastern,Anti-N estimate,0.793438441,0.770308655,78.55044892,80.14812053,0.815323958
2023-09-30,Eastern,Anti-N estimate,0.795170866,0.770705285,78.65736343,80.37664739,0.818744162
2020-03-07,MB,Anti-N estimate,0.003326353,0.001466458,NA,NA,0.005915304
2020-03-14,MB,Anti-N estimate,0.003833124,0.001642556,NA,NA,0.006916926
2020-03-21,MB,Anti-N estimate,0.004366122,0.001823629,NA,NA,0.008022659
2020-03-28,MB,Anti-N estimate,0.00490875,0.002050388,NA,NA,0.009108021
2020-04-04,MB,Anti-N estimate,0.005440086,0.002248381,NA,NA,0.01014854
2020-04-11,MB,Anti-N estimate,0.005936065,0.002510567,NA,NA,0.011089442
2020-04-18,MB,Anti-N estimate,0.006371687,0.002743088,NA,NA,0.011852003
2020-04-25,MB,Anti-N estimate,0.006732757,0.003007282,NA,NA,0.012382078
2020-05-02,MB,Anti-N estimate,0.007021497,0.003268303,NA,NA,0.012546284
2020-05-09,MB,Anti-N estimate,0.007246341,0.00355541,NA,NA,0.012604476
2020-05-16,MB,Anti-N estimate,0.007419455,0.003827036,NA,NA,0.01260869
2020-05-23,MB,Anti-N estimate,0.007554951,0.004107591,NA,NA,0.012533232
2020-05-30,MB,Anti-N estimate,0.007667449,0.004290565,NA,NA,0.012594214
2020-06-06,MB,Anti-N estimate,0.007771098,0.004340412,NA,NA,0.012702619
2020-06-13,MB,Anti-N estimate,0.007879088,0.004382694,NA,NA,0.012845195
2020-06-20,MB,Anti-N estimate,0.008003599,0.004391079,NA,NA,0.013104082
2020-06-27,MB,Anti-N estimate,0.008156137,0.004409572,NA,NA,0.013438095
2020-07-04,MB,Anti-N estimate,0.008348232,0.004386809,NA,NA,0.013980785
2020-07-11,MB,Anti-N estimate,0.008592519,0.004477655,NA,NA,0.014413617
2020-07-18,MB,Anti-N estimate,0.00890114,0.004698591,NA,NA,0.014841936
2020-07-25,MB,Anti-N estimate,0.009277323,0.004953508,NA,NA,0.015447533
2020-08-01,MB,Anti-N estimate,0.009723786,0.005296993,NA,NA,0.016139869
2020-08-08,MB,Anti-N estimate,0.010245045,0.005772853,NA,NA,0.016652229
2020-08-15,MB,Anti-N estimate,0.010846732,0.006292347,NA,NA,0.017451812
2020-08-22,MB,Anti-N estimate,0.011534905,0.006928943,NA,NA,0.01803878
2020-08-29,MB,Anti-N estimate,0.01231528,0.0075503,NA,NA,0.018868026
2020-09-05,MB,Anti-N estimate,0.013192363,0.008167946,NA,NA,0.019979927
2020-09-12,MB,Anti-N estimate,0.014168476,0.008961739,NA,NA,0.021056834
2020-09-19,MB,Anti-N estimate,0.015242716,0.00962728,NA,NA,0.02247047
2020-09-26,MB,Anti-N estimate,0.016409946,0.010415312,NA,NA,0.024139587
2020-10-03,MB,Anti-N estimate,0.017659969,0.011249616,NA,NA,0.025983249
2020-10-10,MB,Anti-N estimate,0.018977557,0.012131895,NA,NA,0.02781591
2020-10-17,MB,Anti-N estimate,0.020350316,0.013109085,NA,NA,0.029592018
2020-10-24,MB,Anti-N estimate,0.021770929,0.014204166,NA,NA,0.031239229
2020-10-31,MB,Anti-N estimate,0.023232281,0.015450893,NA,NA,0.032912691
2020-11-07,MB,Anti-N estimate,0.024726855,0.016708686,NA,NA,0.034624721
2020-11-14,MB,Anti-N estimate,0.026246203,0.018116145,NA,NA,0.036398041
2020-11-21,MB,Anti-N estimate,0.027780369,0.019675755,NA,NA,0.038204846
2020-11-28,MB,Anti-N estimate,0.029317312,0.021044533,NA,NA,0.03994956
2020-12-05,MB,Anti-N estimate,0.030842406,0.022352473,NA,NA,0.041606778
2020-12-12,MB,Anti-N estimate,0.032338084,0.023727258,NA,NA,0.043428247
2020-12-19,MB,Anti-N estimate,0.033783723,0.0247723,NA,NA,0.045377804
2020-12-26,MB,Anti-N estimate,0.035155842,0.025828515,NA,NA,0.046739364
2021-01-02,MB,Anti-N estimate,0.036428705,0.026728115,NA,NA,0.04839682
2021-01-09,MB,Anti-N estimate,0.037581757,0.027582735,NA,NA,0.049873987
2021-01-16,MB,Anti-N estimate,0.038612818,0.028487044,NA,NA,0.051067796
2021-01-23,MB,Anti-N estimate,0.039526238,0.029264031,NA,NA,0.051881178
2021-01-30,MB,Anti-N estimate,0.040329828,0.030301777,NA,NA,0.052437154
2021-02-06,MB,Anti-N estimate,0.04103423,0.031082061,NA,NA,0.052810951
2021-02-13,MB,Anti-N estimate,0.041652272,0.031872521,NA,NA,0.053001389
2021-02-20,MB,Anti-N estimate,0.042198366,0.032674153,NA,NA,0.053134074
2021-02-27,MB,Anti-N estimate,0.042687976,0.033320974,NA,NA,0.053211486
2021-03-06,MB,Anti-N estimate,0.043137177,0.033831052,NA,NA,0.053609003
2021-03-13,MB,Anti-N estimate,0.04356232,0.034383832,NA,NA,0.053898125
2021-03-20,MB,Anti-N estimate,0.04397982,0.034922218,NA,NA,0.05411809
2021-03-27,MB,Anti-N estimate,0.044406056,0.035345148,NA,NA,0.054662181
2021-04-03,MB,Anti-N estimate,0.044857396,0.035664214,NA,NA,0.055449418
2021-04-10,MB,Anti-N estimate,0.045350338,0.035917571,NA,NA,0.056247421
2021-04-17,MB,Anti-N estimate,0.045901781,0.036295632,NA,NA,0.057002634
2021-04-24,MB,Anti-N estimate,0.04652942,0.036818791,NA,NA,0.057807601
2021-05-01,MB,Anti-N estimate,0.047251182,0.037398143,NA,NA,0.058588906
2021-05-08,MB,Anti-N estimate,0.048068212,0.038175091,NA,NA,0.059590768
2021-05-15,MB,Anti-N estimate,0.048966964,0.039130837,NA,NA,0.060504572
2021-05-22,MB,Anti-N estimate,0.049933111,0.040006048,NA,NA,0.061522422
2021-05-29,MB,Anti-N estimate,0.050951523,0.041136569,NA,NA,0.062515629
2021-06-05,MB,Anti-N estimate,0.052005839,0.042021348,NA,NA,0.063396898
2021-06-12,MB,Anti-N estimate,0.05307812,0.043137457,NA,NA,0.064159477
2021-06-19,MB,Anti-N estimate,0.054148586,0.044053275,NA,NA,0.065302122
2021-06-26,MB,Anti-N estimate,0.055195449,0.044968478,NA,NA,0.066511522
2021-07-03,MB,Anti-N estimate,0.056194862,0.045563599,NA,NA,0.067851707
2021-07-10,MB,Anti-N estimate,0.057121,0.046032456,NA,NA,0.069369637
2021-07-17,MB,Anti-N estimate,0.057946308,0.046490009,NA,NA,0.070855789
2021-07-24,MB,Anti-N estimate,0.058641898,0.046708516,NA,NA,0.072140093
2021-07-31,MB,Anti-N estimate,0.059178146,0.046903666,NA,NA,0.073013532
2021-08-07,MB,Anti-N estimate,0.059525456,0.046924805,NA,NA,0.07385147
2021-08-14,MB,Anti-N estimate,0.059655207,0.046706258,NA,NA,0.074186344
2021-08-21,MB,Anti-N estimate,0.059540858,0.046433729,NA,NA,0.074122672
2021-08-28,MB,Anti-N estimate,0.059176933,0.046326033,NA,NA,0.073732922
2021-09-04,MB,Anti-N estimate,0.058632093,0.046082282,NA,NA,0.072916344
2021-09-11,MB,Anti-N estimate,0.057992686,0.045801437,NA,NA,0.071909412
2021-09-18,MB,Anti-N estimate,0.057342693,0.045434082,NA,NA,0.070959587
2021-09-25,MB,Anti-N estimate,0.056762748,0.04500888,NA,NA,0.069988938
2021-10-02,MB,Anti-N estimate,0.056330297,0.044880231,NA,NA,0.06922096
2021-10-09,MB,Anti-N estimate,0.056120813,0.044947729,NA,NA,0.068741307
2021-10-16,MB,Anti-N estimate,0.056210047,0.045038579,NA,NA,0.068596936
2021-10-23,MB,Anti-N estimate,0.056677282,0.04549467,NA,NA,0.069365152
2021-10-30,MB,Anti-N estimate,0.057609709,0.046160878,NA,NA,0.070537702
2021-11-06,MB,Anti-N estimate,0.05910809,0.04723413,NA,NA,0.072144675
2021-11-13,MB,Anti-N estimate,0.061294105,0.049019671,NA,NA,0.074958962
2021-11-20,MB,Anti-N estimate,0.064319914,0.051523229,NA,NA,0.07865142
2021-11-27,MB,Anti-N estimate,0.068380779,0.054977224,NA,NA,0.083377405
2021-12-04,MB,Anti-N estimate,0.073731862,0.059573614,NA,NA,0.089203083
2021-12-11,MB,Anti-N estimate,0.08071067,0.066010636,NA,NA,0.096914358
2021-12-18,MB,Anti-N estimate,0.089760935,0.074432796,NA,NA,0.106585099
2021-12-25,MB,Anti-N estimate,0.101256746,0.085058759,NA,NA,0.11877586
2022-01-01,MB,Anti-N estimate,0.115363398,0.098479296,NA,NA,0.133678813
2022-01-08,MB,Anti-N estimate,0.132159193,0.114731031,NA,NA,0.15134696
2022-01-15,MB,Anti-N estimate,0.151581685,0.133309076,NA,NA,0.171777371
2022-01-22,MB,Anti-N estimate,0.173362452,0.153391033,NA,NA,0.194493181
2022-01-29,MB,Anti-N estimate,0.196977036,0.175553442,NA,NA,0.21964692
2022-02-05,MB,Anti-N estimate,0.221625138,0.198081679,NA,NA,0.246510086
2022-02-12,MB,Anti-N estimate,0.246250863,0.220878424,NA,NA,0.273012879
2022-02-19,MB,Anti-N estimate,0.269617492,0.243215756,NA,NA,0.297626067
2022-02-26,MB,Anti-N estimate,0.290917209,0.264004191,NA,NA,0.318522148
2022-03-05,MB,Anti-N estimate,0.310060839,0.283415685,NA,NA,0.33715176
2022-03-12,MB,Anti-N estimate,0.327140311,0.301327295,NA,NA,0.353678784
2022-03-19,MB,Anti-N estimate,0.342359755,0.316874625,NA,NA,0.368493981
2022-03-26,MB,Anti-N estimate,0.356006645,0.330090709,NA,NA,0.382372612
2022-04-02,MB,Anti-N estimate,0.368429178,0.34108743,NA,NA,0.394860313
2022-04-09,MB,Anti-N estimate,0.38001965,0.351701065,NA,NA,0.407610607
2022-04-16,MB,Anti-N estimate,0.391202978,0.361927174,NA,NA,0.419608088
2022-04-23,MB,Anti-N estimate,0.402422014,0.373138708,NA,NA,0.430946328
2022-04-30,MB,Anti-N estimate,0.41389727,0.385339794,NA,NA,0.442565018
2022-05-07,MB,Anti-N estimate,0.425562551,0.397934611,NA,NA,0.453868332
2022-05-14,MB,Anti-N estimate,0.437330321,0.410707379,NA,NA,0.464703574
2022-05-21,MB,Anti-N estimate,0.44910886,0.422406006,NA,NA,0.475705792
2022-05-28,MB,Anti-N estimate,0.460803269,0.433988111,NA,NA,0.487857029
2022-06-04,MB,Anti-N estimate,0.472317065,0.44439482,NA,NA,0.500241276
2022-06-11,MB,Anti-N estimate,0.483553983,0.453959039,NA,NA,0.512165887
2022-06-18,MB,Anti-N estimate,0.494419561,0.464260927,NA,NA,0.52421045
2022-06-25,MB,Anti-N estimate,0.504824435,0.474809336,NA,NA,0.535029567
2022-07-02,MB,Anti-N estimate,0.514757658,0.485726675,NA,NA,0.544560732
2022-07-09,MB,Anti-N estimate,0.524300692,0.496167451,NA,NA,0.552917288
2022-07-16,MB,Anti-N estimate,0.533540504,0.505850116,NA,NA,0.561634631
2022-07-23,MB,Anti-N estimate,0.542563919,0.514301842,NA,NA,0.570539856
2022-07-30,MB,Anti-N estimate,0.551457789,0.521717245,NA,NA,0.580277762
2022-08-06,MB,Anti-N estimate,0.560309207,0.528945795,NA,NA,0.590339517
2022-08-13,MB,Anti-N estimate,0.569205499,0.536713889,NA,NA,0.600693519
2022-08-20,MB,Anti-N estimate,0.578233731,0.544479888,NA,NA,0.610535519
2022-08-27,MB,Anti-N estimate,0.587478023,0.553980344,NA,NA,0.619585343
2022-09-03,MB,Anti-N estimate,0.596970864,0.564934736,NA,NA,0.628091899
2022-09-10,MB,Anti-N estimate,0.606683051,0.575866789,NA,NA,0.636501466
2022-09-17,MB,Anti-N estimate,0.616579861,0.58676892,NA,NA,0.645053727
2022-09-24,MB,Anti-N estimate,0.626626071,0.597563072,NA,NA,0.654803131
2022-10-01,MB,Anti-N estimate,0.636787569,0.606993696,NA,NA,0.665205341
2022-10-08,MB,Anti-N estimate,0.647032663,0.615771179,NA,NA,0.676385886
2022-10-15,MB,Anti-N estimate,0.657332763,0.624622498,NA,NA,0.687151728
2022-10-22,MB,Anti-N estimate,0.667662113,0.634017185,NA,NA,0.698039556
2022-10-29,MB,Anti-N estimate,0.677994732,0.644726416,NA,NA,0.708242317
2022-11-05,MB,Anti-N estimate,0.688252131,0.656522868,NA,NA,0.717782617
2022-11-12,MB,Anti-N estimate,0.698295959,0.668322211,NA,NA,0.726571758
2022-11-19,MB,Anti-N estimate,0.707991894,0.679103431,NA,NA,0.735781041
2022-11-26,MB,Anti-N estimate,0.717216469,0.689247858,NA,NA,0.744976687
2022-12-03,MB,Anti-N estimate,0.725859035,0.697969877,NA,NA,0.753591056
2022-12-10,MB,Anti-N estimate,0.733822242,0.705780771,NA,NA,0.761389014
2022-12-17,MB,Anti-N estimate,0.741020779,0.711741964,NA,NA,0.769272694
2022-12-24,MB,Anti-N estimate,0.74737831,0.717896316,NA,NA,0.775426839
2022-12-31,MB,Anti-N estimate,0.752825397,0.724113385,NA,NA,0.780367134
2023-01-07,MB,Anti-N estimate,0.757380671,0.729708378,NA,NA,0.784154648
2023-01-14,MB,Anti-N estimate,0.761161932,0.73458852,NA,NA,0.786602488
2023-01-21,MB,Anti-N estimate,0.764284692,0.738867925,NA,NA,0.78854467
2023-01-28,MB,Anti-N estimate,0.766860407,0.741839611,NA,NA,0.791836671
2023-02-04,MB,Anti-N estimate,0.768999901,0.743146226,NA,NA,0.794692569
2023-02-11,MB,Anti-N estimate,0.770815276,0.743578491,NA,NA,0.797442624
2023-02-18,MB,Anti-N estimate,0.772420287,0.743199821,NA,NA,0.800495585
2023-02-25,MB,Anti-N estimate,0.773929169,0.744163169,NA,NA,0.802606253
2023-03-04,MB,Anti-N estimate,0.77545181,0.745100473,NA,NA,0.804285834
2023-03-11,MB,Anti-N estimate,0.77702149,0.747385958,NA,NA,0.805489237
2023-03-18,MB,Anti-N estimate,0.778581243,0.749479823,NA,NA,0.80563874
2023-03-25,MB,Anti-N estimate,0.78006859,0.752130053,NA,NA,0.806449289
2023-04-01,MB,Anti-N estimate,0.781423857,0.753797579,NA,NA,0.807099873
2023-04-08,MB,Anti-N estimate,0.782592214,0.755375072,NA,NA,0.808526144
2023-04-15,MB,Anti-N estimate,0.783524481,0.756672813,NA,NA,0.809986078
2023-04-22,MB,Anti-N estimate,0.784176712,0.755827521,NA,NA,0.810791567
2023-04-29,MB,Anti-N estimate,0.784508522,0.755179863,NA,NA,0.81183135
2023-05-06,MB,Anti-N estimate,0.78448208,0.7547245,NA,NA,0.811767796
2023-05-13,MB,Anti-N estimate,0.784119035,0.754879264,NA,NA,0.810589745
2023-05-20,MB,Anti-N estimate,0.783511511,0.755658709,NA,NA,0.808959673
2023-05-27,MB,Anti-N estimate,0.782753671,0.755965923,NA,NA,0.807204502
2023-06-03,MB,Anti-N estimate,0.781940308,0.757104775,NA,NA,0.806076598
2023-06-10,MB,Anti-N estimate,0.781168964,0.757709812,NA,NA,0.804900721
2023-06-17,MB,Anti-N estimate,0.780541068,0.757109405,NA,NA,0.803640807
2023-06-24,MB,Anti-N estimate,0.78016208,0.756509277,NA,NA,0.803664806
2023-07-01,MB,Anti-N estimate,0.780140652,0.755776787,NA,NA,0.804251078
2023-07-08,MB,Anti-N estimate,0.780584861,0.755245124,NA,NA,0.805282869
2023-07-15,MB,Anti-N estimate,0.78153666,0.756295771,NA,NA,0.806135417
2023-07-22,MB,Anti-N estimate,0.782956175,0.75752584,NA,NA,0.807060106
2023-07-29,MB,Anti-N estimate,0.784795362,0.759675235,NA,NA,0.808846691
2023-08-05,MB,Anti-N estimate,0.787003746,0.7626849,NA,NA,0.810235212
2023-08-12,MB,Anti-N estimate,0.78952944,0.765931706,NA,NA,0.811654763
2023-08-19,MB,Anti-N estimate,0.792320047,0.770195865,NA,NA,0.813488139
2023-08-26,MB,Anti-N estimate,0.795323484,0.774017083,NA,NA,0.815894258
2023-09-02,MB,Anti-N estimate,0.798488704,0.777412524,NA,NA,0.818317582
2023-09-09,MB,Anti-N estimate,0.801766321,0.780693768,NA,NA,0.821610997
2023-09-16,MB,Anti-N estimate,0.805109129,0.782842891,NA,NA,0.82591512
2023-09-23,MB,Anti-N estimate,0.808472508,0.784258836,NA,NA,0.831506184
2023-09-30,MB,Anti-N estimate,0.811814715,0.78521202,NA,NA,0.836788623
2020-03-07,MB,Anti-S estimate,0.004042854,0.001190058,NA,NA,0.013058058
2020-03-14,MB,Anti-S estimate,0.004623263,0.001338486,NA,NA,0.014880414
2020-03-21,MB,Anti-S estimate,0.005227426,0.001494841,NA,NA,0.016923567
2020-03-28,MB,Anti-S estimate,0.00583678,0.001664179,NA,NA,0.018672013
2020-04-04,MB,Anti-S estimate,0.006428688,0.001857625,NA,NA,0.020244568
2020-04-11,MB,Anti-S estimate,0.006977725,0.002028199,NA,NA,0.021847765
2020-04-18,MB,Anti-S estimate,0.007457906,0.002228939,NA,NA,0.022869508
2020-04-25,MB,Anti-S estimate,0.007855096,0.002426288,NA,NA,0.023508959
2020-05-02,MB,Anti-S estimate,0.008172623,0.002634881,NA,NA,0.024149158
2020-05-09,MB,Anti-S estimate,0.008420082,0.002846194,NA,NA,0.025116875
2020-05-16,MB,Anti-S estimate,0.00861078,0.00303929,NA,NA,0.025490905
2020-05-23,MB,Anti-S estimate,0.008759957,0.003191052,NA,NA,0.025820639
2020-05-30,MB,Anti-S estimate,0.008883366,0.003329364,NA,NA,0.025529837
2020-06-06,MB,Anti-S estimate,0.008996309,0.003400336,NA,NA,0.026475534
2020-06-13,MB,Anti-S estimate,0.009113143,0.003450061,NA,NA,0.0268196
2020-06-20,MB,Anti-S estimate,0.009247229,0.003420371,NA,NA,0.02716515
2020-06-27,MB,Anti-S estimate,0.009411269,0.00341932,NA,NA,0.027599874
2020-07-04,MB,Anti-S estimate,0.009618012,0.003439475,NA,NA,0.02807703
2020-07-11,MB,Anti-S estimate,0.009881324,0.003535705,NA,NA,0.029054873
2020-07-18,MB,Anti-S estimate,0.010214281,0.003659767,NA,NA,0.029989768
2020-07-25,MB,Anti-S estimate,0.010619759,0.003824565,NA,NA,0.030834189
2020-08-01,MB,Anti-S estimate,0.01109972,0.00409694,NA,NA,0.031734034
2020-08-08,MB,Anti-S estimate,0.011657786,0.004431779,NA,NA,0.032984406
2020-08-15,MB,Anti-S estimate,0.012298524,0.004842156,NA,NA,0.034635416
2020-08-22,MB,Anti-S estimate,0.013026723,0.005272792,NA,NA,0.036307184
2020-08-29,MB,Anti-S estimate,0.013846615,0.005667482,NA,NA,0.037767967
2020-09-05,MB,Anti-S estimate,0.014761033,0.006165048,NA,NA,0.039384112
2020-09-12,MB,Anti-S estimate,0.015770495,0.006791592,NA,NA,0.041218407
2020-09-19,MB,Anti-S estimate,0.016872283,0.007324847,NA,NA,0.043474385
2020-09-26,MB,Anti-S estimate,0.018059591,0.007834131,NA,NA,0.04566104
2020-10-03,MB,Anti-S estimate,0.0193209,0.008372645,NA,NA,0.048006796
2020-10-10,MB,Anti-S estimate,0.020640181,0.00902273,NA,NA,0.05053526
2020-10-17,MB,Anti-S estimate,0.02200469,0.009715711,NA,NA,0.053213336
2020-10-24,MB,Anti-S estimate,0.023406875,0.010585826,NA,NA,0.055825794
2020-10-31,MB,Anti-S estimate,0.024839442,0.01145451,NA,NA,0.058064036
2020-11-07,MB,Anti-S estimate,0.026294785,0.012444915,NA,NA,0.060249545
2020-11-14,MB,Anti-S estimate,0.027764517,0.013454798,NA,NA,0.062366969
2020-11-21,MB,Anti-S estimate,0.029238982,0.014425381,NA,NA,0.064585492
2020-11-28,MB,Anti-S estimate,0.030706789,0.015406,NA,NA,0.066189735
2020-12-05,MB,Anti-S estimate,0.032154418,0.016318788,NA,NA,0.068020646
2020-12-12,MB,Anti-S estimate,0.033565974,0.017172665,NA,NA,0.070306006
2020-12-19,MB,Anti-S estimate,0.034923124,0.01806947,NA,NA,0.071920805
2020-12-26,MB,Anti-S estimate,0.036205307,0.018771428,NA,NA,0.073606913
2021-01-02,MB,Anti-S estimate,0.037390255,0.01953998,NA,NA,0.075626202
2021-01-09,MB,Anti-S estimate,0.041924619,0.022286639,NA,NA,0.082207612
2021-01-16,MB,Anti-S estimate,0.046843098,0.025444442,NA,NA,0.089576963
2021-01-23,MB,Anti-S estimate,0.052220662,0.028961901,NA,NA,0.096178411
2021-01-30,MB,Anti-S estimate,0.058156906,0.032786915,NA,NA,0.105426776
2021-02-06,MB,Anti-S estimate,0.064780589,0.037314414,NA,NA,0.114949029
2021-02-13,MB,Anti-S estimate,0.072255228,0.042402867,NA,NA,0.124913176
2021-02-20,MB,Anti-S estimate,0.080786021,0.048435747,NA,NA,0.135797188
2021-02-27,MB,Anti-S estimate,0.090628363,0.055329581,NA,NA,0.148120605
2021-03-06,MB,Anti-S estimate,0.102097988,0.063748263,NA,NA,0.163159882
2021-03-13,MB,Anti-S estimate,0.115582499,0.073659653,NA,NA,0.179946479
2021-03-20,MB,Anti-S estimate,0.13155334,0.085148883,NA,NA,0.199014241
2021-03-27,MB,Anti-S estimate,0.150576172,0.099753375,NA,NA,0.222285351
2021-04-03,MB,Anti-S estimate,0.173315768,0.117173859,NA,NA,0.247694976
2021-04-10,MB,Anti-S estimate,0.2005289,0.138806155,NA,NA,0.278051987
2021-04-17,MB,Anti-S estimate,0.233035442,0.165231211,NA,NA,0.315420182
2021-04-24,MB,Anti-S estimate,0.271655115,0.197799248,NA,NA,0.358988449
2021-05-01,MB,Anti-S estimate,0.317070325,0.23848973,NA,NA,0.407377795
2021-05-08,MB,Anti-S estimate,0.369197276,0.285597098,NA,NA,0.461319192
2021-05-15,MB,Anti-S estimate,0.426973278,0.340031299,NA,NA,0.520225908
2021-05-22,MB,Anti-S estimate,0.488675554,0.399262213,NA,NA,0.580564556
2021-05-29,MB,Anti-S estimate,0.552102319,0.461737776,NA,NA,0.640930848
2021-06-05,MB,Anti-S estimate,0.614850654,0.524139554,NA,NA,0.699705244
2021-06-12,MB,Anti-S estimate,0.674619102,0.585368007,NA,NA,0.753626425
2021-06-19,MB,Anti-S estimate,0.729472174,0.643391097,NA,NA,0.802690654
2021-06-26,MB,Anti-S estimate,0.778034628,0.69374096,NA,NA,0.84436481
2021-07-03,MB,Anti-S estimate,0.81959001,0.739386194,NA,NA,0.87805974
2021-07-10,MB,Anti-S estimate,0.854062346,0.781300688,NA,NA,0.905509288
2021-07-17,MB,Anti-S estimate,0.88188951,0.815987638,NA,NA,0.927260423
2021-07-24,MB,Anti-S estimate,0.903834994,0.842676785,NA,NA,0.942849491
2021-07-31,MB,Anti-S estimate,0.9207984,0.864539708,NA,NA,0.954487405
2021-08-07,MB,Anti-S estimate,0.933667671,0.881789458,NA,NA,0.963066745
2021-08-14,MB,Anti-S estimate,0.943227168,0.89564717,NA,NA,0.969124875
2021-08-21,MB,Anti-S estimate,0.950113661,0.905910531,NA,NA,0.973177934
2021-08-28,MB,Anti-S estimate,0.954850799,0.913219995,NA,NA,0.9760374
2021-09-04,MB,Anti-S estimate,0.957969746,0.917952967,NA,NA,0.977818388
2021-09-11,MB,Anti-S estimate,0.959865522,0.921328224,NA,NA,0.978784958
2021-09-18,MB,Anti-S estimate,0.960807202,0.922968281,NA,NA,0.979320071
2021-09-25,MB,Anti-S estimate,0.96098387,0.923518962,NA,NA,0.979205624
2021-10-02,MB,Anti-S estimate,0.960536083,0.922608591,NA,NA,0.978727926
2021-10-09,MB,Anti-S estimate,0.959578359,0.92149056,NA,NA,0.978011077
2021-10-16,MB,Anti-S estimate,0.958216003,0.918887291,NA,NA,0.977170849
2021-10-23,MB,Anti-S estimate,0.956558098,0.91639161,NA,NA,0.976203322
2021-10-30,MB,Anti-S estimate,0.954727357,0.913961091,NA,NA,0.975205662
2021-11-06,MB,Anti-S estimate,0.952866723,0.911941907,NA,NA,0.974171907
2021-11-13,MB,Anti-S estimate,0.951142034,0.910699832,NA,NA,0.973147443
2021-11-20,MB,Anti-S estimate,0.949739793,0.9087255,NA,NA,0.972267125
2021-11-27,MB,Anti-S estimate,0.948859162,0.907919119,NA,NA,0.971632803
2021-12-04,MB,Anti-S estimate,0.948697679,0.907500068,NA,NA,0.971576181
2021-12-11,MB,Anti-S estimate,0.949431054,0.908843047,NA,NA,0.971911936
2021-12-18,MB,Anti-S estimate,0.951183862,0.911879456,NA,NA,0.972868026
2021-12-25,MB,Anti-S estimate,0.953863417,0.916281645,NA,NA,0.974431935
2022-01-01,MB,Anti-S estimate,0.957162651,0.921572591,NA,NA,0.976292332
2022-01-08,MB,Anti-S estimate,0.960780964,0.926996548,NA,NA,0.978427644
2022-01-15,MB,Anti-S estimate,0.964461374,0.933024556,NA,NA,0.980731482
2022-01-22,MB,Anti-S estimate,0.96800332,0.937981822,NA,NA,0.982833216
2022-01-29,MB,Anti-S estimate,0.971264341,0.943300474,NA,NA,0.984753481
2022-02-05,MB,Anti-S estimate,0.974153716,0.947939262,NA,NA,0.986399929
2022-02-12,MB,Anti-S estimate,0.976621422,0.952061438,NA,NA,0.987958349
2022-02-19,MB,Anti-S estimate,0.978646893,0.956026326,NA,NA,0.989051481
2022-02-26,MB,Anti-S estimate,0.980274547,0.959195113,NA,NA,0.98991476
2022-03-05,MB,Anti-S estimate,0.981597249,0.961957046,NA,NA,0.990631423
2022-03-12,MB,Anti-S estimate,0.982689891,0.964114574,NA,NA,0.99118712
2022-03-19,MB,Anti-S estimate,0.983611865,0.966079135,NA,NA,0.991745039
2022-03-26,MB,Anti-S estimate,0.984411611,0.967689674,NA,NA,0.992180718
2022-04-02,MB,Anti-S estimate,0.985129621,0.968923817,NA,NA,0.992642435
2022-04-09,MB,Anti-S estimate,0.98580028,0.97017461,NA,NA,0.993014098
2022-04-16,MB,Anti-S estimate,0.986452841,0.971415303,NA,NA,0.993426857
2022-04-23,MB,Anti-S estimate,0.987111299,0.972658828,NA,NA,0.993781525
2022-04-30,MB,Anti-S estimate,0.987781892,0.974003955,NA,NA,0.99422747
2022-05-07,MB,Anti-S estimate,0.988453978,0.975426882,NA,NA,0.994628399
2022-05-14,MB,Anti-S estimate,0.989117468,0.976947196,NA,NA,0.995020628
2022-05-21,MB,Anti-S estimate,0.989764086,0.978277315,NA,NA,0.995387242
2022-05-28,MB,Anti-S estimate,0.990387397,0.979300126,NA,NA,0.99579786
2022-06-04,MB,Anti-S estimate,0.99098266,0.980429144,NA,NA,0.996164951
2022-06-11,MB,Anti-S estimate,0.991546587,0.981479877,NA,NA,0.996497638
2022-06-18,MB,Anti-S estimate,0.99207703,0.982423323,NA,NA,0.99681317
2022-06-25,MB,Anti-S estimate,0.992572713,0.98316037,NA,NA,0.997066612
2022-07-02,MB,Anti-S estimate,0.993034827,0.983890229,NA,NA,0.997309479
2022-07-09,MB,Anti-S estimate,0.99346675,0.984817131,NA,NA,0.997517431
2022-07-16,MB,Anti-S estimate,0.993871577,0.985472364,NA,NA,0.997711373
2022-07-23,MB,Anti-S estimate,0.994252138,0.98620327,NA,NA,0.99789714
2022-07-30,MB,Anti-S estimate,0.994611075,0.986776591,NA,NA,0.998100321
2022-08-06,MB,Anti-S estimate,0.994950842,0.987426024,NA,NA,0.99826017
2022-08-13,MB,Anti-S estimate,0.995273662,0.987996848,NA,NA,0.998401416
2022-08-20,MB,Anti-S estimate,0.995581454,0.988652653,NA,NA,0.998550219
2022-08-27,MB,Anti-S estimate,0.995875711,0.989224861,NA,NA,0.998694789
2022-09-03,MB,Anti-S estimate,0.996156592,0.989912616,NA,NA,0.998828242
2022-09-10,MB,Anti-S estimate,0.996423154,0.99057388,NA,NA,0.998943673
2022-09-17,MB,Anti-S estimate,0.99667473,0.991242154,NA,NA,0.999045106
2022-09-24,MB,Anti-S estimate,0.996911046,0.991785109,NA,NA,0.999137583
2022-10-01,MB,Anti-S estimate,0.997132188,0.992259723,NA,NA,0.999218685
2022-10-08,MB,Anti-S estimate,0.997338535,0.992770556,NA,NA,0.999304284
2022-10-15,MB,Anti-S estimate,0.997530665,0.993245494,NA,NA,0.999378061
2022-10-22,MB,Anti-S estimate,0.997709256,0.993754948,NA,NA,0.999441244
2022-10-29,MB,Anti-S estimate,0.997874968,0.994157163,NA,NA,0.999491729
2022-11-05,MB,Anti-S estimate,0.998027835,0.994534206,NA,NA,0.999536378
2022-11-12,MB,Anti-S estimate,0.998167387,0.994914728,NA,NA,0.999578247
2022-11-19,MB,Anti-S estimate,0.998293604,0.995251531,NA,NA,0.999612333
2022-11-26,MB,Anti-S estimate,0.998406805,0.995515053,NA,NA,0.999641308
2022-12-03,MB,Anti-S estimate,0.998507481,0.995808073,NA,NA,0.999667263
2022-12-10,MB,Anti-S estimate,0.998596237,0.996045981,NA,NA,0.999693103
2022-12-17,MB,Anti-S estimate,0.998673718,0.996239664,NA,NA,0.999713966
2022-12-24,MB,Anti-S estimate,0.998740547,0.996403953,NA,NA,0.99973324
2022-12-31,MB,Anti-S estimate,0.998797268,0.996547874,NA,NA,0.999749743
2023-01-07,MB,Anti-S estimate,0.998844837,0.996670622,NA,NA,0.999763088
2023-01-14,MB,Anti-S estimate,0.998884633,0.996774267,NA,NA,0.999775742
2023-01-21,MB,Anti-S estimate,0.99891784,0.996852195,NA,NA,0.99978393
2023-01-28,MB,Anti-S estimate,0.998945497,0.996886525,NA,NA,0.999789511
2023-02-04,MB,Anti-S estimate,0.998968558,0.996958643,NA,NA,0.999794565
2023-02-11,MB,Anti-S estimate,0.998987919,0.996977177,NA,NA,0.99980604
2023-02-18,MB,Anti-S estimate,0.99900444,0.997063601,NA,NA,0.999814847
2023-02-25,MB,Anti-S estimate,0.999018939,0.997103867,NA,NA,0.999818602
2023-03-04,MB,Anti-S estimate,0.999032158,0.997141635,NA,NA,0.999830817
2023-03-11,MB,Anti-S estimate,0.99904433,0.997161957,NA,NA,0.999834037
2023-03-18,MB,Anti-S estimate,0.999055126,0.997132799,NA,NA,0.999839532
2023-03-25,MB,Anti-S estimate,0.999064187,0.997137033,NA,NA,0.999842221
2023-04-01,MB,Anti-S estimate,0.999071189,0.997124537,NA,NA,0.99984993
2023-04-08,MB,Anti-S estimate,0.999075856,0.997107694,NA,NA,0.999859038
2023-04-15,MB,Anti-S estimate,0.999077965,0.997106158,NA,NA,0.999858979
2023-04-22,MB,Anti-S estimate,0.999077331,0.997083496,NA,NA,0.999865721
2023-04-29,MB,Anti-S estimate,0.999073793,0.997079211,NA,NA,0.999872061
2023-05-06,MB,Anti-S estimate,0.999067189,0.997030701,NA,NA,0.999875611
2023-05-13,MB,Anti-S estimate,0.999057619,0.996960326,NA,NA,0.999878404
2023-05-20,MB,Anti-S estimate,0.9990455,0.996891101,NA,NA,0.999878593
2023-05-27,MB,Anti-S estimate,0.999031247,0.996830552,NA,NA,0.999881482
2023-06-03,MB,Anti-S estimate,0.999015286,0.996779157,NA,NA,0.999885974
2023-06-10,MB,Anti-S estimate,0.998998085,0.996660473,NA,NA,0.999887152
2023-06-17,MB,Anti-S estimate,0.998980182,0.996538189,NA,NA,0.999890334
2023-06-24,MB,Anti-S estimate,0.998962191,0.996435341,NA,NA,0.999891841
2023-07-01,MB,Anti-S estimate,0.998944812,0.996330234,NA,NA,0.999895758
2023-07-08,MB,Anti-S estimate,0.99892881,0.996238315,NA,NA,0.999899315
2023-07-15,MB,Anti-S estimate,0.99891458,0.99616368,NA,NA,0.999903556
2023-07-22,MB,Anti-S estimate,0.998902,0.996104428,NA,NA,0.999908654
2023-07-29,MB,Anti-S estimate,0.998890878,0.996023551,NA,NA,0.999913038
2023-08-05,MB,Anti-S estimate,0.998880985,0.995941742,NA,NA,0.999918018
2023-08-12,MB,Anti-S estimate,0.998872066,0.995824175,NA,NA,0.999922892
2023-08-19,MB,Anti-S estimate,0.998863852,0.99571508,NA,NA,0.999927782
2023-08-26,MB,Anti-S estimate,0.998856059,0.995597837,NA,NA,0.999932735
2023-09-02,MB,Anti-S estimate,0.998848401,0.995475672,NA,NA,0.999937452
2023-09-09,MB,Anti-S estimate,0.998840594,0.995311034,NA,NA,0.999941
2023-09-16,MB,Anti-S estimate,0.998832355,0.995160768,NA,NA,0.999945611
2023-09-23,MB,Anti-S estimate,0.99882341,0.995059198,NA,NA,0.999948474
2023-09-30,MB,Anti-S estimate,0.998813489,0.994841516,NA,NA,0.999951546
2020-03-07,NB,Anti-N estimate,0.002004256,0.000878697,NA,NA,0.003616602
2020-03-14,NB,Anti-N estimate,0.002309929,0.000976722,NA,NA,0.004233845
2020-03-21,NB,Anti-N estimate,0.002631857,0.001077869,NA,NA,0.004885832
2020-03-28,NB,Anti-N estimate,0.002960111,0.001199002,NA,NA,0.005551732
2020-04-04,NB,Anti-N estimate,0.003282124,0.001328412,NA,NA,0.006164259
2020-04-11,NB,Anti-N estimate,0.003583402,0.001475283,NA,NA,0.006698361
2020-04-18,NB,Anti-N estimate,0.003848854,0.001618831,NA,NA,0.007131026
2020-04-25,NB,Anti-N estimate,0.004069427,0.001788897,NA,NA,0.007436154
2020-05-02,NB,Anti-N estimate,0.004245313,0.001942183,NA,NA,0.00758394
2020-05-09,NB,Anti-N estimate,0.004380323,0.002085576,NA,NA,0.007638256
2020-05-16,NB,Anti-N estimate,0.004480488,0.002259638,NA,NA,0.007621461
2020-05-23,NB,Anti-N estimate,0.004553006,0.002413342,NA,NA,0.007751775
2020-05-30,NB,Anti-N estimate,0.004605361,0.002482834,NA,NA,0.007785517
2020-06-06,NB,Anti-N estimate,0.004644684,0.002520885,NA,NA,0.007859563
2020-06-13,NB,Anti-N estimate,0.004677391,0.002517921,NA,NA,0.007971129
2020-06-20,NB,Anti-N estimate,0.004709061,0.00247804,NA,NA,0.00810397
2020-06-27,NB,Anti-N estimate,0.004744532,0.002436442,NA,NA,0.008257129
2020-07-04,NB,Anti-N estimate,0.004788184,0.002437775,NA,NA,0.008392702
2020-07-11,NB,Anti-N estimate,0.004844398,0.002454536,NA,NA,0.008611692
2020-07-18,NB,Anti-N estimate,0.004917032,0.002475023,NA,NA,0.008705642
2020-07-25,NB,Anti-N estimate,0.005006513,0.002558175,NA,NA,0.008765266
2020-08-01,NB,Anti-N estimate,0.005113227,0.00265828,NA,NA,0.008897189
2020-08-08,NB,Anti-N estimate,0.005238273,0.002797099,NA,NA,0.008963602
2020-08-15,NB,Anti-N estimate,0.005383083,0.00295626,NA,NA,0.009077237
2020-08-22,NB,Anti-N estimate,0.005549085,0.003090593,NA,NA,0.009278062
2020-08-29,NB,Anti-N estimate,0.005737403,0.003291641,NA,NA,0.009455612
2020-09-05,NB,Anti-N estimate,0.00594859,0.003468949,NA,NA,0.009650143
2020-09-12,NB,Anti-N estimate,0.006182385,0.003596861,NA,NA,0.009995792
2020-09-19,NB,Anti-N estimate,0.006437535,0.003798056,NA,NA,0.010305774
2020-09-26,NB,Anti-N estimate,0.006711673,0.00399568,NA,NA,0.010670406
2020-10-03,NB,Anti-N estimate,0.007001325,0.004150134,NA,NA,0.011167426
2020-10-10,NB,Anti-N estimate,0.007302182,0.004376255,NA,NA,0.011615496
2020-10-17,NB,Anti-N estimate,0.007611148,0.004613361,NA,NA,0.012044404
2020-10-24,NB,Anti-N estimate,0.00792689,0.004877064,NA,NA,0.012329653
2020-10-31,NB,Anti-N estimate,0.008248585,0.005200343,NA,NA,0.012627998
2020-11-07,NB,Anti-N estimate,0.008575631,0.005551824,NA,NA,0.012919345
2020-11-14,NB,Anti-N estimate,0.008907376,0.005842891,NA,NA,0.013305302
2020-11-21,NB,Anti-N estimate,0.009242858,0.006124505,NA,NA,0.013507986
2020-11-28,NB,Anti-N estimate,0.009580563,0.006454322,NA,NA,0.013806873
2020-12-05,NB,Anti-N estimate,0.009918216,0.006749794,NA,NA,0.014154712
2020-12-12,NB,Anti-N estimate,0.010252631,0.006974402,NA,NA,0.014696973
2020-12-19,NB,Anti-N estimate,0.010579644,0.007147113,NA,NA,0.015130145
2020-12-26,NB,Anti-N estimate,0.01089414,0.007387431,NA,NA,0.015684479
2021-01-02,NB,Anti-N estimate,0.011190224,0.007547537,NA,NA,0.016165569
2021-01-09,NB,Anti-N estimate,0.011463191,0.0076872,NA,NA,0.016578451
2021-01-16,NB,Anti-N estimate,0.011713016,0.007857181,NA,NA,0.016736058
2021-01-23,NB,Anti-N estimate,0.011941289,0.008084328,NA,NA,0.016984457
2021-01-30,NB,Anti-N estimate,0.012150398,0.008265894,NA,NA,0.017174003
2021-02-06,NB,Anti-N estimate,0.012343343,0.008457088,NA,NA,0.017418522
2021-02-13,NB,Anti-N estimate,0.012523565,0.008631287,NA,NA,0.017592346
2021-02-20,NB,Anti-N estimate,0.012694781,0.008802531,NA,NA,0.017781916
2021-02-27,NB,Anti-N estimate,0.01286085,0.00903638,NA,NA,0.017817838
2021-03-06,NB,Anti-N estimate,0.013025665,0.009232805,NA,NA,0.017907309
2021-03-13,NB,Anti-N estimate,0.013193077,0.009342676,NA,NA,0.018118642
2021-03-20,NB,Anti-N estimate,0.013366855,0.009439569,NA,NA,0.018395241
2021-03-27,NB,Anti-N estimate,0.013550674,0.009575124,NA,NA,0.0185764
2021-04-03,NB,Anti-N estimate,0.013748147,0.009744101,NA,NA,0.018886546
2021-04-10,NB,Anti-N estimate,0.01396288,0.009925579,NA,NA,0.019242375
2021-04-17,NB,Anti-N estimate,0.01419858,0.0100233,NA,NA,0.01963889
2021-04-24,NB,Anti-N estimate,0.014459185,0.010234518,NA,NA,0.020054773
2021-05-01,NB,Anti-N estimate,0.014748792,0.010444182,NA,NA,0.020389351
2021-05-08,NB,Anti-N estimate,0.015067529,0.010698399,NA,NA,0.020714239
2021-05-15,NB,Anti-N estimate,0.015411989,0.010959201,NA,NA,0.021191608
2021-05-22,NB,Anti-N estimate,0.015778555,0.011301126,NA,NA,0.021563921
2021-05-29,NB,Anti-N estimate,0.016163335,0.011710075,NA,NA,0.022020398
2021-06-05,NB,Anti-N estimate,0.016561995,0.012069816,NA,NA,0.022397893
2021-06-12,NB,Anti-N estimate,0.016969619,0.012438113,NA,NA,0.022781707
2021-06-19,NB,Anti-N estimate,0.01738058,0.012726772,NA,NA,0.023260781
2021-06-26,NB,Anti-N estimate,0.01778845,0.01300966,NA,NA,0.023678538
2021-07-03,NB,Anti-N estimate,0.018185942,0.013196432,NA,NA,0.024185565
2021-07-10,NB,Anti-N estimate,0.018564902,0.013433215,NA,NA,0.024693064
2021-07-17,NB,Anti-N estimate,0.018916353,0.013607713,NA,NA,0.025267188
2021-07-24,NB,Anti-N estimate,0.019230621,0.013721344,NA,NA,0.025805748
2021-07-31,NB,Anti-N estimate,0.019497518,0.013864472,NA,NA,0.026334524
2021-08-07,NB,Anti-N estimate,0.019706625,0.013915823,NA,NA,0.026691923
2021-08-14,NB,Anti-N estimate,0.019847649,0.013987076,NA,NA,0.026973785
2021-08-21,NB,Anti-N estimate,0.01991085,0.014006851,NA,NA,0.027097405
2021-08-28,NB,Anti-N estimate,0.019892725,0.013955779,NA,NA,0.027113878
2021-09-04,NB,Anti-N estimate,0.019811779,0.01396752,NA,NA,0.026959526
2021-09-11,NB,Anti-N estimate,0.019692281,0.013888012,NA,NA,0.026667765
2021-09-18,NB,Anti-N estimate,0.019558307,0.01386304,NA,NA,0.026387669
2021-09-25,NB,Anti-N estimate,0.019433279,0.013849435,NA,NA,0.026279337
2021-10-02,NB,Anti-N estimate,0.019339824,0.013880307,NA,NA,0.026145039
2021-10-09,NB,Anti-N estimate,0.019299925,0.013978057,NA,NA,0.026229706
2021-10-16,NB,Anti-N estimate,0.019335364,0.014058613,NA,NA,0.026488905
2021-10-23,NB,Anti-N estimate,0.019468416,0.014085642,NA,NA,0.026742484
2021-10-30,NB,Anti-N estimate,0.019722836,0.014248335,NA,NA,0.02715221
2021-11-06,NB,Anti-N estimate,0.020125146,0.014415514,NA,NA,0.027772019
2021-11-13,NB,Anti-N estimate,0.020706313,0.014828889,NA,NA,0.028543312
2021-11-20,NB,Anti-N estimate,0.02150394,0.015464328,NA,NA,0.029662056
2021-11-27,NB,Anti-N estimate,0.022565175,0.016300755,NA,NA,0.031034473
2021-12-04,NB,Anti-N estimate,0.023950642,0.017383657,NA,NA,0.03269152
2021-12-11,NB,Anti-N estimate,0.025739868,0.018950918,NA,NA,0.034559626
2021-12-18,NB,Anti-N estimate,0.028038226,0.020895416,NA,NA,0.03707856
2021-12-25,NB,Anti-N estimate,0.030963722,0.023612518,NA,NA,0.04026655
2022-01-01,NB,Anti-N estimate,0.034640761,0.026784778,NA,NA,0.044264751
2022-01-08,NB,Anti-N estimate,0.039224814,0.030881248,NA,NA,0.049231608
2022-01-15,NB,Anti-N estimate,0.044908364,0.035742289,NA,NA,0.056084462
2022-01-22,NB,Anti-N estimate,0.051925339,0.041659767,NA,NA,0.064303228
2022-01-29,NB,Anti-N estimate,0.060554757,0.048743163,NA,NA,0.074176942
2022-02-05,NB,Anti-N estimate,0.071122664,0.057116035,NA,NA,0.086658766
2022-02-12,NB,Anti-N estimate,0.084001314,0.067817137,NA,NA,0.101887403
2022-02-19,NB,Anti-N estimate,0.099601455,0.081170484,NA,NA,0.119896764
2022-02-26,NB,Anti-N estimate,0.118250889,0.097943299,NA,NA,0.140298311
2022-03-05,NB,Anti-N estimate,0.140058912,0.117598365,NA,NA,0.163936568
2022-03-12,NB,Anti-N estimate,0.164917923,0.141142704,NA,NA,0.189750133
2022-03-19,NB,Anti-N estimate,0.192442946,0.167728023,NA,NA,0.217872359
2022-03-26,NB,Anti-N estimate,0.221934615,0.195954983,NA,NA,0.248676468
2022-04-02,NB,Anti-N estimate,0.252388485,0.223842706,NA,NA,0.28153328
2022-04-09,NB,Anti-N estimate,0.282555355,0.251695979,NA,NA,0.313103804
2022-04-16,NB,Anti-N estimate,0.311040105,0.278938449,NA,NA,0.343578472
2022-04-23,NB,Anti-N estimate,0.336431167,0.303394863,NA,NA,0.369460272
2022-04-30,NB,Anti-N estimate,0.357995509,0.325306127,NA,NA,0.390613814
2022-05-07,NB,Anti-N estimate,0.375920201,0.344790519,NA,NA,0.407871971
2022-05-14,NB,Anti-N estimate,0.390617006,0.361433219,NA,NA,0.420795677
2022-05-21,NB,Anti-N estimate,0.402616353,0.373694256,NA,NA,0.432252458
2022-05-28,NB,Anti-N estimate,0.412522798,0.383673539,NA,NA,0.441573773
2022-06-04,NB,Anti-N estimate,0.42098617,0.391325503,NA,NA,0.451259117
2022-06-11,NB,Anti-N estimate,0.428683989,0.397604865,NA,NA,0.460390786
2022-06-18,NB,Anti-N estimate,0.436311722,0.403085263,NA,NA,0.469806063
2022-06-25,NB,Anti-N estimate,0.444567017,0.410952798,NA,NA,0.477894107
2022-07-02,NB,Anti-N estimate,0.453783554,0.420830572,NA,NA,0.486655146
2022-07-09,NB,Anti-N estimate,0.463844302,0.431244211,NA,NA,0.495950713
2022-07-16,NB,Anti-N estimate,0.474599646,0.442762043,NA,NA,0.506211697
2022-07-23,NB,Anti-N estimate,0.485893537,0.453878774,NA,NA,0.517110166
2022-07-30,NB,Anti-N estimate,0.497564511,0.464885238,NA,NA,0.53043161
2022-08-06,NB,Anti-N estimate,0.509447867,0.475405887,NA,NA,0.544025531
2022-08-13,NB,Anti-N estimate,0.521378403,0.48571304,NA,NA,0.557636282
2022-08-20,NB,Anti-N estimate,0.53319294,0.496915688,NA,NA,0.570406022
2022-08-27,NB,Anti-N estimate,0.544734208,0.508555708,NA,NA,0.582709753
2022-09-03,NB,Anti-N estimate,0.555923698,0.521012597,NA,NA,0.592306199
2022-09-10,NB,Anti-N estimate,0.56677401,0.533028764,NA,NA,0.600966527
2022-09-17,NB,Anti-N estimate,0.577302232,0.54407037,NA,NA,0.609921069
2022-09-24,NB,Anti-N estimate,0.587525527,0.554495245,NA,NA,0.619749648
2022-10-01,NB,Anti-N estimate,0.597462468,0.563725897,NA,NA,0.630205972
2022-10-08,NB,Anti-N estimate,0.607134176,0.573204418,NA,NA,0.640608729
2022-10-15,NB,Anti-N estimate,0.616564834,0.581045066,NA,NA,0.650908465
2022-10-22,NB,Anti-N estimate,0.625781261,0.589467688,NA,NA,0.661121283
2022-10-29,NB,Anti-N estimate,0.634810632,0.59795818,NA,NA,0.669578889
2022-11-05,NB,Anti-N estimate,0.643657389,0.607497094,NA,NA,0.677455651
2022-11-12,NB,Anti-N estimate,0.652298163,0.617541804,NA,NA,0.685014922
2022-11-19,NB,Anti-N estimate,0.660707735,0.627053918,NA,NA,0.692800414
2022-11-26,NB,Anti-N estimate,0.668862957,0.636388495,NA,NA,0.701055576
2022-12-03,NB,Anti-N estimate,0.676744728,0.644064014,NA,NA,0.709849464
2022-12-10,NB,Anti-N estimate,0.68433915,0.650492293,NA,NA,0.71802201
2022-12-17,NB,Anti-N estimate,0.691637581,0.657794201,NA,NA,0.725240697
2022-12-24,NB,Anti-N estimate,0.698635381,0.664656093,NA,NA,0.73252331
2022-12-31,NB,Anti-N estimate,0.705329118,0.671513783,NA,NA,0.738867955
2023-01-07,NB,Anti-N estimate,0.711709026,0.679139094,NA,NA,0.743972059
2023-01-14,NB,Anti-N estimate,0.717757255,0.686544644,NA,NA,0.747779765
2023-01-21,NB,Anti-N estimate,0.723455427,0.693397323,NA,NA,0.751819466
2023-01-28,NB,Anti-N estimate,0.728788029,0.69907834,NA,NA,0.757181772
2023-02-04,NB,Anti-N estimate,0.733744508,0.704679782,NA,NA,0.762139981
2023-02-11,NB,Anti-N estimate,0.738320135,0.708427326,NA,NA,0.768104413
2023-02-18,NB,Anti-N estimate,0.742515527,0.711003754,NA,NA,0.773271937
2023-02-25,NB,Anti-N estimate,0.746334754,0.713856509,NA,NA,0.777384888
2023-03-04,NB,Anti-N estimate,0.749781986,0.717782871,NA,NA,0.780942698
2023-03-11,NB,Anti-N estimate,0.752855191,0.72087863,NA,NA,0.783507938
2023-03-18,NB,Anti-N estimate,0.755544366,0.724694263,NA,NA,0.784896819
2023-03-25,NB,Anti-N estimate,0.757837082,0.728232646,NA,NA,0.785203539
2023-04-01,NB,Anti-N estimate,0.759721905,0.731076825,NA,NA,0.787049939
2023-04-08,NB,Anti-N estimate,0.76119056,0.732726154,NA,NA,0.789274034
2023-04-15,NB,Anti-N estimate,0.762238931,0.732912227,NA,NA,0.791019025
2023-04-22,NB,Anti-N estimate,0.762866835,0.732189062,NA,NA,0.792634718
2023-04-29,NB,Anti-N estimate,0.763076592,0.731137448,NA,NA,0.793565919
2023-05-06,NB,Anti-N estimate,0.762871149,0.73032155,NA,NA,0.793644471
2023-05-13,NB,Anti-N estimate,0.762274723,0.730225088,NA,NA,0.79274567
2023-05-20,NB,Anti-N estimate,0.761336176,0.729484388,NA,NA,0.790874272
2023-05-27,NB,Anti-N estimate,0.76010316,0.72938067,NA,NA,0.789015298
2023-06-03,NB,Anti-N estimate,0.758623358,0.729026061,NA,NA,0.786251039
2023-06-10,NB,Anti-N estimate,0.756946777,0.727965133,NA,NA,0.783941872
2023-06-17,NB,Anti-N estimate,0.755127242,0.726244915,NA,NA,0.782362891
2023-06-24,NB,Anti-N estimate,0.753223098,0.724091164,NA,NA,0.780959316
2023-07-01,NB,Anti-N estimate,0.751297136,0.720846624,NA,NA,0.779695749
2023-07-08,NB,Anti-N estimate,0.749414825,0.718253003,NA,NA,0.778754181
2023-07-15,NB,Anti-N estimate,0.747612813,0.715952256,NA,NA,0.777522485
2023-07-22,NB,Anti-N estimate,0.745889406,0.7142947,NA,NA,0.775707135
2023-07-29,NB,Anti-N estimate,0.744238361,0.713503481,NA,NA,0.773063526
2023-08-05,NB,Anti-N estimate,0.742651649,0.712458783,NA,NA,0.771324558
2023-08-12,NB,Anti-N estimate,0.741119997,0.711941468,NA,NA,0.768931246
2023-08-19,NB,Anti-N estimate,0.739633361,0.711932581,NA,NA,0.766619963
2023-08-26,NB,Anti-N estimate,0.73818134,0.711378272,NA,NA,0.763973888
2023-09-02,NB,Anti-N estimate,0.736753537,0.710246716,NA,NA,0.762888402
2023-09-09,NB,Anti-N estimate,0.735339849,0.707973561,NA,NA,0.761653311
2023-09-16,NB,Anti-N estimate,0.733930714,0.705984693,NA,NA,0.76135076
2023-09-23,NB,Anti-N estimate,0.732517292,0.702749299,NA,NA,0.761622256
2023-09-30,NB,Anti-N estimate,0.731091594,0.69910344,NA,NA,0.76245954
2020-03-07,NB,Anti-S estimate,0.002483125,0.00070969,NA,NA,0.007801542
2020-03-14,NB,Anti-S estimate,0.002844217,0.00079979,NA,NA,0.008940915
2020-03-21,NB,Anti-S estimate,0.003221242,0.000907424,NA,NA,0.010130296
2020-03-28,NB,Anti-S estimate,0.003602711,0.001005769,NA,NA,0.011489744
2020-04-04,NB,Anti-S estimate,0.003974504,0.001110017,NA,NA,0.01256557
2020-04-11,NB,Anti-S estimate,0.004320675,0.0012283,NA,NA,0.013643051
2020-04-18,NB,Anti-S estimate,0.004624853,0.001359139,NA,NA,0.014550028
2020-04-25,NB,Anti-S estimate,0.004877512,0.001473929,NA,NA,0.01503765
2020-05-02,NB,Anti-S estimate,0.005079322,0.001598218,NA,NA,0.015160362
2020-05-09,NB,Anti-S estimate,0.005234766,0.001713785,NA,NA,0.01560214
2020-05-16,NB,Anti-S estimate,0.005350643,0.001819823,NA,NA,0.015916741
2020-05-23,NB,Anti-S estimate,0.005434965,0.00188151,NA,NA,0.016536306
2020-05-30,NB,Anti-S estimate,0.005496052,0.001962498,NA,NA,0.016783511
2020-06-06,NB,Anti-S estimate,0.005541876,0.001981923,NA,NA,0.01702561
2020-06-13,NB,Anti-S estimate,0.005579678,0.001978646,NA,NA,0.017309659
2020-06-20,NB,Anti-S estimate,0.005615851,0.001961382,NA,NA,0.017491522
2020-06-27,NB,Anti-S estimate,0.005656036,0.001958302,NA,NA,0.01767857
2020-07-04,NB,Anti-S estimate,0.005705422,0.001947647,NA,NA,0.017712846
2020-07-11,NB,Anti-S estimate,0.005769223,0.001962633,NA,NA,0.017911669
2020-07-18,NB,Anti-S estimate,0.005851999,0.001979927,NA,NA,0.018169827
2020-07-25,NB,Anti-S estimate,0.0059542,0.002039531,NA,NA,0.018517808
2020-08-01,NB,Anti-S estimate,0.006076087,0.002120137,NA,NA,0.019069412
2020-08-08,NB,Anti-S estimate,0.00621864,0.002212275,NA,NA,0.019452863
2020-08-15,NB,Anti-S estimate,0.006383159,0.002298007,NA,NA,0.020096675
2020-08-22,NB,Anti-S estimate,0.006570911,0.002440174,NA,NA,0.020598433
2020-08-29,NB,Anti-S estimate,0.006782822,0.00257374,NA,NA,0.020915789
2020-09-05,NB,Anti-S estimate,0.007019196,0.002701362,NA,NA,0.02126542
2020-09-12,NB,Anti-S estimate,0.007279488,0.002826607,NA,NA,0.021816288
2020-09-19,NB,Anti-S estimate,0.007562119,0.002970237,NA,NA,0.022401318
2020-09-26,NB,Anti-S estimate,0.007864381,0.003106378,NA,NA,0.023256592
2020-10-03,NB,Anti-S estimate,0.008182462,0.003221469,NA,NA,0.023895101
2020-10-10,NB,Anti-S estimate,0.008511734,0.003358709,NA,NA,0.024949454
2020-10-17,NB,Anti-S estimate,0.008848882,0.003511691,NA,NA,0.025705904
2020-10-24,NB,Anti-S estimate,0.009192407,0.003696922,NA,NA,0.026612537
2020-10-31,NB,Anti-S estimate,0.00954131,0.003918256,NA,NA,0.027545745
2020-11-07,NB,Anti-S estimate,0.009894784,0.004111221,NA,NA,0.028173204
2020-11-14,NB,Anti-S estimate,0.010251957,0.004364579,NA,NA,0.028754244
2020-11-21,NB,Anti-S estimate,0.010611636,0.004591103,NA,NA,0.02892559
2020-11-28,NB,Anti-S estimate,0.010972086,0.004811825,NA,NA,0.029702452
2020-12-05,NB,Anti-S estimate,0.011330835,0.005001887,NA,NA,0.030730577
2020-12-12,NB,Anti-S estimate,0.01168455,0.005157324,NA,NA,0.031649267
2020-12-19,NB,Anti-S estimate,0.012028977,0.005298573,NA,NA,0.032671596
2020-12-26,NB,Anti-S estimate,0.012358993,0.005452148,NA,NA,0.033435075
2021-01-02,NB,Anti-S estimate,0.012668771,0.005585458,NA,NA,0.033884683
2021-01-09,NB,Anti-S estimate,0.014520253,0.006515931,NA,NA,0.038172112
2021-01-16,NB,Anti-S estimate,0.016610325,0.007523691,NA,NA,0.04286287
2021-01-23,NB,Anti-S estimate,0.018987403,0.008720099,NA,NA,0.047480943
2021-01-30,NB,Anti-S estimate,0.02171462,0.010101878,NA,NA,0.052382594
2021-02-06,NB,Anti-S estimate,0.02487385,0.011748764,NA,NA,0.058132791
2021-02-13,NB,Anti-S estimate,0.028570946,0.013779874,NA,NA,0.065214684
2021-02-20,NB,Anti-S estimate,0.032942614,0.016254149,NA,NA,0.072450178
2021-02-27,NB,Anti-S estimate,0.038165442,0.019283323,NA,NA,0.079908332
2021-03-06,NB,Anti-S estimate,0.044467709,0.022985622,NA,NA,0.088995977
2021-03-13,NB,Anti-S estimate,0.052144648,0.027475258,NA,NA,0.101011803
2021-03-20,NB,Anti-S estimate,0.061577775,0.032851853,NA,NA,0.113958632
2021-03-27,NB,Anti-S estimate,0.07325849,0.040194774,NA,NA,0.130766462
2021-04-03,NB,Anti-S estimate,0.087815183,0.049403324,NA,NA,0.1509787
2021-04-10,NB,Anti-S estimate,0.106040837,0.060894804,NA,NA,0.174106926
2021-04-17,NB,Anti-S estimate,0.128913975,0.077111919,NA,NA,0.202235019
2021-04-24,NB,Anti-S estimate,0.157598744,0.097712148,NA,NA,0.235965605
2021-05-01,NB,Anti-S estimate,0.193380578,0.126015,NA,NA,0.27834339
2021-05-08,NB,Anti-S estimate,0.237172814,0.161803954,NA,NA,0.328113495
2021-05-15,NB,Anti-S estimate,0.289117941,0.206071138,NA,NA,0.383246063
2021-05-22,NB,Anti-S estimate,0.348516516,0.258828612,NA,NA,0.444721393
2021-05-29,NB,Anti-S estimate,0.413728086,0.319084902,NA,NA,0.51238861
2021-06-05,NB,Anti-S estimate,0.482312024,0.386702389,NA,NA,0.578471687
2021-06-12,NB,Anti-S estimate,0.551391821,0.45462891,NA,NA,0.6441928
2021-06-19,NB,Anti-S estimate,0.618104961,0.521247894,NA,NA,0.707290569
2021-06-26,NB,Anti-S estimate,0.679990958,0.5860027,NA,NA,0.762734088
2021-07-03,NB,Anti-S estimate,0.735248835,0.645886362,NA,NA,0.809789875
2021-07-10,NB,Anti-S estimate,0.782856572,0.698029736,NA,NA,0.850199507
2021-07-17,NB,Anti-S estimate,0.822555149,0.741797499,NA,NA,0.882622566
2021-07-24,NB,Anti-S estimate,0.85471054,0.779897587,NA,NA,0.907984352
2021-07-31,NB,Anti-S estimate,0.880099442,0.810218938,NA,NA,0.926891984
2021-08-07,NB,Anti-S estimate,0.899685064,0.835291032,NA,NA,0.941300899
2021-08-14,NB,Anti-S estimate,0.914435835,0.854105366,NA,NA,0.951250606
2021-08-21,NB,Anti-S estimate,0.92520736,0.870450455,NA,NA,0.958072192
2021-08-28,NB,Anti-S estimate,0.932746137,0.881739311,NA,NA,0.962708689
2021-09-04,NB,Anti-S estimate,0.937827114,0.888780375,NA,NA,0.965819279
2021-09-11,NB,Anti-S estimate,0.941035547,0.893238492,NA,NA,0.967636499
2021-09-18,NB,Anti-S estimate,0.942773149,0.89610417,NA,NA,0.96854561
2021-09-25,NB,Anti-S estimate,0.943319728,0.896291409,NA,NA,0.968691077
2021-10-02,NB,Anti-S estimate,0.942876795,0.895904131,NA,NA,0.96841852
2021-10-09,NB,Anti-S estimate,0.94159926,0.894150597,NA,NA,0.967649701
2021-10-16,NB,Anti-S estimate,0.939619445,0.891048564,NA,NA,0.96645994
2021-10-23,NB,Anti-S estimate,0.937066059,0.886958898,NA,NA,0.964811259
2021-10-30,NB,Anti-S estimate,0.934079465,0.882420037,NA,NA,0.963023245
2021-11-06,NB,Anti-S estimate,0.930823535,0.877385728,NA,NA,0.961047702
2021-11-13,NB,Anti-S estimate,0.927493663,0.873015852,NA,NA,0.959023087
2021-11-20,NB,Anti-S estimate,0.924319986,0.869103636,NA,NA,0.956801952
2021-11-27,NB,Anti-S estimate,0.92156471,0.866751906,NA,NA,0.954790889
2021-12-04,NB,Anti-S estimate,0.9195126,0.863488601,NA,NA,0.953349404
2021-12-11,NB,Anti-S estimate,0.918454097,0.862456187,NA,NA,0.952904969
2021-12-18,NB,Anti-S estimate,0.918657205,0.863621875,NA,NA,0.953018691
2021-12-25,NB,Anti-S estimate,0.920210791,0.866777038,NA,NA,0.954062075
2022-01-01,NB,Anti-S estimate,0.922989125,0.871169509,NA,NA,0.955767357
2022-01-08,NB,Anti-S estimate,0.926815396,0.875638596,NA,NA,0.957677303
2022-01-15,NB,Anti-S estimate,0.931485442,0.882873346,NA,NA,0.960840673
2022-01-22,NB,Anti-S estimate,0.936781387,0.890045704,NA,NA,0.964132959
2022-01-29,NB,Anti-S estimate,0.942484163,0.898497406,NA,NA,0.968025691
2022-02-05,NB,Anti-S estimate,0.948384349,0.907099211,NA,NA,0.971670152
2022-02-12,NB,Anti-S estimate,0.954290974,0.916176428,NA,NA,0.975247378
2022-02-19,NB,Anti-S estimate,0.960036774,0.92409517,NA,NA,0.978603596
2022-02-26,NB,Anti-S estimate,0.965446874,0.932960169,NA,NA,0.981746286
2022-03-05,NB,Anti-S estimate,0.970361011,0.9408158,NA,NA,0.984415214
2022-03-12,NB,Anti-S estimate,0.974690534,0.949021031,NA,NA,0.986855149
2022-03-19,NB,Anti-S estimate,0.978407975,0.955623792,NA,NA,0.988875253
2022-03-26,NB,Anti-S estimate,0.981529909,0.960808381,NA,NA,0.990689186
2022-04-02,NB,Anti-S estimate,0.984100219,0.965920605,NA,NA,0.992147244
2022-04-09,NB,Anti-S estimate,0.986175958,0.969877198,NA,NA,0.993281023
2022-04-16,NB,Anti-S estimate,0.987816663,0.973188769,NA,NA,0.99416429
2022-04-23,NB,Anti-S estimate,0.989077787,0.975705984,NA,NA,0.994856525
2022-04-30,NB,Anti-S estimate,0.990031443,0.977798424,NA,NA,0.995362011
2022-05-07,NB,Anti-S estimate,0.990759733,0.978973331,NA,NA,0.995793457
2022-05-14,NB,Anti-S estimate,0.991324024,0.979960274,NA,NA,0.996101027
2022-05-21,NB,Anti-S estimate,0.991770777,0.981195852,NA,NA,0.996375275
2022-05-28,NB,Anti-S estimate,0.99213677,0.981930622,NA,NA,0.996598813
2022-06-04,NB,Anti-S estimate,0.992452389,0.982559903,NA,NA,0.996821753
2022-06-11,NB,Anti-S estimate,0.992743581,0.983189942,NA,NA,0.997011581
2022-06-18,NB,Anti-S estimate,0.993032785,0.983685512,NA,NA,0.997207078
2022-06-25,NB,Anti-S estimate,0.993338752,0.984176977,NA,NA,0.997409684
2022-07-02,NB,Anti-S estimate,0.993666289,0.984880602,NA,NA,0.997579723
2022-07-09,NB,Anti-S estimate,0.994006582,0.985669249,NA,NA,0.99776426
2022-07-16,NB,Anti-S estimate,0.994351069,0.986375768,NA,NA,0.997942359
2022-07-23,NB,Anti-S estimate,0.994692552,0.987192347,NA,NA,0.99812918
2022-07-30,NB,Anti-S estimate,0.995025289,0.987813385,NA,NA,0.998301801
2022-08-06,NB,Anti-S estimate,0.99534493,0.988354466,NA,NA,0.998442059
2022-08-13,NB,Anti-S estimate,0.995648328,0.9890269,NA,NA,0.998592722
2022-08-20,NB,Anti-S estimate,0.995933303,0.989629477,NA,NA,0.998721259
2022-08-27,NB,Anti-S estimate,0.996198397,0.990227573,NA,NA,0.998836193
2022-09-03,NB,Anti-S estimate,0.996443555,0.990725884,NA,NA,0.998944633
2022-09-10,NB,Anti-S estimate,0.996669933,0.991208482,NA,NA,0.999039385
2022-09-17,NB,Anti-S estimate,0.996878704,0.991699247,NA,NA,0.999118889
2022-09-24,NB,Anti-S estimate,0.99707108,0.992137906,NA,NA,0.999186708
2022-10-01,NB,Anti-S estimate,0.997248338,0.992528764,NA,NA,0.999250351
2022-10-08,NB,Anti-S estimate,0.997411798,0.992914848,NA,NA,0.999315334
2022-10-15,NB,Anti-S estimate,0.997562774,0.9932917,NA,NA,0.99937592
2022-10-22,NB,Anti-S estimate,0.997702505,0.993564978,NA,NA,0.999425008
2022-10-29,NB,Anti-S estimate,0.997832075,0.99384509,NA,NA,0.999467285
2022-11-05,NB,Anti-S estimate,0.997952103,0.994113691,NA,NA,0.999504661
2022-11-12,NB,Anti-S estimate,0.998062821,0.994414346,NA,NA,0.999537029
2022-11-19,NB,Anti-S estimate,0.998164628,0.994686604,NA,NA,0.99957356
2022-11-26,NB,Anti-S estimate,0.998258058,0.994875578,NA,NA,0.999602048
2022-12-03,NB,Anti-S estimate,0.998343692,0.995097663,NA,NA,0.999627485
2022-12-10,NB,Anti-S estimate,0.998422153,0.995361283,NA,NA,0.999651729
2022-12-17,NB,Anti-S estimate,0.998494073,0.995612911,NA,NA,0.999671315
2022-12-24,NB,Anti-S estimate,0.998560055,0.995789337,NA,NA,0.999691149
2022-12-31,NB,Anti-S estimate,0.998620616,0.995931061,NA,NA,0.999710098
2023-01-07,NB,Anti-S estimate,0.998676065,0.996078885,NA,NA,0.999731369
2023-01-14,NB,Anti-S estimate,0.998726517,0.996152426,NA,NA,0.999742874
2023-01-21,NB,Anti-S estimate,0.998772078,0.996325888,NA,NA,0.999755351
2023-01-28,NB,Anti-S estimate,0.998812892,0.99648716,NA,NA,0.999766517
2023-02-04,NB,Anti-S estimate,0.998849154,0.996603363,NA,NA,0.999776198
2023-02-11,NB,Anti-S estimate,0.998881109,0.996706899,NA,NA,0.999789398
2023-02-18,NB,Anti-S estimate,0.998909032,0.996795706,NA,NA,0.999797733
2023-02-25,NB,Anti-S estimate,0.998933201,0.996896571,NA,NA,0.9998017
2023-03-04,NB,Anti-S estimate,0.998953851,0.996885127,NA,NA,0.999810104
2023-03-11,NB,Anti-S estimate,0.998971102,0.99691965,NA,NA,0.999819564
2023-03-18,NB,Anti-S estimate,0.998984947,0.996944102,NA,NA,0.999827483
2023-03-25,NB,Anti-S estimate,0.998995341,0.996980464,NA,NA,0.999831355
2023-04-01,NB,Anti-S estimate,0.999002236,0.996987205,NA,NA,0.999837848
2023-04-08,NB,Anti-S estimate,0.999005604,0.996961436,NA,NA,0.99984303
2023-04-15,NB,Anti-S estimate,0.999005446,0.996917115,NA,NA,0.999850133
2023-04-22,NB,Anti-S estimate,0.999001784,0.996843194,NA,NA,0.999855584
2023-04-29,NB,Anti-S estimate,0.998994649,0.996793411,NA,NA,0.999859773
2023-05-06,NB,Anti-S estimate,0.998984058,0.996735425,NA,NA,0.999862725
2023-05-13,NB,Anti-S estimate,0.998970076,0.996687785,NA,NA,0.99986576
2023-05-20,NB,Anti-S estimate,0.998952825,0.996589809,NA,NA,0.999870283
2023-05-27,NB,Anti-S estimate,0.998932386,0.996441145,NA,NA,0.999870794
2023-06-03,NB,Anti-S estimate,0.998908831,0.996291791,NA,NA,0.999875536
2023-06-10,NB,Anti-S estimate,0.99888225,0.996214434,NA,NA,0.999877929
2023-06-17,NB,Anti-S estimate,0.998852774,0.996082702,NA,NA,0.999880181
2023-06-24,NB,Anti-S estimate,0.998820597,0.995944704,NA,NA,0.999882161
2023-07-01,NB,Anti-S estimate,0.998785981,0.9957322,NA,NA,0.999882948
2023-07-08,NB,Anti-S estimate,0.998749257,0.99553576,NA,NA,0.999884586
2023-07-15,NB,Anti-S estimate,0.998710599,0.99536412,NA,NA,0.999888851
2023-07-22,NB,Anti-S estimate,0.998669919,0.995142534,NA,NA,0.999888986
2023-07-29,NB,Anti-S estimate,0.998627079,0.994913027,NA,NA,0.999891605
2023-08-05,NB,Anti-S estimate,0.998581902,0.994666785,NA,NA,0.999896549
2023-08-12,NB,Anti-S estimate,0.998534185,0.99428985,NA,NA,0.99989993
2023-08-19,NB,Anti-S estimate,0.998483695,0.993990168,NA,NA,0.999903344
2023-08-26,NB,Anti-S estimate,0.99843018,0.99366173,NA,NA,0.999906838
2023-09-02,NB,Anti-S estimate,0.998373371,0.993346072,NA,NA,0.999910213
2023-09-09,NB,Anti-S estimate,0.998312985,0.9928809,NA,NA,0.99991389
2023-09-16,NB,Anti-S estimate,0.998248734,0.992365568,NA,NA,0.999915044
2023-09-23,NB,Anti-S estimate,0.998180323,0.991991745,NA,NA,0.999918214
2023-09-30,NB,Anti-S estimate,0.998107461,0.991480212,NA,NA,0.999920641
2020-03-07,NL,Anti-N estimate,0.002190244,0.000911754,NA,NA,0.004059258
2020-03-14,NL,Anti-N estimate,0.002524175,0.001032407,NA,NA,0.004773514
2020-03-21,NL,Anti-N estimate,0.002875266,0.001158588,NA,NA,0.00545226
2020-03-28,NL,Anti-N estimate,0.003232413,0.00129062,NA,NA,0.006257551
2020-04-04,NL,Anti-N estimate,0.003581607,0.001417254,NA,NA,0.006961021
2020-04-11,NL,Anti-N estimate,0.003906746,0.001550772,NA,NA,0.007613509
2020-04-18,NL,Anti-N estimate,0.004191115,0.001713146,NA,NA,0.008102107
2020-04-25,NL,Anti-N estimate,0.004424688,0.001869988,NA,NA,0.008404323
2020-05-02,NL,Anti-N estimate,0.004607639,0.002046026,NA,NA,0.008509663
2020-05-09,NL,Anti-N estimate,0.004744144,0.00223545,NA,NA,0.008481457
2020-05-16,NL,Anti-N estimate,0.004840837,0.002403147,NA,NA,0.008397871
2020-05-23,NL,Anti-N estimate,0.004905648,0.002536858,NA,NA,0.008336005
2020-05-30,NL,Anti-N estimate,0.004946826,0.002598268,NA,NA,0.008293253
2020-06-06,NL,Anti-N estimate,0.00497225,0.002622125,NA,NA,0.008287385
2020-06-13,NL,Anti-N estimate,0.004989018,0.002628356,NA,NA,0.008305408
2020-06-20,NL,Anti-N estimate,0.005003321,0.002591451,NA,NA,0.008416768
2020-06-27,NL,Anti-N estimate,0.005020532,0.002568905,NA,NA,0.008494738
2020-07-04,NL,Anti-N estimate,0.005045501,0.002556554,NA,NA,0.008634086
2020-07-11,NL,Anti-N estimate,0.005083005,0.002533981,NA,NA,0.008781757
2020-07-18,NL,Anti-N estimate,0.005137181,0.002572712,NA,NA,0.008850682
2020-07-25,NL,Anti-N estimate,0.005208499,0.002618022,NA,NA,0.008925686
2020-08-01,NL,Anti-N estimate,0.005297347,0.002719868,NA,NA,0.009044481
2020-08-08,NL,Anti-N estimate,0.00540482,0.002855849,NA,NA,0.009052175
2020-08-15,NL,Anti-N estimate,0.005532366,0.003006283,NA,NA,0.009097168
2020-08-22,NL,Anti-N estimate,0.005681457,0.00321204,NA,NA,0.009150066
2020-08-29,NL,Anti-N estimate,0.005853324,0.003359026,NA,NA,0.00924187
2020-09-05,NL,Anti-N estimate,0.006048708,0.003506529,NA,NA,0.009418863
2020-09-12,NL,Anti-N estimate,0.006267651,0.003700001,NA,NA,0.009745098
2020-09-19,NL,Anti-N estimate,0.006509331,0.003903484,NA,NA,0.010074623
2020-09-26,NL,Anti-N estimate,0.006771963,0.004051255,NA,NA,0.01053019
2020-10-03,NL,Anti-N estimate,0.007052807,0.004245118,NA,NA,0.01091211
2020-10-10,NL,Anti-N estimate,0.007348433,0.004435815,NA,NA,0.011348433
2020-10-17,NL,Anti-N estimate,0.007656726,0.004651055,NA,NA,0.011760806
2020-10-24,NL,Anti-N estimate,0.007977406,0.004911978,NA,NA,0.012175556
2020-10-31,NL,Anti-N estimate,0.008310786,0.005202809,NA,NA,0.012408925
2020-11-07,NL,Anti-N estimate,0.008657498,0.005552294,NA,NA,0.012803972
2020-11-14,NL,Anti-N estimate,0.009018234,0.005900221,NA,NA,0.013181798
2020-11-21,NL,Anti-N estimate,0.009393496,0.006248611,NA,NA,0.013551482
2020-11-28,NL,Anti-N estimate,0.009783355,0.006574956,NA,NA,0.013902441
2020-12-05,NL,Anti-N estimate,0.01018723,0.0068534,NA,NA,0.014441832
2020-12-12,NL,Anti-N estimate,0.010603713,0.007125285,NA,NA,0.014964905
2020-12-19,NL,Anti-N estimate,0.011030441,0.007400454,NA,NA,0.015529229
2020-12-26,NL,Anti-N estimate,0.011464063,0.007672818,NA,NA,0.016178898
2021-01-02,NL,Anti-N estimate,0.011900309,0.007959241,NA,NA,0.016953089
2021-01-09,NL,Anti-N estimate,0.012335209,0.008234918,NA,NA,0.017569413
2021-01-16,NL,Anti-N estimate,0.012767404,0.008572812,NA,NA,0.018153845
2021-01-23,NL,Anti-N estimate,0.013196562,0.008925788,NA,NA,0.018685435
2021-01-30,NL,Anti-N estimate,0.013622917,0.00930312,NA,NA,0.019185306
2021-02-06,NL,Anti-N estimate,0.014047155,0.009712263,NA,NA,0.019555969
2021-02-13,NL,Anti-N estimate,0.014470296,0.010090018,NA,NA,0.019990161
2021-02-20,NL,Anti-N estimate,0.014893572,0.010444142,NA,NA,0.020298741
2021-02-27,NL,Anti-N estimate,0.015318317,0.010825787,NA,NA,0.020611994
2021-03-06,NL,Anti-N estimate,0.015745852,0.011236537,NA,NA,0.021081604
2021-03-13,NL,Anti-N estimate,0.016177407,0.011559673,NA,NA,0.021551075
2021-03-20,NL,Anti-N estimate,0.016614041,0.011909458,NA,NA,0.022062539
2021-03-27,NL,Anti-N estimate,0.017056607,0.0123072,NA,NA,0.022612782
2021-04-03,NL,Anti-N estimate,0.017505733,0.012621566,NA,NA,0.023226201
2021-04-10,NL,Anti-N estimate,0.017961844,0.01299951,NA,NA,0.02395473
2021-04-17,NL,Anti-N estimate,0.018425223,0.013323086,NA,NA,0.024607628
2021-04-24,NL,Anti-N estimate,0.018896118,0.013671299,NA,NA,0.025233924
2021-05-01,NL,Anti-N estimate,0.019374741,0.014029869,NA,NA,0.025896769
2021-05-08,NL,Anti-N estimate,0.019858831,0.014409283,NA,NA,0.02653779
2021-05-15,NL,Anti-N estimate,0.020343909,0.01472354,NA,NA,0.027140164
2021-05-22,NL,Anti-N estimate,0.020825265,0.015146783,NA,NA,0.027618413
2021-05-29,NL,Anti-N estimate,0.021297893,0.015580226,NA,NA,0.028112334
2021-06-05,NL,Anti-N estimate,0.021756376,0.016045349,NA,NA,0.028475245
2021-06-12,NL,Anti-N estimate,0.022194799,0.016468344,NA,NA,0.029194931
2021-06-19,NL,Anti-N estimate,0.022606685,0.016757859,NA,NA,0.02958936
2021-06-26,NL,Anti-N estimate,0.022984978,0.016987013,NA,NA,0.030168076
2021-07-03,NL,Anti-N estimate,0.023322061,0.017138733,NA,NA,0.030707758
2021-07-10,NL,Anti-N estimate,0.023609837,0.017354848,NA,NA,0.031143669
2021-07-17,NL,Anti-N estimate,0.02383986,0.017349301,NA,NA,0.031516208
2021-07-24,NL,Anti-N estimate,0.024003538,0.017361314,NA,NA,0.031759003
2021-07-31,NL,Anti-N estimate,0.024092395,0.017293388,NA,NA,0.032119769
2021-08-07,NL,Anti-N estimate,0.024098394,0.017236816,NA,NA,0.032341177
2021-08-14,NL,Anti-N estimate,0.024014314,0.017113216,NA,NA,0.032424371
2021-08-21,NL,Anti-N estimate,0.023834164,0.016911474,NA,NA,0.03211583
2021-08-28,NL,Anti-N estimate,0.023559079,0.016786459,NA,NA,0.031760075
2021-09-04,NL,Anti-N estimate,0.023213331,0.016570621,NA,NA,0.031295897
2021-09-11,NL,Anti-N estimate,0.02282627,0.016375564,NA,NA,0.030827178
2021-09-18,NL,Anti-N estimate,0.022425869,0.01607364,NA,NA,0.030188517
2021-09-25,NL,Anti-N estimate,0.022038241,0.015900756,NA,NA,0.029766117
2021-10-02,NL,Anti-N estimate,0.021687508,0.015643603,NA,NA,0.029295821
2021-10-09,NL,Anti-N estimate,0.021396006,0.015394789,NA,NA,0.029048883
2021-10-16,NL,Anti-N estimate,0.021184748,0.015204725,NA,NA,0.028635629
2021-10-23,NL,Anti-N estimate,0.021074149,0.015143596,NA,NA,0.028557305
2021-10-30,NL,Anti-N estimate,0.021084965,0.015188601,NA,NA,0.028944947
2021-11-06,NL,Anti-N estimate,0.021239477,0.015224112,NA,NA,0.029348228
2021-11-13,NL,Anti-N estimate,0.021562956,0.015454933,NA,NA,0.029719883
2021-11-20,NL,Anti-N estimate,0.022085497,0.01578298,NA,NA,0.030348915
2021-11-27,NL,Anti-N estimate,0.022844376,0.016302491,NA,NA,0.031214818
2021-12-04,NL,Anti-N estimate,0.023887148,0.017068504,NA,NA,0.032439619
2021-12-11,NL,Anti-N estimate,0.025275838,0.018200429,NA,NA,0.033998485
2021-12-18,NL,Anti-N estimate,0.027092082,0.019787982,NA,NA,0.035953928
2021-12-25,NL,Anti-N estimate,0.029422272,0.021711984,NA,NA,0.038589949
2022-01-01,NL,Anti-N estimate,0.032350455,0.024078311,NA,NA,0.041982934
2022-01-08,NL,Anti-N estimate,0.035980574,0.02703648,NA,NA,0.046184534
2022-01-15,NL,Anti-N estimate,0.040439561,0.03073197,NA,NA,0.051366943
2022-01-22,NL,Anti-N estimate,0.045878838,0.034968188,NA,NA,0.058050939
2022-01-29,NL,Anti-N estimate,0.052475305,0.040120088,NA,NA,0.06608616
2022-02-05,NL,Anti-N estimate,0.06043149,0.04638806,NA,NA,0.075773012
2022-02-12,NL,Anti-N estimate,0.069974631,0.054153683,NA,NA,0.087650908
2022-02-19,NL,Anti-N estimate,0.081353547,0.063820838,NA,NA,0.101014177
2022-02-26,NL,Anti-N estimate,0.094794523,0.075704357,NA,NA,0.116465278
2022-03-05,NL,Anti-N estimate,0.110451764,0.089819318,NA,NA,0.133865442
2022-03-12,NL,Anti-N estimate,0.128402279,0.10616822,NA,NA,0.15323273
2022-03-19,NL,Anti-N estimate,0.148610056,0.125188072,NA,NA,0.174362297
2022-03-26,NL,Anti-N estimate,0.170891042,0.145757305,NA,NA,0.197821088
2022-04-02,NL,Anti-N estimate,0.194889325,0.168122416,NA,NA,0.223722428
2022-04-09,NL,Anti-N estimate,0.220072287,0.19083345,NA,NA,0.250539842
2022-04-16,NL,Anti-N estimate,0.245748767,0.214593868,NA,NA,0.278103041
2022-04-23,NL,Anti-N estimate,0.27111669,0.238868964,NA,NA,0.304980343
2022-04-30,NL,Anti-N estimate,0.295599919,0.263188396,NA,NA,0.329951501
2022-05-07,NL,Anti-N estimate,0.319016304,0.286881603,NA,NA,0.352827997
2022-05-14,NL,Anti-N estimate,0.34129514,0.309192288,NA,NA,0.37367746
2022-05-21,NL,Anti-N estimate,0.362443227,0.330064799,NA,NA,0.395133317
2022-05-28,NL,Anti-N estimate,0.382530922,0.349563899,NA,NA,0.416079502
2022-06-04,NL,Anti-N estimate,0.401680289,0.367344191,NA,NA,0.435918728
2022-06-11,NL,Anti-N estimate,0.420055373,0.383425728,NA,NA,0.456602577
2022-06-18,NL,Anti-N estimate,0.437854092,0.400156957,NA,NA,0.476712491
2022-06-25,NL,Anti-N estimate,0.455295789,0.416582744,NA,NA,0.494567197
2022-07-02,NL,Anti-N estimate,0.472444512,0.434325047,NA,NA,0.510336286
2022-07-09,NL,Anti-N estimate,0.489160597,0.452324242,NA,NA,0.527090895
2022-07-16,NL,Anti-N estimate,0.505293145,0.469895996,NA,NA,0.543011195
2022-07-23,NL,Anti-N estimate,0.520694903,0.484216623,NA,NA,0.558045397
2022-07-30,NL,Anti-N estimate,0.535225762,0.49769574,NA,NA,0.573079271
2022-08-06,NL,Anti-N estimate,0.548756003,0.509269394,NA,NA,0.588320501
2022-08-13,NL,Anti-N estimate,0.561168291,0.519581487,NA,NA,0.602391672
2022-08-20,NL,Anti-N estimate,0.572357652,0.529294977,NA,NA,0.61461469
2022-08-27,NL,Anti-N estimate,0.58223378,0.539602754,NA,NA,0.624621037
2022-09-03,NL,Anti-N estimate,0.590865083,0.549612744,NA,NA,0.631805777
2022-09-10,NL,Anti-N estimate,0.598501287,0.559460556,NA,NA,0.637055394
2022-09-17,NL,Anti-N estimate,0.605396367,0.568317328,NA,NA,0.642652687
2022-09-24,NL,Anti-N estimate,0.611799493,0.575775443,NA,NA,0.648154728
2022-10-01,NL,Anti-N estimate,0.617956889,0.581706628,NA,NA,0.65368413
2022-10-08,NL,Anti-N estimate,0.624112812,0.586496446,NA,NA,0.661205604
2022-10-15,NL,Anti-N estimate,0.630509279,0.592093604,NA,NA,0.667743315
2022-10-22,NL,Anti-N estimate,0.637384269,0.597864503,NA,NA,0.67537422
2022-10-29,NL,Anti-N estimate,0.644962239,0.606100124,NA,NA,0.681818545
2022-11-05,NL,Anti-N estimate,0.653264239,0.615392143,NA,NA,0.688777495
2022-11-12,NL,Anti-N estimate,0.662075145,0.626444653,NA,NA,0.695921961
2022-11-19,NL,Anti-N estimate,0.671169635,0.635413416,NA,NA,0.703508544
2022-11-26,NL,Anti-N estimate,0.680331185,0.644880657,NA,NA,0.713270133
2022-12-03,NL,Anti-N estimate,0.689356493,0.652979796,NA,NA,0.722578318
2022-12-10,NL,Anti-N estimate,0.698058464,0.660518199,NA,NA,0.732992865
2022-12-17,NL,Anti-N estimate,0.706267076,0.667017146,NA,NA,0.742863208
2022-12-24,NL,Anti-N estimate,0.713827653,0.674319068,NA,NA,0.751030372
2022-12-31,NL,Anti-N estimate,0.720599558,0.681528762,NA,NA,0.757619569
2023-01-07,NL,Anti-N estimate,0.726551483,0.689150591,NA,NA,0.762244124
2023-01-14,NL,Anti-N estimate,0.731772877,0.695887185,NA,NA,0.766483657
2023-01-21,NL,Anti-N estimate,0.736353399,0.701677772,NA,NA,0.769386649
2023-01-28,NL,Anti-N estimate,0.740379938,0.706365284,NA,NA,0.772172546
2023-02-04,NL,Anti-N estimate,0.74394002,0.710197431,NA,NA,0.775825646
2023-02-11,NL,Anti-N estimate,0.747123597,0.713376828,NA,NA,0.779671372
2023-02-18,NL,Anti-N estimate,0.750023148,0.715681133,NA,NA,0.784090838
2023-02-25,NL,Anti-N estimate,0.752732071,0.717012558,NA,NA,0.787613496
2023-03-04,NL,Anti-N estimate,0.755340139,0.719881881,NA,NA,0.789945809
2023-03-11,NL,Anti-N estimate,0.757890288,0.723532192,NA,NA,0.7911964
2023-03-18,NL,Anti-N estimate,0.76037085,0.727275208,NA,NA,0.7922008
2023-03-25,NL,Anti-N estimate,0.762765982,0.730960016,NA,NA,0.793733497
2023-04-01,NL,Anti-N estimate,0.765062543,0.733482232,NA,NA,0.795345128
2023-04-08,NL,Anti-N estimate,0.767252744,0.735295055,NA,NA,0.79761323
2023-04-15,NL,Anti-N estimate,0.769335365,0.736173253,NA,NA,0.800823264
2023-04-22,NL,Anti-N estimate,0.771315525,0.737231078,NA,NA,0.80403569
2023-04-29,NL,Anti-N estimate,0.773202966,0.737386408,NA,NA,0.807092842
2023-05-06,NL,Anti-N estimate,0.775008163,0.738707688,NA,NA,0.809470512
2023-05-13,NL,Anti-N estimate,0.77671553,0.741322432,NA,NA,0.810655854
2023-05-20,NL,Anti-N estimate,0.778276644,0.743126955,NA,NA,0.812044019
2023-05-27,NL,Anti-N estimate,0.779639083,0.745925948,NA,NA,0.812284326
2023-06-03,NL,Anti-N estimate,0.780751095,0.748402631,NA,NA,0.812356595
2023-06-10,NL,Anti-N estimate,0.781563718,0.749129329,NA,NA,0.812779323
2023-06-17,NL,Anti-N estimate,0.78203195,0.749704711,NA,NA,0.812906512
2023-06-24,NL,Anti-N estimate,0.782114971,0.748817281,NA,NA,0.81332557
2023-07-01,NL,Anti-N estimate,0.781775382,0.747149171,NA,NA,0.81372442
2023-07-08,NL,Anti-N estimate,0.780978502,0.745383977,NA,NA,0.81339387
2023-07-15,NL,Anti-N estimate,0.779722264,0.743647481,NA,NA,0.81229326
2023-07-22,NL,Anti-N estimate,0.778041061,0.741833367,NA,NA,0.810308085
2023-07-29,NL,Anti-N estimate,0.775967558,0.739854203,NA,NA,0.807783346
2023-08-05,NL,Anti-N estimate,0.773531567,0.738797399,NA,NA,0.80499682
2023-08-12,NL,Anti-N estimate,0.770761259,0.737400933,NA,NA,0.801132646
2023-08-19,NL,Anti-N estimate,0.767684248,0.736159541,NA,NA,0.796833753
2023-08-26,NL,Anti-N estimate,0.764328565,0.733826238,NA,NA,0.791876882
2023-09-02,NL,Anti-N estimate,0.760723494,0.731351134,NA,NA,0.787556755
2023-09-09,NL,Anti-N estimate,0.756900288,0.727847091,NA,NA,0.783063061
2023-09-16,NL,Anti-N estimate,0.752892735,0.723237453,NA,NA,0.780126958
2023-09-23,NL,Anti-N estimate,0.748737583,0.717098382,NA,NA,0.778152771
2023-09-30,NL,Anti-N estimate,0.744474799,0.710746624,NA,NA,0.776296535
2020-03-07,NL,Anti-S estimate,0.00270725,0.000757647,NA,NA,0.009090402
2020-03-14,NL,Anti-S estimate,0.003100016,0.000839456,NA,NA,0.01041069
2020-03-21,NL,Anti-S estimate,0.003509368,0.000943005,NA,NA,0.01166014
2020-03-28,NL,Anti-S estimate,0.003922532,0.001055285,NA,NA,0.013012949
2020-04-04,NL,Anti-S estimate,0.004323863,0.001166788,NA,NA,0.014335032
2020-04-11,NL,Anti-S estimate,0.004695738,0.001280658,NA,NA,0.01549823
2020-04-18,NL,Anti-S estimate,0.005020124,0.001395866,NA,NA,0.016408894
2020-04-25,NL,Anti-S estimate,0.005286524,0.001515662,NA,NA,0.017018163
2020-05-02,NL,Anti-S estimate,0.005495632,0.001647571,NA,NA,0.017761068
2020-05-09,NL,Anti-S estimate,0.005652338,0.001770022,NA,NA,0.018010899
2020-05-16,NL,Anti-S estimate,0.00576408,0.001892508,NA,NA,0.018392501
2020-05-23,NL,Anti-S estimate,0.005839647,0.001978511,NA,NA,0.018408453
2020-05-30,NL,Anti-S estimate,0.005888182,0.002074511,NA,NA,0.01845132
2020-06-06,NL,Anti-S estimate,0.005918469,0.002114213,NA,NA,0.018538624
2020-06-13,NL,Anti-S estimate,0.005938516,0.002100851,NA,NA,0.018097927
2020-06-20,NL,Anti-S estimate,0.005955415,0.002069049,NA,NA,0.018668924
2020-06-27,NL,Anti-S estimate,0.005975437,0.002048738,NA,NA,0.018738801
2020-07-04,NL,Anti-S estimate,0.006004328,0.002026418,NA,NA,0.018928897
2020-07-11,NL,Anti-S estimate,0.006047788,0.002029282,NA,NA,0.019270722
2020-07-18,NL,Anti-S estimate,0.006110713,0.002064029,NA,NA,0.019453485
2020-07-25,NL,Anti-S estimate,0.006193577,0.002141418,NA,NA,0.019585011
2020-08-01,NL,Anti-S estimate,0.006296591,0.002192575,NA,NA,0.019945569
2020-08-08,NL,Anti-S estimate,0.006420691,0.00228414,NA,NA,0.020033487
2020-08-15,NL,Anti-S estimate,0.006567145,0.002369315,NA,NA,0.020418505
2020-08-22,NL,Anti-S estimate,0.006737229,0.002465926,NA,NA,0.021030633
2020-08-29,NL,Anti-S estimate,0.006931937,0.002598874,NA,NA,0.021388327
2020-09-05,NL,Anti-S estimate,0.007151728,0.002745109,NA,NA,0.021852742
2020-09-12,NL,Anti-S estimate,0.007396318,0.002874737,NA,NA,0.022515494
2020-09-19,NL,Anti-S estimate,0.007664512,0.003002519,NA,NA,0.023450253
2020-09-26,NL,Anti-S estimate,0.007954124,0.003145961,NA,NA,0.0241597
2020-10-03,NL,Anti-S estimate,0.008261996,0.003252864,NA,NA,0.024745766
2020-10-10,NL,Anti-S estimate,0.008584287,0.003379691,NA,NA,0.025615867
2020-10-17,NL,Anti-S estimate,0.008918667,0.003528427,NA,NA,0.026406142
2020-10-24,NL,Anti-S estimate,0.009264797,0.003709138,NA,NA,0.026761421
2020-10-31,NL,Anti-S estimate,0.009622924,0.003913582,NA,NA,0.027189214
2020-11-07,NL,Anti-S estimate,0.0099936,0.004119651,NA,NA,0.028158467
2020-11-14,NL,Anti-S estimate,0.010377421,0.004339824,NA,NA,0.028674765
2020-11-21,NL,Anti-S estimate,0.010774785,0.004558728,NA,NA,0.02906555
2020-11-28,NL,Anti-S estimate,0.011185662,0.004815281,NA,NA,0.029788636
2020-12-05,NL,Anti-S estimate,0.011609392,0.005023257,NA,NA,0.030543176
2020-12-12,NL,Anti-S estimate,0.012044521,0.005260965,NA,NA,0.031410146
2020-12-19,NL,Anti-S estimate,0.012488702,0.005490803,NA,NA,0.03225331
2020-12-26,NL,Anti-S estimate,0.012938676,0.005732511,NA,NA,0.033347241
2021-01-02,NL,Anti-S estimate,0.013390359,0.005992055,NA,NA,0.034104161
2021-01-09,NL,Anti-S estimate,0.01550648,0.007128354,NA,NA,0.038482172
2021-01-16,NL,Anti-S estimate,0.017938816,0.008399158,NA,NA,0.044002248
2021-01-23,NL,Anti-S estimate,0.020751919,0.009908589,NA,NA,0.049099166
2021-01-30,NL,Anti-S estimate,0.024028545,0.011620489,NA,NA,0.055477899
2021-02-06,NL,Anti-S estimate,0.027874745,0.013875102,NA,NA,0.062211254
2021-02-13,NL,Anti-S estimate,0.032426392,0.016507004,NA,NA,0.069783593
2021-02-20,NL,Anti-S estimate,0.037857565,0.019710654,NA,NA,0.079108619
2021-02-27,NL,Anti-S estimate,0.044391248,0.023694406,NA,NA,0.088419279
2021-03-06,NL,Anti-S estimate,0.052312797,0.028584485,NA,NA,0.09878782
2021-03-13,NL,Anti-S estimate,0.061986488,0.034507452,NA,NA,0.111776513
2021-03-20,NL,Anti-S estimate,0.073875016,0.042008845,NA,NA,0.128501904
2021-03-27,NL,Anti-S estimate,0.088560828,0.051900273,NA,NA,0.147591825
2021-04-03,NL,Anti-S estimate,0.10676623,0.064395276,NA,NA,0.171263611
2021-04-10,NL,Anti-S estimate,0.129365796,0.080675762,NA,NA,0.197902007
2021-04-17,NL,Anti-S estimate,0.157379356,0.101842118,NA,NA,0.231161502
2021-04-24,NL,Anti-S estimate,0.19192722,0.129245312,NA,NA,0.270856302
2021-05-01,NL,Anti-S estimate,0.234102845,0.163647677,NA,NA,0.317650227
2021-05-08,NL,Anti-S estimate,0.284396609,0.206934392,NA,NA,0.3739166
2021-05-15,NL,Anti-S estimate,0.342311244,0.257263115,NA,NA,0.433754486
2021-05-22,NL,Anti-S estimate,0.406426175,0.317450395,NA,NA,0.498629171
2021-05-29,NL,Anti-S estimate,0.474485509,0.382593572,NA,NA,0.567031024
2021-06-05,NL,Anti-S estimate,0.543708871,0.449040217,NA,NA,0.635502258
2021-06-12,NL,Anti-S estimate,0.611219043,0.515088017,NA,NA,0.700066086
2021-06-19,NL,Anti-S estimate,0.674440927,0.581419103,NA,NA,0.758256323
2021-06-26,NL,Anti-S estimate,0.731391321,0.642527761,NA,NA,0.806824764
2021-07-03,NL,Anti-S estimate,0.780842309,0.696338474,NA,NA,0.847591027
2021-07-10,NL,Anti-S estimate,0.82235163,0.742154989,NA,NA,0.88207444
2021-07-17,NL,Anti-S estimate,0.856159569,0.782311681,NA,NA,0.908438772
2021-07-24,NL,Anti-S estimate,0.882987453,0.815925244,NA,NA,0.928352227
2021-07-31,NL,Anti-S estimate,0.90380536,0.842143078,NA,NA,0.943461218
2021-08-07,NL,Anti-S estimate,0.91963253,0.863663242,NA,NA,0.954204768
2021-08-14,NL,Anti-S estimate,0.931401895,0.879639467,NA,NA,0.961950244
2021-08-21,NL,Anti-S estimate,0.939887702,0.891338905,NA,NA,0.967333417
2021-08-28,NL,Anti-S estimate,0.945731165,0.899276107,NA,NA,0.970989178
2021-09-04,NL,Anti-S estimate,0.949569856,0.904734153,NA,NA,0.973277576
2021-09-11,NL,Anti-S estimate,0.951874211,0.908611188,NA,NA,0.974651171
2021-09-18,NL,Anti-S estimate,0.952959728,0.910815068,NA,NA,0.975228432
2021-09-25,NL,Anti-S estimate,0.95304011,0.911471782,NA,NA,0.975268846
2021-10-02,NL,Anti-S estimate,0.952264082,0.910157962,NA,NA,0.975058043
2021-10-09,NL,Anti-S estimate,0.950741984,0.907462366,NA,NA,0.973960461
2021-10-16,NL,Anti-S estimate,0.948566179,0.905399553,NA,NA,0.972752854
2021-10-23,NL,Anti-S estimate,0.945827709,0.900481163,NA,NA,0.971280995
2021-10-30,NL,Anti-S estimate,0.942630417,0.895541214,NA,NA,0.969474436
2021-11-06,NL,Anti-S estimate,0.939102781,0.890103166,NA,NA,0.967327812
2021-11-13,NL,Anti-S estimate,0.935406929,0.884621613,NA,NA,0.965044925
2021-11-20,NL,Anti-S estimate,0.931743776,0.879161596,NA,NA,0.962828814
2021-11-27,NL,Anti-S estimate,0.928352949,0.875872436,NA,NA,0.960858177
2021-12-04,NL,Anti-S estimate,0.925506244,0.872073506,NA,NA,0.959261618
2021-12-11,NL,Anti-S estimate,0.923493746,0.869364795,NA,NA,0.958098698
2021-12-18,NL,Anti-S estimate,0.92259855,0.869361633,NA,NA,0.957337695
2021-12-25,NL,Anti-S estimate,0.922945558,0.869024156,NA,NA,0.957513452
2022-01-01,NL,Anti-S estimate,0.924458638,0.871220356,NA,NA,0.958207667
2022-01-08,NL,Anti-S estimate,0.927011749,0.875334224,NA,NA,0.959388225
2022-01-15,NL,Anti-S estimate,0.930449777,0.880273223,NA,NA,0.961603234
2022-01-22,NL,Anti-S estimate,0.93459981,0.885288089,NA,NA,0.964223417
2022-01-29,NL,Anti-S estimate,0.939281387,0.892269468,NA,NA,0.967281794
2022-02-05,NL,Anti-S estimate,0.944315354,0.900340861,NA,NA,0.970401049
2022-02-12,NL,Anti-S estimate,0.949531132,0.907811632,NA,NA,0.973509524
2022-02-19,NL,Anti-S estimate,0.954771611,0.91518901,NA,NA,0.976726371
2022-02-26,NL,Anti-S estimate,0.959876138,0.923121457,NA,NA,0.979546066
2022-03-05,NL,Anti-S estimate,0.964693493,0.930041975,NA,NA,0.982258983
2022-03-12,NL,Anti-S estimate,0.969118708,0.93728624,NA,NA,0.984498123
2022-03-19,NL,Anti-S estimate,0.973091576,0.944571458,NA,NA,0.986646789
2022-03-26,NL,Anti-S estimate,0.976589374,0.950589761,NA,NA,0.988531858
2022-04-02,NL,Anti-S estimate,0.979617784,0.956070357,NA,NA,0.990039887
2022-04-09,NL,Anti-S estimate,0.982201695,0.960861188,NA,NA,0.991485808
2022-04-16,NL,Anti-S estimate,0.984377024,0.965139306,NA,NA,0.992654221
2022-04-23,NL,Anti-S estimate,0.986184699,0.968947678,NA,NA,0.993637478
2022-04-30,NL,Anti-S estimate,0.987681788,0.972076596,NA,NA,0.994392086
2022-05-07,NL,Anti-S estimate,0.98893367,0.974871789,NA,NA,0.995039504
2022-05-14,NL,Anti-S estimate,0.989991822,0.976932335,NA,NA,0.99559177
2022-05-21,NL,Anti-S estimate,0.990896538,0.978810298,NA,NA,0.996056891
2022-05-28,NL,Anti-S estimate,0.991679834,0.980340918,NA,NA,0.996463125
2022-06-04,NL,Anti-S estimate,0.992367418,0.98171526,NA,NA,0.996852277
2022-06-11,NL,Anti-S estimate,0.992980035,0.982964271,NA,NA,0.997194147
2022-06-18,NL,Anti-S estimate,0.993534357,0.984194195,NA,NA,0.997495339
2022-06-25,NL,Anti-S estimate,0.994043417,0.985495973,NA,NA,0.997737554
2022-07-02,NL,Anti-S estimate,0.994512857,0.986552091,NA,NA,0.997963383
2022-07-09,NL,Anti-S estimate,0.994942349,0.987508887,NA,NA,0.9981683
2022-07-16,NL,Anti-S estimate,0.995332079,0.988200809,NA,NA,0.99836191
2022-07-23,NL,Anti-S estimate,0.995683067,0.989104456,NA,NA,0.998545982
2022-07-30,NL,Anti-S estimate,0.995997006,0.989834211,NA,NA,0.998679435
2022-08-06,NL,Anti-S estimate,0.996276037,0.990685077,NA,NA,0.998805088
2022-08-13,NL,Anti-S estimate,0.996522522,0.991111339,NA,NA,0.99892836
2022-08-20,NL,Anti-S estimate,0.996738814,0.991572092,NA,NA,0.99903654
2022-08-27,NL,Anti-S estimate,0.996927102,0.992041642,NA,NA,0.999112345
2022-09-03,NL,Anti-S estimate,0.997091003,0.99247886,NA,NA,0.999174649
2022-09-10,NL,Anti-S estimate,0.997235497,0.992752588,NA,NA,0.999233469
2022-09-17,NL,Anti-S estimate,0.997364838,0.992910127,NA,NA,0.99928802
2022-09-24,NL,Anti-S estimate,0.997482702,0.993127871,NA,NA,0.999331363
2022-10-01,NL,Anti-S estimate,0.997592369,0.993268472,NA,NA,0.999366029
2022-10-08,NL,Anti-S estimate,0.997696799,0.993440671,NA,NA,0.999400425
2022-10-15,NL,Anti-S estimate,0.997798647,0.993711067,NA,NA,0.99943402
2022-10-22,NL,Anti-S estimate,0.997900217,0.99388764,NA,NA,0.999471065
2022-10-29,NL,Anti-S estimate,0.998003312,0.994161351,NA,NA,0.999506928
2022-11-05,NL,Anti-S estimate,0.998107412,0.994496591,NA,NA,0.999547161
2022-11-12,NL,Anti-S estimate,0.998209848,0.994792098,NA,NA,0.999573376
2022-11-19,NL,Anti-S estimate,0.998308429,0.995024733,NA,NA,0.999604747
2022-11-26,NL,Anti-S estimate,0.998401535,0.995216318,NA,NA,0.999635501
2022-12-03,NL,Anti-S estimate,0.998488008,0.995440186,NA,NA,0.999661401
2022-12-10,NL,Anti-S estimate,0.998567085,0.995681434,NA,NA,0.999683229
2022-12-17,NL,Anti-S estimate,0.998638304,0.995880496,NA,NA,0.999701705
2022-12-24,NL,Anti-S estimate,0.998701394,0.996102789,NA,NA,0.999722972
2022-12-31,NL,Anti-S estimate,0.998756181,0.996268606,NA,NA,0.999734913
2023-01-07,NL,Anti-S estimate,0.998803098,0.996410788,NA,NA,0.999751852
2023-01-14,NL,Anti-S estimate,0.998843175,0.99652826,NA,NA,0.999763954
2023-01-21,NL,Anti-S estimate,0.998877314,0.996637491,NA,NA,0.99977699
2023-01-28,NL,Anti-S estimate,0.998906322,0.996704499,NA,NA,0.999785181
2023-02-04,NL,Anti-S estimate,0.998930969,0.996757453,NA,NA,0.999794136
2023-02-11,NL,Anti-S estimate,0.998952005,0.996767899,NA,NA,0.999802005
2023-02-18,NL,Anti-S estimate,0.998970172,0.996861827,NA,NA,0.999810443
2023-02-25,NL,Anti-S estimate,0.998986185,0.996884368,NA,NA,0.999817884
2023-03-04,NL,Anti-S estimate,0.999000689,0.996921104,NA,NA,0.999826531
2023-03-11,NL,Anti-S estimate,0.999013953,0.996925248,NA,NA,0.999831597
2023-03-18,NL,Anti-S estimate,0.999025837,0.996992761,NA,NA,0.99983913
2023-03-25,NL,Anti-S estimate,0.999036177,0.99701297,NA,NA,0.999841532
2023-04-01,NL,Anti-S estimate,0.999044846,0.997048016,NA,NA,0.999848372
2023-04-08,NL,Anti-S estimate,0.999051783,0.997037691,NA,NA,0.999851271
2023-04-15,NL,Anti-S estimate,0.999057002,0.997055114,NA,NA,0.999856995
2023-04-22,NL,Anti-S estimate,0.999060587,0.997040928,NA,NA,0.999861975
2023-04-29,NL,Anti-S estimate,0.999062672,0.997037176,NA,NA,0.999863666
2023-05-06,NL,Anti-S estimate,0.9990634,0.996970033,NA,NA,0.999866943
2023-05-13,NL,Anti-S estimate,0.999062717,0.996932806,NA,NA,0.999873264
2023-05-20,NL,Anti-S estimate,0.999060306,0.996860295,NA,NA,0.999877174
2023-05-27,NL,Anti-S estimate,0.999055787,0.996864463,NA,NA,0.999883648
2023-06-03,NL,Anti-S estimate,0.999048765,0.996734899,NA,NA,0.999887452
2023-06-10,NL,Anti-S estimate,0.999038843,0.996679665,NA,NA,0.999891839
2023-06-17,NL,Anti-S estimate,0.999025636,0.996611975,NA,NA,0.999895194
2023-06-24,NL,Anti-S estimate,0.999008767,0.996498939,NA,NA,0.999898591
2023-07-01,NL,Anti-S estimate,0.998987859,0.996419354,NA,NA,0.999902769
2023-07-08,NL,Anti-S estimate,0.998962521,0.996276542,NA,NA,0.999905812
2023-07-15,NL,Anti-S estimate,0.998932516,0.996134677,NA,NA,0.999907344
2023-07-22,NL,Anti-S estimate,0.998897782,0.995964018,NA,NA,0.99990982
2023-07-29,NL,Anti-S estimate,0.998858207,0.995743971,NA,NA,0.999911172
2023-08-05,NL,Anti-S estimate,0.998813629,0.995446416,NA,NA,0.999913379
2023-08-12,NL,Anti-S estimate,0.99876384,0.995261615,NA,NA,0.999914585
2023-08-19,NL,Anti-S estimate,0.998708601,0.995007088,NA,NA,0.999914856
2023-08-26,NL,Anti-S estimate,0.998647649,0.994661926,NA,NA,0.999917696
2023-09-02,NL,Anti-S estimate,0.99858071,0.994217578,NA,NA,0.999920437
2023-09-09,NL,Anti-S estimate,0.998507509,0.993759666,NA,NA,0.999920316
2023-09-16,NL,Anti-S estimate,0.998427789,0.993192467,NA,NA,0.999921494
2023-09-23,NL,Anti-S estimate,0.998341323,0.992560249,NA,NA,0.999922808
2023-09-30,NL,Anti-S estimate,0.998247936,0.991966959,NA,NA,0.999924626
2020-03-07,NS,Anti-N estimate,0.001770092,0.000762952,NA,NA,0.003219525
2020-03-14,NS,Anti-N estimate,0.002044639,0.00084911,NA,NA,0.003794878
2020-03-21,NS,Anti-N estimate,0.002335013,0.000941719,NA,NA,0.004374548
2020-03-28,NS,Anti-N estimate,0.002632554,0.001052891,NA,NA,0.005053657
2020-04-04,NS,Anti-N estimate,0.002926163,0.001182267,NA,NA,0.005661306
2020-04-11,NS,Anti-N estimate,0.003202892,0.001319069,NA,NA,0.006199507
2020-04-18,NS,Anti-N estimate,0.003449102,0.001460279,NA,NA,0.006670334
2020-04-25,NS,Anti-N estimate,0.003656372,0.00159631,NA,NA,0.006949626
2020-05-02,NS,Anti-N estimate,0.003824438,0.001748848,NA,NA,0.00709809
2020-05-09,NS,Anti-N estimate,0.003956284,0.001916082,NA,NA,0.00721416
2020-05-16,NS,Anti-N estimate,0.004056929,0.002045889,NA,NA,0.00727491
2020-05-23,NS,Anti-N estimate,0.004132522,0.002117908,NA,NA,0.007231993
2020-05-30,NS,Anti-N estimate,0.004189551,0.002211718,NA,NA,0.00716567
2020-06-06,NS,Anti-N estimate,0.004234276,0.002249849,NA,NA,0.007232474
2020-06-13,NS,Anti-N estimate,0.004272383,0.002248466,NA,NA,0.007235132
2020-06-20,NS,Anti-N estimate,0.004308863,0.002217257,NA,NA,0.007381833
2020-06-27,NS,Anti-N estimate,0.004348073,0.002182482,NA,NA,0.00752501
2020-07-04,NS,Anti-N estimate,0.004393982,0.002162065,NA,NA,0.007697482
2020-07-11,NS,Anti-N estimate,0.004450567,0.002164714,NA,NA,0.007815115
2020-07-18,NS,Anti-N estimate,0.004521369,0.002226812,NA,NA,0.007948959
2020-07-25,NS,Anti-N estimate,0.004606974,0.002271573,NA,NA,0.008012522
2020-08-01,NS,Anti-N estimate,0.004707982,0.002376066,NA,NA,0.008120335
2020-08-08,NS,Anti-N estimate,0.004825653,0.002487023,NA,NA,0.008298018
2020-08-15,NS,Anti-N estimate,0.004961578,0.002650943,NA,NA,0.008310146
2020-08-22,NS,Anti-N estimate,0.005117391,0.002814553,NA,NA,0.008383815
2020-08-29,NS,Anti-N estimate,0.005294495,0.003007682,NA,NA,0.008623675
2020-09-05,NS,Anti-N estimate,0.005493823,0.003201529,NA,NA,0.008749406
2020-09-12,NS,Anti-N estimate,0.005715623,0.003365416,NA,NA,0.008957428
2020-09-19,NS,Anti-N estimate,0.005959273,0.003498138,NA,NA,0.009345288
2020-09-26,NS,Anti-N estimate,0.006223164,0.003681225,NA,NA,0.009685608
2020-10-03,NS,Anti-N estimate,0.006504686,0.003892034,NA,NA,0.010084975
2020-10-10,NS,Anti-N estimate,0.006800441,0.004087293,NA,NA,0.010469194
2020-10-17,NS,Anti-N estimate,0.007108041,0.004325977,NA,NA,0.010977739
2020-10-24,NS,Anti-N estimate,0.007426664,0.004575108,NA,NA,0.01131064
2020-10-31,NS,Anti-N estimate,0.007756007,0.004849456,NA,NA,0.011610112
2020-11-07,NS,Anti-N estimate,0.008096038,0.005147127,NA,NA,0.011969644
2020-11-14,NS,Anti-N estimate,0.00844675,0.005509027,NA,NA,0.012282119
2020-11-21,NS,Anti-N estimate,0.008807927,0.005821156,NA,NA,0.012650879
2020-11-28,NS,Anti-N estimate,0.009178904,0.006124203,NA,NA,0.013076572
2020-12-05,NS,Anti-N estimate,0.009558353,0.006390211,NA,NA,0.013531265
2020-12-12,NS,Anti-N estimate,0.009944114,0.006698379,NA,NA,0.013977573
2020-12-19,NS,Anti-N estimate,0.010333071,0.006992268,NA,NA,0.014493405
2020-12-26,NS,Anti-N estimate,0.010721134,0.007235662,NA,NA,0.015066113
2021-01-02,NS,Anti-N estimate,0.011103317,0.007499822,NA,NA,0.015631015
2021-01-09,NS,Anti-N estimate,0.011475187,0.007729941,NA,NA,0.016117645
2021-01-16,NS,Anti-N estimate,0.011835583,0.008041769,NA,NA,0.016572864
2021-01-23,NS,Anti-N estimate,0.012184541,0.008391783,NA,NA,0.017029059
2021-01-30,NS,Anti-N estimate,0.012522736,0.008722589,NA,NA,0.017374717
2021-02-06,NS,Anti-N estimate,0.012851363,0.009089041,NA,NA,0.017648513
2021-02-13,NS,Anti-N estimate,0.013172023,0.009392291,NA,NA,0.01796858
2021-02-20,NS,Anti-N estimate,0.0134866,0.009720817,NA,NA,0.018261716
2021-02-27,NS,Anti-N estimate,0.013797153,0.009930251,NA,NA,0.018534372
2021-03-06,NS,Anti-N estimate,0.014105819,0.010207523,NA,NA,0.018933219
2021-03-13,NS,Anti-N estimate,0.014414736,0.010449169,NA,NA,0.019254015
2021-03-20,NS,Anti-N estimate,0.014725987,0.010763965,NA,NA,0.019670539
2021-03-27,NS,Anti-N estimate,0.015041572,0.011031403,NA,NA,0.02005897
2021-04-03,NS,Anti-N estimate,0.015363401,0.011266377,NA,NA,0.020560463
2021-04-10,NS,Anti-N estimate,0.015693326,0.011459337,NA,NA,0.021054203
2021-04-17,NS,Anti-N estimate,0.016033202,0.011642073,NA,NA,0.021552638
2021-04-24,NS,Anti-N estimate,0.016384985,0.011953233,NA,NA,0.021921256
2021-05-01,NS,Anti-N estimate,0.016750655,0.01221737,NA,NA,0.022354001
2021-05-08,NS,Anti-N estimate,0.017128809,0.012509286,NA,NA,0.022713875
2021-05-15,NS,Anti-N estimate,0.017514991,0.012900597,NA,NA,0.023164915
2021-05-22,NS,Anti-N estimate,0.017904427,0.013178669,NA,NA,0.023601768
2021-05-29,NS,Anti-N estimate,0.018291991,0.013450542,NA,NA,0.024008497
2021-06-05,NS,Anti-N estimate,0.018672099,0.013849203,NA,NA,0.024340291
2021-06-12,NS,Anti-N estimate,0.019038625,0.014247348,NA,NA,0.024905776
2021-06-19,NS,Anti-N estimate,0.019384855,0.014491156,NA,NA,0.025389832
2021-06-26,NS,Anti-N estimate,0.019703471,0.014671832,NA,NA,0.0257632
2021-07-03,NS,Anti-N estimate,0.019986591,0.014832868,NA,NA,0.026284347
2021-07-10,NS,Anti-N estimate,0.020225851,0.014931204,NA,NA,0.026750836
2021-07-17,NS,Anti-N estimate,0.020412559,0.015029056,NA,NA,0.027287765
2021-07-24,NS,Anti-N estimate,0.020537901,0.014979031,NA,NA,0.027476173
2021-07-31,NS,Anti-N estimate,0.020593219,0.014857715,NA,NA,0.027732152
2021-08-07,NS,Anti-N estimate,0.020570344,0.014714117,NA,NA,0.027782626
2021-08-14,NS,Anti-N estimate,0.020461981,0.014630543,NA,NA,0.027712948
2021-08-21,NS,Anti-N estimate,0.020262126,0.014426789,NA,NA,0.027419092
2021-08-28,NS,Anti-N estimate,0.019972798,0.014172872,NA,NA,0.027086265
2021-09-04,NS,Anti-N estimate,0.019622324,0.01399268,NA,NA,0.026523658
2021-09-11,NS,Anti-N estimate,0.019244324,0.013707638,NA,NA,0.025875156
2021-09-18,NS,Anti-N estimate,0.018870362,0.013412283,NA,NA,0.025314213
2021-09-25,NS,Anti-N estimate,0.018529622,0.013134192,NA,NA,0.024738936
2021-10-02,NS,Anti-N estimate,0.018249087,0.012937256,NA,NA,0.024310575
2021-10-09,NS,Anti-N estimate,0.018054174,0.012818419,NA,NA,0.024041674
2021-10-16,NS,Anti-N estimate,0.017969751,0.012689459,NA,NA,0.02404218
2021-10-23,NS,Anti-N estimate,0.018021541,0.01273751,NA,NA,0.024222493
2021-10-30,NS,Anti-N estimate,0.018237925,0.012849311,NA,NA,0.024526624
2021-11-06,NS,Anti-N estimate,0.018652256,0.013181811,NA,NA,0.025203947
2021-11-13,NS,Anti-N estimate,0.019305875,0.013673157,NA,NA,0.0259466
2021-11-20,NS,Anti-N estimate,0.020252124,0.014446365,NA,NA,0.027234973
2021-11-27,NS,Anti-N estimate,0.021561891,0.015450612,NA,NA,0.028766716
2021-12-04,NS,Anti-N estimate,0.023331423,0.016828702,NA,NA,0.030963566
2021-12-11,NS,Anti-N estimate,0.025693629,0.018784075,NA,NA,0.033711974
2021-12-18,NS,Anti-N estimate,0.028832782,0.021439692,NA,NA,0.037501442
2021-12-25,NS,Anti-N estimate,0.032938497,0.024994022,NA,NA,0.042142549
2022-01-01,NS,Anti-N estimate,0.038167266,0.029555189,NA,NA,0.048075305
2022-01-08,NS,Anti-N estimate,0.044685239,0.03541017,NA,NA,0.055443856
2022-01-15,NS,Anti-N estimate,0.052651598,0.042286322,NA,NA,0.06470331
2022-01-22,NS,Anti-N estimate,0.06218848,0.050547732,NA,NA,0.075555406
2022-01-29,NS,Anti-N estimate,0.073341658,0.059973631,NA,NA,0.088817449
2022-02-05,NS,Anti-N estimate,0.086035565,0.070380061,NA,NA,0.103967453
2022-02-12,NS,Anti-N estimate,0.100030323,0.082218339,NA,NA,0.120049283
2022-02-19,NS,Anti-N estimate,0.114897931,0.095275367,NA,NA,0.137088051
2022-02-26,NS,Anti-N estimate,0.130249947,0.10949694,NA,NA,0.153671705
2022-03-05,NS,Anti-N estimate,0.145919666,0.124093843,NA,NA,0.170593395
2022-03-12,NS,Anti-N estimate,0.1617881,0.139403187,NA,NA,0.186818624
2022-03-19,NS,Anti-N estimate,0.177773518,0.155182758,NA,NA,0.202790971
2022-03-26,NS,Anti-N estimate,0.19383232,0.170408852,NA,NA,0.218682078
2022-04-02,NS,Anti-N estimate,0.209958768,0.185209121,NA,NA,0.235552587
2022-04-09,NS,Anti-N estimate,0.226184497,0.199958043,NA,NA,0.252705594
2022-04-16,NS,Anti-N estimate,0.24257839,0.215269555,NA,NA,0.27022815
2022-04-23,NS,Anti-N estimate,0.259243007,0.231154537,NA,NA,0.287685066
2022-04-30,NS,Anti-N estimate,0.276180886,0.248064543,NA,NA,0.304863008
2022-05-07,NS,Anti-N estimate,0.293237287,0.265694848,NA,NA,0.322084531
2022-05-14,NS,Anti-N estimate,0.310234998,0.283005051,NA,NA,0.338593889
2022-05-21,NS,Anti-N estimate,0.326984602,0.299626976,NA,NA,0.355077775
2022-05-28,NS,Anti-N estimate,0.343287601,0.315424439,NA,NA,0.372395726
2022-06-04,NS,Anti-N estimate,0.358940957,0.329399241,NA,NA,0.389166587
2022-06-11,NS,Anti-N estimate,0.373742303,0.343863291,NA,NA,0.404999261
2022-06-18,NS,Anti-N estimate,0.387494921,0.356840114,NA,NA,0.419619834
2022-06-25,NS,Anti-N estimate,0.400017489,0.368689081,NA,NA,0.432150629
2022-07-02,NS,Anti-N estimate,0.411332497,0.380077058,NA,NA,0.44338011
2022-07-09,NS,Anti-N estimate,0.421710725,0.391430858,NA,NA,0.453225894
2022-07-16,NS,Anti-N estimate,0.431452223,0.402050716,NA,NA,0.462526466
2022-07-23,NS,Anti-N estimate,0.440867019,0.410630541,NA,NA,0.472529882
2022-07-30,NS,Anti-N estimate,0.450271664,0.41876398,NA,NA,0.481976257
2022-08-06,NS,Anti-N estimate,0.459987249,0.427442899,NA,NA,0.493298236
2022-08-13,NS,Anti-N estimate,0.470338258,0.4362243,NA,NA,0.505364715
2022-08-20,NS,Anti-N estimate,0.481651548,0.446294692,NA,NA,0.51813451
2022-08-27,NS,Anti-N estimate,0.494245247,0.458119386,NA,NA,0.531373727
2022-09-03,NS,Anti-N estimate,0.508126305,0.472176536,NA,NA,0.544695918
2022-09-10,NS,Anti-N estimate,0.522921299,0.487993529,NA,NA,0.557795105
2022-09-17,NS,Anti-N estimate,0.538225256,0.504562705,NA,NA,0.570553325
2022-09-24,NS,Anti-N estimate,0.553629418,0.520755443,NA,NA,0.585207366
2022-10-01,NS,Anti-N estimate,0.568729336,0.536246359,NA,NA,0.60067401
2022-10-08,NS,Anti-N estimate,0.583133338,0.548720674,NA,NA,0.616374475
2022-10-15,NS,Anti-N estimate,0.596469236,0.56124515,NA,NA,0.630615409
2022-10-22,NS,Anti-N estimate,0.608387449,0.572925655,NA,NA,0.643781831
2022-10-29,NS,Anti-N estimate,0.618567874,0.583041785,NA,NA,0.653693795
2022-11-05,NS,Anti-N estimate,0.626982961,0.592632637,NA,NA,0.660972563
2022-11-12,NS,Anti-N estimate,0.633936222,0.600929877,NA,NA,0.667538162
2022-11-19,NS,Anti-N estimate,0.639738663,0.607709193,NA,NA,0.671483375
2022-11-26,NS,Anti-N estimate,0.644691933,0.613387166,NA,NA,0.676686889
2022-12-03,NS,Anti-N estimate,0.649091493,0.617453504,NA,NA,0.680515187
2022-12-10,NS,Anti-N estimate,0.65322872,0.62064652,NA,NA,0.685072866
2022-12-17,NS,Anti-N estimate,0.657391582,0.623953404,NA,NA,0.690030748
2022-12-24,NS,Anti-N estimate,0.661863678,0.627967454,NA,NA,0.694726971
2022-12-31,NS,Anti-N estimate,0.666914862,0.633321886,NA,NA,0.69927427
2023-01-07,NS,Anti-N estimate,0.672587458,0.639959315,NA,NA,0.704179891
2023-01-14,NS,Anti-N estimate,0.678658706,0.647425859,NA,NA,0.708758263
2023-01-21,NS,Anti-N estimate,0.684895342,0.655073517,NA,NA,0.714222394
2023-01-28,NS,Anti-N estimate,0.691073176,0.661335886,NA,NA,0.720501536
2023-02-04,NS,Anti-N estimate,0.696979787,0.666533106,NA,NA,0.726800886
2023-02-11,NS,Anti-N estimate,0.702415629,0.671321913,NA,NA,0.733366367
2023-02-18,NS,Anti-N estimate,0.70719318,0.673846738,NA,NA,0.739394555
2023-02-25,NS,Anti-N estimate,0.711133863,0.67661189,NA,NA,0.74466667
2023-03-04,NS,Anti-N estimate,0.714067343,0.679754932,NA,NA,0.747567897
2023-03-11,NS,Anti-N estimate,0.715972891,0.683100673,NA,NA,0.748473216
2023-03-18,NS,Anti-N estimate,0.717004455,0.685248873,NA,NA,0.747866189
2023-03-25,NS,Anti-N estimate,0.717319305,0.687255408,NA,NA,0.746771031
2023-04-01,NS,Anti-N estimate,0.717072398,0.687915627,NA,NA,0.745156212
2023-04-08,NS,Anti-N estimate,0.716420353,0.687203198,NA,NA,0.745284927
2023-04-15,NS,Anti-N estimate,0.715523858,0.685385885,NA,NA,0.744329019
2023-04-22,NS,Anti-N estimate,0.7145485,0.683177011,NA,NA,0.744571769
2023-04-29,NS,Anti-N estimate,0.713664083,0.68124698,NA,NA,0.744458537
2023-05-06,NS,Anti-N estimate,0.713039472,0.681002158,NA,NA,0.74437319
2023-05-13,NS,Anti-N estimate,0.712740943,0.681266573,NA,NA,0.743770533
2023-05-20,NS,Anti-N estimate,0.712708806,0.681783693,NA,NA,0.742640042
2023-05-27,NS,Anti-N estimate,0.712873605,0.683021058,NA,NA,0.741581684
2023-06-03,NS,Anti-N estimate,0.713165597,0.684588523,NA,NA,0.741276454
2023-06-10,NS,Anti-N estimate,0.713516385,0.685562508,NA,NA,0.740589518
2023-06-17,NS,Anti-N estimate,0.713859989,0.686203407,NA,NA,0.74153671
2023-06-24,NS,Anti-N estimate,0.71413332,0.686766634,NA,NA,0.742212909
2023-07-01,NS,Anti-N estimate,0.71427604,0.685864539,NA,NA,0.743491451
2023-07-08,NS,Anti-N estimate,0.714230839,0.685200899,NA,NA,0.74360916
2023-07-15,NS,Anti-N estimate,0.713975088,0.684459505,NA,NA,0.743480128
2023-07-22,NS,Anti-N estimate,0.71352578,0.683758339,NA,NA,0.743358327
2023-07-29,NS,Anti-N estimate,0.712900413,0.683192359,NA,NA,0.742084678
2023-08-05,NS,Anti-N estimate,0.712115053,0.682635323,NA,NA,0.740697958
2023-08-12,NS,Anti-N estimate,0.711184823,0.682784559,NA,NA,0.739273793
2023-08-19,NS,Anti-N estimate,0.710124346,0.682681358,NA,NA,0.737500505
2023-08-26,NS,Anti-N estimate,0.708948131,0.68200151,NA,NA,0.735424698
2023-09-02,NS,Anti-N estimate,0.707670908,0.679861476,NA,NA,0.733767191
2023-09-09,NS,Anti-N estimate,0.706307904,0.677567246,NA,NA,0.733413452
2023-09-16,NS,Anti-N estimate,0.704875061,0.674673596,NA,NA,0.733621027
2023-09-23,NS,Anti-N estimate,0.703389198,0.671399793,NA,NA,0.73446918
2023-09-30,NS,Anti-N estimate,0.701868109,0.666387675,NA,NA,0.73610296
2020-03-07,NS,Anti-S estimate,0.002194032,0.000615947,NA,NA,0.006999709
2020-03-14,NS,Anti-S estimate,0.002520341,0.000695216,NA,NA,0.0080321
2020-03-21,NS,Anti-S estimate,0.002862753,0.00077852,NA,NA,0.009101996
2020-03-28,NS,Anti-S estimate,0.003211134,0.00087182,NA,NA,0.010327537
2020-04-04,NS,Anti-S estimate,0.003552869,0.000977629,NA,NA,0.011439496
2020-04-11,NS,Anti-S estimate,0.003873549,0.001084995,NA,NA,0.012551879
2020-04-18,NS,Anti-S estimate,0.00415822,0.00119194,NA,NA,0.013299969
2020-04-25,NS,Anti-S estimate,0.004397906,0.001313093,NA,NA,0.014142267
2020-05-02,NS,Anti-S estimate,0.004592709,0.001441066,NA,NA,0.014376023
2020-05-09,NS,Anti-S estimate,0.004746194,0.001544783,NA,NA,0.014799027
2020-05-16,NS,Anti-S estimate,0.004864072,0.001652236,NA,NA,0.01495175
2020-05-23,NS,Anti-S estimate,0.004953237,0.00170615,NA,NA,0.015443241
2020-05-30,NS,Anti-S estimate,0.00502095,0.001753498,NA,NA,0.015598573
2020-06-06,NS,Anti-S estimate,0.005074236,0.00177032,NA,NA,0.015796055
2020-06-13,NS,Anti-S estimate,0.005119528,0.001771374,NA,NA,0.016080001
2020-06-20,NS,Anti-S estimate,0.005162538,0.001755912,NA,NA,0.016450921
2020-06-27,NS,Anti-S estimate,0.00520833,0.001761161,NA,NA,0.016435221
2020-07-04,NS,Anti-S estimate,0.005261574,0.001760375,NA,NA,0.01674732
2020-07-11,NS,Anti-S estimate,0.005326971,0.001777389,NA,NA,0.016959538
2020-07-18,NS,Anti-S estimate,0.00540868,0.001812515,NA,NA,0.017083704
2020-07-25,NS,Anti-S estimate,0.005507339,0.001872335,NA,NA,0.01743741
2020-08-01,NS,Anti-S estimate,0.005623484,0.001949926,NA,NA,0.017544135
2020-08-08,NS,Anti-S estimate,0.005758331,0.002036549,NA,NA,0.017869003
2020-08-15,NS,Anti-S estimate,0.005913423,0.0021044,NA,NA,0.017941789
2020-08-22,NS,Anti-S estimate,0.006090315,0.00226569,NA,NA,0.018178493
2020-08-29,NS,Anti-S estimate,0.006290295,0.00239909,NA,NA,0.018502385
2020-09-05,NS,Anti-S estimate,0.006514133,0.002501343,NA,NA,0.018906764
2020-09-12,NS,Anti-S estimate,0.006761856,0.002618297,NA,NA,0.019402477
2020-09-19,NS,Anti-S estimate,0.007032576,0.002731968,NA,NA,0.020445182
2020-09-26,NS,Anti-S estimate,0.007324381,0.002854684,NA,NA,0.021233718
2020-10-03,NS,Anti-S estimate,0.007634341,0.00297626,NA,NA,0.022188267
2020-10-10,NS,Anti-S estimate,0.007958747,0.003156364,NA,NA,0.022842106
2020-10-17,NS,Anti-S estimate,0.008294991,0.003320941,NA,NA,0.024013742
2020-10-24,NS,Anti-S estimate,0.008642102,0.003491312,NA,NA,0.024728882
2020-10-31,NS,Anti-S estimate,0.008999624,0.003701464,NA,NA,0.025365406
2020-11-07,NS,Anti-S estimate,0.009367352,0.003900671,NA,NA,0.026469576
2020-11-14,NS,Anti-S estimate,0.009745096,0.004111815,NA,NA,0.027327391
2020-11-21,NS,Anti-S estimate,0.010132439,0.004315229,NA,NA,0.028402701
2020-11-28,NS,Anti-S estimate,0.010528513,0.004540502,NA,NA,0.02970825
2020-12-05,NS,Anti-S estimate,0.010931803,0.00479243,NA,NA,0.030578446
2020-12-12,NS,Anti-S estimate,0.011339986,0.005017636,NA,NA,0.031310958
2020-12-19,NS,Anti-S estimate,0.011749843,0.00519377,NA,NA,0.031923838
2020-12-26,NS,Anti-S estimate,0.012157246,0.00542321,NA,NA,0.032844924
2021-01-02,NS,Anti-S estimate,0.012557256,0.005603886,NA,NA,0.034111834
2021-01-09,NS,Anti-S estimate,0.014478088,0.006521977,NA,NA,0.038388306
2021-01-16,NS,Anti-S estimate,0.016667454,0.007677694,NA,NA,0.04315216
2021-01-23,NS,Anti-S estimate,0.019179819,0.008965276,NA,NA,0.048271968
2021-01-30,NS,Anti-S estimate,0.022085556,0.010489472,NA,NA,0.053792976
2021-02-06,NS,Anti-S estimate,0.025475381,0.012388059,NA,NA,0.059912097
2021-02-13,NS,Anti-S estimate,0.029466117,0.01469625,NA,NA,0.066671954
2021-02-20,NS,Anti-S estimate,0.034208198,0.017296445,NA,NA,0.073860125
2021-02-27,NS,Anti-S estimate,0.039895423,0.020828957,NA,NA,0.083202976
2021-03-06,NS,Anti-S estimate,0.046777556,0.025028861,NA,NA,0.092331131
2021-03-13,NS,Anti-S estimate,0.055176314,0.030288651,NA,NA,0.104885432
2021-03-20,NS,Anti-S estimate,0.065505142,0.036683207,NA,NA,0.119983175
2021-03-27,NS,Anti-S estimate,0.078292494,0.044863078,NA,NA,0.13744876
2021-04-03,NS,Anti-S estimate,0.094207023,0.055601939,NA,NA,0.157950975
2021-04-10,NS,Anti-S estimate,0.114080281,0.069323684,NA,NA,0.183017957
2021-04-17,NS,Anti-S estimate,0.138917766,0.087529202,NA,NA,0.213673917
2021-04-24,NS,Anti-S estimate,0.169881835,0.111877683,NA,NA,0.249481999
2021-05-01,NS,Anti-S estimate,0.208201045,0.142697605,NA,NA,0.291765524
2021-05-08,NS,Anti-S estimate,0.254636836,0.181365757,NA,NA,0.342787453
2021-05-15,NS,Anti-S estimate,0.309078559,0.228285816,NA,NA,0.401211824
2021-05-22,NS,Anti-S estimate,0.370518648,0.284334139,NA,NA,0.465793031
2021-05-29,NS,Anti-S estimate,0.43703092,0.346437304,NA,NA,0.532848937
2021-06-05,NS,Anti-S estimate,0.505994804,0.411952655,NA,NA,0.59971782
2021-06-12,NS,Anti-S estimate,0.574503703,0.479423472,NA,NA,0.664103605
2021-06-19,NS,Anti-S estimate,0.639803062,0.546179053,NA,NA,0.723409583
2021-06-26,NS,Anti-S estimate,0.699634521,0.606904522,NA,NA,0.778100886
2021-07-03,NS,Anti-S estimate,0.752446102,0.664924204,NA,NA,0.823373646
2021-07-10,NS,Anti-S estimate,0.797468433,0.714081947,NA,NA,0.861745709
2021-07-17,NS,Anti-S estimate,0.834659254,0.757164855,NA,NA,0.892214921
2021-07-24,NS,Anti-S estimate,0.864537158,0.793889105,NA,NA,0.915480554
2021-07-31,NS,Anti-S estimate,0.887958931,0.822418314,NA,NA,0.932509133
2021-08-07,NS,Anti-S estimate,0.90590572,0.846399919,NA,NA,0.945054696
2021-08-14,NS,Anti-S estimate,0.91932153,0.863730524,NA,NA,0.954007646
2021-08-21,NS,Anti-S estimate,0.929014682,0.876687831,NA,NA,0.960418463
2021-08-28,NS,Anti-S estimate,0.935676602,0.885788645,NA,NA,0.964806526
2021-09-04,NS,Anti-S estimate,0.940033281,0.891665827,NA,NA,0.967406981
2021-09-11,NS,Anti-S estimate,0.942631839,0.896451895,NA,NA,0.968899421
2021-09-18,NS,Anti-S estimate,0.943846963,0.898103542,NA,NA,0.96938848
2021-09-25,NS,Anti-S estimate,0.943942219,0.899174963,NA,NA,0.969410951
2021-10-02,NS,Anti-S estimate,0.943113338,0.898589434,NA,NA,0.968762355
2021-10-09,NS,Anti-S estimate,0.941519859,0.896605975,NA,NA,0.967806025
2021-10-16,NS,Anti-S estimate,0.939309273,0.893544584,NA,NA,0.966406774
2021-10-23,NS,Anti-S estimate,0.936635934,0.889675423,NA,NA,0.964659714
2021-10-30,NS,Anti-S estimate,0.933675577,0.885212573,NA,NA,0.962398716
2021-11-06,NS,Anti-S estimate,0.930635191,0.880525893,NA,NA,0.960522158
2021-11-13,NS,Anti-S estimate,0.92775729,0.875459613,NA,NA,0.958475993
2021-11-20,NS,Anti-S estimate,0.925317312,0.872121969,NA,NA,0.957188652
2021-11-27,NS,Anti-S estimate,0.923613005,0.869789691,NA,NA,0.955896634
2021-12-04,NS,Anti-S estimate,0.922945153,0.868865556,NA,NA,0.955674933
2021-12-11,NS,Anti-S estimate,0.923589908,0.870540732,NA,NA,0.9558217
2021-12-18,NS,Anti-S estimate,0.925757741,0.87440766,NA,NA,0.956947299
2021-12-25,NS,Anti-S estimate,0.929359076,0.880244392,NA,NA,0.9591783
2022-01-01,NS,Anti-S estimate,0.933995024,0.886260964,NA,NA,0.962200491
2022-01-08,NS,Anti-S estimate,0.939255438,0.894514829,NA,NA,0.965624705
2022-01-15,NS,Anti-S estimate,0.944771083,0.902003776,NA,NA,0.968919704
2022-01-22,NS,Anti-S estimate,0.950236549,0.910762063,NA,NA,0.97245611
2022-01-29,NS,Anti-S estimate,0.955419907,0.918390589,NA,NA,0.97587341
2022-02-05,NS,Anti-S estimate,0.960161192,0.925552548,NA,NA,0.978912451
2022-02-12,NS,Anti-S estimate,0.964362958,0.932324275,NA,NA,0.981498531
2022-02-19,NS,Anti-S estimate,0.967978219,0.937905394,NA,NA,0.983534133
2022-02-26,NS,Anti-S estimate,0.97104806,0.943313307,NA,NA,0.985246146
2022-03-05,NS,Anti-S estimate,0.973675647,0.9478663,NA,NA,0.98671815
2022-03-12,NS,Anti-S estimate,0.975946679,0.951760966,NA,NA,0.987890996
2022-03-19,NS,Anti-S estimate,0.977930244,0.954531051,NA,NA,0.988961254
2022-03-26,NS,Anti-S estimate,0.979682782,0.957584298,NA,NA,0.989865087
2022-04-02,NS,Anti-S estimate,0.981250822,0.960200261,NA,NA,0.990715587
2022-04-09,NS,Anti-S estimate,0.982672808,0.962653659,NA,NA,0.991513524
2022-04-16,NS,Anti-S estimate,0.983980283,0.965034994,NA,NA,0.992220137
2022-04-23,NS,Anti-S estimate,0.98519826,0.967484041,NA,NA,0.992970346
2022-04-30,NS,Anti-S estimate,0.98633595,0.970096388,NA,NA,0.993598619
2022-05-07,NS,Anti-S estimate,0.987389344,0.97193929,NA,NA,0.994151469
2022-05-14,NS,Anti-S estimate,0.988355995,0.974001422,NA,NA,0.994662763
2022-05-21,NS,Anti-S estimate,0.989235739,0.975861499,NA,NA,0.995144216
2022-05-28,NS,Anti-S estimate,0.990030322,0.977583709,NA,NA,0.995608428
2022-06-04,NS,Anti-S estimate,0.990742921,0.979180851,NA,NA,0.996015085
2022-06-11,NS,Anti-S estimate,0.991377613,0.980400005,NA,NA,0.996411526
2022-06-18,NS,Anti-S estimate,0.99193886,0.981458086,NA,NA,0.996703591
2022-06-25,NS,Anti-S estimate,0.992431211,0.982326161,NA,NA,0.996967705
2022-07-02,NS,Anti-S estimate,0.992864279,0.983135463,NA,NA,0.997194657
2022-07-09,NS,Anti-S estimate,0.993252311,0.983849977,NA,NA,0.997434501
2022-07-16,NS,Anti-S estimate,0.993607423,0.984620144,NA,NA,0.997652678
2022-07-23,NS,Anti-S estimate,0.993939838,0.985283095,NA,NA,0.997848921
2022-07-30,NS,Anti-S estimate,0.994258276,0.985956842,NA,NA,0.998011096
2022-08-06,NS,Anti-S estimate,0.994570142,0.986750244,NA,NA,0.998187407
2022-08-13,NS,Anti-S estimate,0.994881533,0.987304537,NA,NA,0.99833646
2022-08-20,NS,Anti-S estimate,0.99519714,0.987977611,NA,NA,0.998488701
2022-08-27,NS,Anti-S estimate,0.995519888,0.988676701,NA,NA,0.998622979
2022-09-03,NS,Anti-S estimate,0.995845486,0.989273287,NA,NA,0.998762864
2022-09-10,NS,Anti-S estimate,0.996163601,0.990024823,NA,NA,0.998900007
2022-09-17,NS,Anti-S estimate,0.996465913,0.990825894,NA,NA,0.99900403
2022-09-24,NS,Anti-S estimate,0.996746499,0.991448353,NA,NA,0.999105517
2022-10-01,NS,Anti-S estimate,0.997001535,0.991955728,NA,NA,0.999194431
2022-10-08,NS,Anti-S estimate,0.997228882,0.992556327,NA,NA,0.999274128
2022-10-15,NS,Anti-S estimate,0.997427628,0.993046456,NA,NA,0.99934487
2022-10-22,NS,Anti-S estimate,0.997597643,0.993428235,NA,NA,0.999404897
2022-10-29,NS,Anti-S estimate,0.99773925,0.993745143,NA,NA,0.999457115
2022-11-05,NS,Anti-S estimate,0.997855353,0.994010546,NA,NA,0.999495129
2022-11-12,NS,Anti-S estimate,0.997951169,0.994303949,NA,NA,0.99952697
2022-11-19,NS,Anti-S estimate,0.998031235,0.994464841,NA,NA,0.999554686
2022-11-26,NS,Anti-S estimate,0.998099447,0.994629291,NA,NA,0.999578799
2022-12-03,NS,Anti-S estimate,0.998159188,0.994749652,NA,NA,0.999599967
2022-12-10,NS,Anti-S estimate,0.998213477,0.994891754,NA,NA,0.999619849
2022-12-17,NS,Anti-S estimate,0.998265047,0.995056898,NA,NA,0.999630913
2022-12-24,NS,Anti-S estimate,0.99831636,0.995191593,NA,NA,0.999645001
2022-12-31,NS,Anti-S estimate,0.998369528,0.99525096,NA,NA,0.999655212
2023-01-07,NS,Anti-S estimate,0.998424656,0.995369496,NA,NA,0.999671407
2023-01-14,NS,Anti-S estimate,0.998479815,0.995501163,NA,NA,0.999686498
2023-01-21,NS,Anti-S estimate,0.998533199,0.995621356,NA,NA,0.999701623
2023-01-28,NS,Anti-S estimate,0.998583289,0.995830083,NA,NA,0.99972032
2023-02-04,NS,Anti-S estimate,0.998628847,0.995900552,NA,NA,0.999735731
2023-02-11,NS,Anti-S estimate,0.998668872,0.99602996,NA,NA,0.999750015
2023-02-18,NS,Anti-S estimate,0.998702534,0.996142306,NA,NA,0.999760529
2023-02-25,NS,Anti-S estimate,0.998729088,0.996231343,NA,NA,0.999772052
2023-03-04,NS,Anti-S estimate,0.998747808,0.996310771,NA,NA,0.999779672
2023-03-11,NS,Anti-S estimate,0.998758772,0.996252852,NA,NA,0.999789016
2023-03-18,NS,Anti-S estimate,0.99876298,0.996298057,NA,NA,0.999794011
2023-03-25,NS,Anti-S estimate,0.998761349,0.996291526,NA,NA,0.999794233
2023-04-01,NS,Anti-S estimate,0.998754741,0.996261383,NA,NA,0.999793131
2023-04-08,NS,Anti-S estimate,0.998744031,0.996143976,NA,NA,0.999797536
2023-04-15,NS,Anti-S estimate,0.998730152,0.996075457,NA,NA,0.999796646
2023-04-22,NS,Anti-S estimate,0.998714129,0.996035735,NA,NA,0.999797325
2023-04-29,NS,Anti-S estimate,0.998697085,0.99595144,NA,NA,0.999805028
2023-05-06,NS,Anti-S estimate,0.998680203,0.995858181,NA,NA,0.999807114
2023-05-13,NS,Anti-S estimate,0.998663974,0.995788434,NA,NA,0.999809969
2023-05-20,NS,Anti-S estimate,0.998647968,0.995689194,NA,NA,0.999812446
2023-05-27,NS,Anti-S estimate,0.998631648,0.995599423,NA,NA,0.999820009
2023-06-03,NS,Anti-S estimate,0.998614445,0.995510244,NA,NA,0.999827891
2023-06-10,NS,Anti-S estimate,0.998595792,0.995411006,NA,NA,0.999834867
2023-06-17,NS,Anti-S estimate,0.998575134,0.995287608,NA,NA,0.999842778
2023-06-24,NS,Anti-S estimate,0.998551936,0.995123493,NA,NA,0.99984913
2023-07-01,NS,Anti-S estimate,0.998525674,0.995018928,NA,NA,0.999854088
2023-07-08,NS,Anti-S estimate,0.998495827,0.994847219,NA,NA,0.999859122
2023-07-15,NS,Anti-S estimate,0.998462092,0.994661957,NA,NA,0.999863898
2023-07-22,NS,Anti-S estimate,0.998424421,0.994432873,NA,NA,0.999867109
2023-07-29,NS,Anti-S estimate,0.998382738,0.994142681,NA,NA,0.99987186
2023-08-05,NS,Anti-S estimate,0.998336931,0.993771228,NA,NA,0.999872216
2023-08-12,NS,Anti-S estimate,0.99828686,0.993460497,NA,NA,0.99987729
2023-08-19,NS,Anti-S estimate,0.998232361,0.993112428,NA,NA,0.999882041
2023-08-26,NS,Anti-S estimate,0.99817326,0.992825488,NA,NA,0.999886391
2023-09-02,NS,Anti-S estimate,0.998109373,0.992427472,NA,NA,0.999891117
2023-09-09,NS,Anti-S estimate,0.998040521,0.991861223,NA,NA,0.999896131
2023-09-16,NS,Anti-S estimate,0.997966537,0.991404069,NA,NA,0.999899618
2023-09-23,NS,Anti-S estimate,0.997887275,0.990854787,NA,NA,0.999902256
2023-09-30,NS,Anti-S estimate,0.997802622,0.990125297,NA,NA,0.999906217
2020-03-07,ON,Anti-N estimate,0.002839392,0.00123977,NA,NA,0.004956947
2020-03-14,ON,Anti-N estimate,0.003286933,0.001395983,NA,NA,0.005801471
2020-03-21,ON,Anti-N estimate,0.003763056,0.001588683,NA,NA,0.006712369
2020-03-28,ON,Anti-N estimate,0.004254628,0.001788439,NA,NA,0.0076444
2020-04-04,ON,Anti-N estimate,0.004744517,0.00202723,NA,NA,0.008654201
2020-04-11,ON,Anti-N estimate,0.005212397,0.002265424,NA,NA,0.00950779
2020-04-18,ON,Anti-N estimate,0.005636441,0.002514666,NA,NA,0.010154885
2020-04-25,ON,Anti-N estimate,0.006002708,0.002728798,NA,NA,0.010685317
2020-05-02,ON,Anti-N estimate,0.006310065,0.003008392,NA,NA,0.010995795
2020-05-09,ON,Anti-N estimate,0.006562523,0.003312447,NA,NA,0.011163707
2020-05-16,ON,Anti-N estimate,0.006767473,0.003585419,NA,NA,0.011341634
2020-05-23,ON,Anti-N estimate,0.006934339,0.003774334,NA,NA,0.011412498
2020-05-30,ON,Anti-N estimate,0.007073391,0.003987608,NA,NA,0.01148683
2020-06-06,ON,Anti-N estimate,0.007194849,0.004062611,NA,NA,0.011699498
2020-06-13,ON,Anti-N estimate,0.007308324,0.004128055,NA,NA,0.011980822
2020-06-20,ON,Anti-N estimate,0.007422594,0.00411492,NA,NA,0.012191412
2020-06-27,ON,Anti-N estimate,0.007545687,0.004143824,NA,NA,0.01241457
2020-07-04,ON,Anti-N estimate,0.007685263,0.004150861,NA,NA,0.012755651
2020-07-11,ON,Anti-N estimate,0.007849294,0.004217428,NA,NA,0.012946803
2020-07-18,ON,Anti-N estimate,0.008045088,0.004350389,NA,NA,0.013382061
2020-07-25,ON,Anti-N estimate,0.008274178,0.004542788,NA,NA,0.013620653
2020-08-01,ON,Anti-N estimate,0.008537913,0.004770025,NA,NA,0.013900156
2020-08-08,ON,Anti-N estimate,0.008838833,0.005054992,NA,NA,0.014075538
2020-08-15,ON,Anti-N estimate,0.009180136,0.005383073,NA,NA,0.014443334
2020-08-22,ON,Anti-N estimate,0.009565175,0.0058224,NA,NA,0.014722156
2020-08-29,ON,Anti-N estimate,0.009996971,0.006205263,NA,NA,0.015122495
2020-09-05,ON,Anti-N estimate,0.010477751,0.006632516,NA,NA,0.015489388
2020-09-12,ON,Anti-N estimate,0.011008491,0.006988938,NA,NA,0.01616986
2020-09-19,ON,Anti-N estimate,0.011588523,0.00742803,NA,NA,0.017093828
2020-09-26,ON,Anti-N estimate,0.012215228,0.007816481,NA,NA,0.017808164
2020-10-03,ON,Anti-N estimate,0.012883911,0.008274394,NA,NA,0.018573223
2020-10-10,ON,Anti-N estimate,0.013588154,0.008822851,NA,NA,0.019601279
2020-10-17,ON,Anti-N estimate,0.014323797,0.009360193,NA,NA,0.020650915
2020-10-24,ON,Anti-N estimate,0.015090049,0.009992552,NA,NA,0.021541876
2020-10-31,ON,Anti-N estimate,0.015887086,0.010741613,NA,NA,0.022287061
2020-11-07,ON,Anti-N estimate,0.016715603,0.011541899,NA,NA,0.023030883
2020-11-14,ON,Anti-N estimate,0.017576391,0.012414386,NA,NA,0.023886942
2020-11-21,ON,Anti-N estimate,0.018469889,0.013337313,NA,NA,0.024805316
2020-11-28,ON,Anti-N estimate,0.01939574,0.014273163,NA,NA,0.025615504
2020-12-05,ON,Anti-N estimate,0.020352364,0.015078427,NA,NA,0.026611144
2020-12-12,ON,Anti-N estimate,0.021336601,0.015913568,NA,NA,0.0277963
2020-12-19,ON,Anti-N estimate,0.022343443,0.016653377,NA,NA,0.029171692
2020-12-26,ON,Anti-N estimate,0.023365933,0.017361007,NA,NA,0.030496272
2021-01-02,ON,Anti-N estimate,0.024395264,0.018138364,NA,NA,0.031800458
2021-01-09,ON,Anti-N estimate,0.025422972,0.018893278,NA,NA,0.033162465
2021-01-16,ON,Anti-N estimate,0.026445253,0.019786869,NA,NA,0.034464347
2021-01-23,ON,Anti-N estimate,0.027460117,0.020593955,NA,NA,0.035734485
2021-01-30,ON,Anti-N estimate,0.028466592,0.021477009,NA,NA,0.036862561
2021-02-06,ON,Anti-N estimate,0.029464558,0.022343759,NA,NA,0.037966694
2021-02-13,ON,Anti-N estimate,0.030454559,0.023161836,NA,NA,0.038901645
2021-02-20,ON,Anti-N estimate,0.031437614,0.024237428,NA,NA,0.039895542
2021-02-27,ON,Anti-N estimate,0.032415015,0.025202831,NA,NA,0.040930934
2021-03-06,ON,Anti-N estimate,0.033388161,0.026163754,NA,NA,0.042034721
2021-03-13,ON,Anti-N estimate,0.034358396,0.027042871,NA,NA,0.042867172
2021-03-20,ON,Anti-N estimate,0.035326892,0.027948121,NA,NA,0.043939563
2021-03-27,ON,Anti-N estimate,0.036294571,0.028810799,NA,NA,0.045153965
2021-04-03,ON,Anti-N estimate,0.037262077,0.029592778,NA,NA,0.046273987
2021-04-10,ON,Anti-N estimate,0.038229812,0.030320196,NA,NA,0.047492777
2021-04-17,ON,Anti-N estimate,0.039198029,0.030915975,NA,NA,0.048809593
2021-04-24,ON,Anti-N estimate,0.040167007,0.031725047,NA,NA,0.049959689
2021-05-01,ON,Anti-N estimate,0.041137024,0.032383869,NA,NA,0.051197075
2021-05-08,ON,Anti-N estimate,0.042104127,0.033250146,NA,NA,0.052081592
2021-05-15,ON,Anti-N estimate,0.043060607,0.034114092,NA,NA,0.053278715
2021-05-22,ON,Anti-N estimate,0.043998464,0.03487117,NA,NA,0.054280452
2021-05-29,ON,Anti-N estimate,0.044909335,0.03572237,NA,NA,0.055170678
2021-06-05,ON,Anti-N estimate,0.045784341,0.036501769,NA,NA,0.055995544
2021-06-12,ON,Anti-N estimate,0.046613959,0.037247158,NA,NA,0.056823822
2021-06-19,ON,Anti-N estimate,0.047387952,0.037852179,NA,NA,0.057726304
2021-06-26,ON,Anti-N estimate,0.048095337,0.03835303,NA,NA,0.058710342
2021-07-03,ON,Anti-N estimate,0.048724428,0.038861352,NA,NA,0.05980317
2021-07-10,ON,Anti-N estimate,0.049262939,0.039293308,NA,NA,0.060673813
2021-07-17,ON,Anti-N estimate,0.049698166,0.039491976,NA,NA,0.061600938
2021-07-24,ON,Anti-N estimate,0.050017247,0.039398565,NA,NA,0.062412268
2021-07-31,ON,Anti-N estimate,0.050207502,0.039085169,NA,NA,0.063122471
2021-08-07,ON,Anti-N estimate,0.050256839,0.039024877,NA,NA,0.063364764
2021-08-14,ON,Anti-N estimate,0.050154238,0.038804787,NA,NA,0.06360007
2021-08-21,ON,Anti-N estimate,0.049890281,0.038389903,NA,NA,0.063483979
2021-08-28,ON,Anti-N estimate,0.049469075,0.038203811,NA,NA,0.06293621
2021-09-04,ON,Anti-N estimate,0.048941721,0.03786551,NA,NA,0.06218373
2021-09-11,ON,Anti-N estimate,0.048369791,0.03751376,NA,NA,0.061136891
2021-09-18,ON,Anti-N estimate,0.047812626,0.037153666,NA,NA,0.06038674
2021-09-25,ON,Anti-N estimate,0.047326898,0.036809342,NA,NA,0.059578714
2021-10-02,ON,Anti-N estimate,0.046966892,0.036631421,NA,NA,0.059035711
2021-10-09,ON,Anti-N estimate,0.046785447,0.036499677,NA,NA,0.05840935
2021-10-16,ON,Anti-N estimate,0.046835526,0.036584427,NA,NA,0.058492078
2021-10-23,ON,Anti-N estimate,0.047172413,0.036776055,NA,NA,0.059086029
2021-10-30,ON,Anti-N estimate,0.047856578,0.037123042,NA,NA,0.060170741
2021-11-06,ON,Anti-N estimate,0.048957337,0.0379687,NA,NA,0.061539428
2021-11-13,ON,Anti-N estimate,0.050557531,0.039078897,NA,NA,0.06351631
2021-11-20,ON,Anti-N estimate,0.052759547,0.040754611,NA,NA,0.066251804
2021-11-27,ON,Anti-N estimate,0.055693205,0.043117214,NA,NA,0.069738308
2021-12-04,ON,Anti-N estimate,0.059526219,0.046448198,NA,NA,0.074324638
2021-12-11,ON,Anti-N estimate,0.064478204,0.050935202,NA,NA,0.079919946
2021-12-18,ON,Anti-N estimate,0.070835804,0.056847137,NA,NA,0.086842487
2021-12-25,ON,Anti-N estimate,0.078845123,0.064482052,NA,NA,0.095364019
2022-01-01,ON,Anti-N estimate,0.088634063,0.073721361,NA,NA,0.105504904
2022-01-08,ON,Anti-N estimate,0.100298161,0.085000085,NA,NA,0.117482488
2022-01-15,ON,Anti-N estimate,0.113873921,0.09810598,NA,NA,0.131026765
2022-01-22,ON,Anti-N estimate,0.12930053,0.112338795,NA,NA,0.147319325
2022-01-29,ON,Anti-N estimate,0.146382741,0.127826396,NA,NA,0.165466774
2022-02-05,ON,Anti-N estimate,0.164761944,0.144561763,NA,NA,0.185576372
2022-02-12,ON,Anti-N estimate,0.183902873,0.162072931,NA,NA,0.20582702
2022-02-19,ON,Anti-N estimate,0.203110232,0.180302057,NA,NA,0.226219038
2022-02-26,ON,Anti-N estimate,0.221866946,0.198396607,NA,NA,0.245309528
2022-03-05,ON,Anti-N estimate,0.240026741,0.216093463,NA,NA,0.263510308
2022-03-12,ON,Anti-N estimate,0.257529615,0.234205557,NA,NA,0.281294095
2022-03-19,ON,Anti-N estimate,0.274374814,0.250918027,NA,NA,0.298300821
2022-03-26,ON,Anti-N estimate,0.290612969,0.266218793,NA,NA,0.315356528
2022-04-02,ON,Anti-N estimate,0.306338697,0.280740127,NA,NA,0.332197698
2022-04-09,ON,Anti-N estimate,0.32168425,0.295369819,NA,NA,0.34862352
2022-04-16,ON,Anti-N estimate,0.336814393,0.309707588,NA,NA,0.364814642
2022-04-23,ON,Anti-N estimate,0.351917799,0.324348646,NA,NA,0.380011252
2022-04-30,ON,Anti-N estimate,0.367053206,0.340025939,NA,NA,0.395049177
2022-05-07,ON,Anti-N estimate,0.382099762,0.355473809,NA,NA,0.409413185
2022-05-14,ON,Anti-N estimate,0.396920873,0.371829629,NA,NA,0.423870471
2022-05-21,ON,Anti-N estimate,0.411375978,0.386243821,NA,NA,0.43840107
2022-05-28,ON,Anti-N estimate,0.425322591,0.398876218,NA,NA,0.452871912
2022-06-04,ON,Anti-N estimate,0.43861883,0.41174078,NA,NA,0.466087759
2022-06-11,ON,Anti-N estimate,0.451125935,0.422780901,NA,NA,0.478843753
2022-06-18,ON,Anti-N estimate,0.462710284,0.433417431,NA,NA,0.490738595
2022-06-25,ON,Anti-N estimate,0.473248902,0.443857713,NA,NA,0.500899519
2022-07-02,ON,Anti-N estimate,0.482768811,0.453467113,NA,NA,0.510311771
2022-07-09,ON,Anti-N estimate,0.491475742,0.462766026,NA,NA,0.519342614
2022-07-16,ON,Anti-N estimate,0.499589356,0.471414106,NA,NA,0.526385315
2022-07-23,ON,Anti-N estimate,0.507331178,0.478981213,NA,NA,0.534310607
2022-07-30,ON,Anti-N estimate,0.514923611,0.486532873,NA,NA,0.542245395
2022-08-06,ON,Anti-N estimate,0.522589325,0.492921278,NA,NA,0.551212387
2022-08-13,ON,Anti-N estimate,0.530550678,0.499513067,NA,NA,0.560133025
2022-08-20,ON,Anti-N estimate,0.539028874,0.506996417,NA,NA,0.569205197
2022-08-27,ON,Anti-N estimate,0.54823704,0.516241602,NA,NA,0.578818328
2022-09-03,ON,Anti-N estimate,0.558204105,0.527267448,NA,NA,0.588033649
2022-09-10,ON,Anti-N estimate,0.568738913,0.539301191,NA,NA,0.597772843
2022-09-17,ON,Anti-N estimate,0.579636235,0.551075907,NA,NA,0.60707519
2022-09-24,ON,Anti-N estimate,0.590692139,0.562938946,NA,NA,0.61907873
2022-10-01,ON,Anti-N estimate,0.601706949,0.573584545,NA,NA,0.630440614
2022-10-08,ON,Anti-N estimate,0.612488119,0.583551523,NA,NA,0.642028304
2022-10-15,ON,Anti-N estimate,0.622852417,0.593118511,NA,NA,0.652747219
2022-10-22,ON,Anti-N estimate,0.632626846,0.60283538,NA,NA,0.662876987
2022-10-29,ON,Anti-N estimate,0.641651581,0.612003799,NA,NA,0.672460291
2022-11-05,ON,Anti-N estimate,0.649893387,0.620463404,NA,NA,0.679543926
2022-11-12,ON,Anti-N estimate,0.657462087,0.628941029,NA,NA,0.68604182
2022-11-19,ON,Anti-N estimate,0.664471479,0.636771098,NA,NA,0.691689091
2022-11-26,ON,Anti-N estimate,0.671032293,0.643262799,NA,NA,0.698323606
2022-12-03,ON,Anti-N estimate,0.677253557,0.648937742,NA,NA,0.704815854
2022-12-10,ON,Anti-N estimate,0.683243348,0.654129851,NA,NA,0.710969764
2022-12-17,ON,Anti-N estimate,0.689108778,0.660033381,NA,NA,0.717093979
2022-12-24,ON,Anti-N estimate,0.694955081,0.665288223,NA,NA,0.723185134
2022-12-31,ON,Anti-N estimate,0.700881129,0.671320784,NA,NA,0.728541383
2023-01-07,ON,Anti-N estimate,0.7068945,0.678680106,NA,NA,0.734355102
2023-01-14,ON,Anti-N estimate,0.71289793,0.686078819,NA,NA,0.739364911
2023-01-21,ON,Anti-N estimate,0.718791232,0.693485771,NA,NA,0.744459714
2023-01-28,ON,Anti-N estimate,0.724479829,0.699278314,NA,NA,0.749247195
2023-02-04,ON,Anti-N estimate,0.729876266,0.704630081,NA,NA,0.754444888
2023-02-11,ON,Anti-N estimate,0.734900752,0.709718396,NA,NA,0.759742254
2023-02-18,ON,Anti-N estimate,0.73948058,0.713424378,NA,NA,0.765159294
2023-02-25,ON,Anti-N estimate,0.743548375,0.717097816,NA,NA,0.769644599
2023-03-04,ON,Anti-N estimate,0.747040806,0.721049484,NA,NA,0.773587532
2023-03-11,ON,Anti-N estimate,0.749947431,0.724001629,NA,NA,0.77568437
2023-03-18,ON,Anti-N estimate,0.752318215,0.727337432,NA,NA,0.777295405
2023-03-25,ON,Anti-N estimate,0.754202859,0.730182646,NA,NA,0.778289204
2023-04-01,ON,Anti-N estimate,0.755649626,0.731888682,NA,NA,0.778349831
2023-04-08,ON,Anti-N estimate,0.756707347,0.732567682,NA,NA,0.779261851
2023-04-15,ON,Anti-N estimate,0.75742659,0.733103488,NA,NA,0.781727718
2023-04-22,ON,Anti-N estimate,0.757859972,0.732230229,NA,NA,0.783320198
2023-04-29,ON,Anti-N estimate,0.758061628,0.73158823,NA,NA,0.78396881
2023-05-06,ON,Anti-N estimate,0.758085837,0.731063142,NA,NA,0.784067716
2023-05-13,ON,Anti-N estimate,0.757984828,0.730863606,NA,NA,0.783188182
2023-05-20,ON,Anti-N estimate,0.757807662,0.731711982,NA,NA,0.78216611
2023-05-27,ON,Anti-N estimate,0.757601816,0.732308662,NA,NA,0.780775339
2023-06-03,ON,Anti-N estimate,0.757414963,0.733606444,NA,NA,0.780187668
2023-06-10,ON,Anti-N estimate,0.757296217,0.733862339,NA,NA,0.779161009
2023-06-17,ON,Anti-N estimate,0.757296838,0.733853699,NA,NA,0.77902497
2023-06-24,ON,Anti-N estimate,0.757470399,0.733516456,NA,NA,0.779406325
2023-07-01,ON,Anti-N estimate,0.757872428,0.733629273,NA,NA,0.780095808
2023-07-08,ON,Anti-N estimate,0.758558455,0.733813698,NA,NA,0.781537717
2023-07-15,ON,Anti-N estimate,0.75954868,0.734972227,NA,NA,0.783074919
2023-07-22,ON,Anti-N estimate,0.760819309,0.736256347,NA,NA,0.784228928
2023-07-29,ON,Anti-N estimate,0.762342166,0.738405311,NA,NA,0.785558375
2023-08-05,ON,Anti-N estimate,0.764087757,0.740547952,NA,NA,0.786835196
2023-08-12,ON,Anti-N estimate,0.766025792,0.742955474,NA,NA,0.787960952
2023-08-19,ON,Anti-N estimate,0.768125651,0.745984794,NA,NA,0.789796477
2023-08-26,ON,Anti-N estimate,0.770356803,0.748949485,NA,NA,0.791422609
2023-09-02,ON,Anti-N estimate,0.772689181,0.751535932,NA,NA,0.793851027
2023-09-09,ON,Anti-N estimate,0.775093508,0.753249631,NA,NA,0.796442021
2023-09-16,ON,Anti-N estimate,0.77754157,0.754506783,NA,NA,0.799555282
2023-09-23,ON,Anti-N estimate,0.78000644,0.755831067,NA,NA,0.802997708
2023-09-30,ON,Anti-N estimate,0.782462636,0.756188347,NA,NA,0.807653327
2020-03-07,ON,Anti-S estimate,0.003454897,0.001029952,NA,NA,0.010880233
2020-03-14,ON,Anti-S estimate,0.00397116,0.001159622,NA,NA,0.01248798
2020-03-21,ON,Anti-S estimate,0.004515129,0.001310591,NA,NA,0.014393599
2020-03-28,ON,Anti-S estimate,0.00507187,0.001459574,NA,NA,0.016160918
2020-04-04,ON,Anti-S estimate,0.005622575,0.001641477,NA,NA,0.017392948
2020-04-11,ON,Anti-S estimate,0.00614548,0.001836909,NA,NA,0.018838111
2020-04-18,ON,Anti-S estimate,0.006617618,0.002010591,NA,NA,0.020049559
2020-04-25,ON,Anti-S estimate,0.0070248,0.002232847,NA,NA,0.021246487
2020-05-02,ON,Anti-S estimate,0.007366574,0.002434441,NA,NA,0.022054377
2020-05-09,ON,Anti-S estimate,0.007647734,0.002645252,NA,NA,0.022518102
2020-05-16,ON,Anti-S estimate,0.007876465,0.002836492,NA,NA,0.022898132
2020-05-23,ON,Anti-S estimate,0.008062979,0.002984877,NA,NA,0.023396403
2020-05-30,ON,Anti-S estimate,0.008218338,0.003135758,NA,NA,0.0238237
2020-06-06,ON,Anti-S estimate,0.008353566,0.003229101,NA,NA,0.024285413
2020-06-13,ON,Anti-S estimate,0.008479097,0.003288423,NA,NA,0.024824082
2020-06-20,ON,Anti-S estimate,0.008604555,0.003281325,NA,NA,0.025036643
2020-06-27,ON,Anti-S estimate,0.008738852,0.003285907,NA,NA,0.025142011
2020-07-04,ON,Anti-S estimate,0.008890574,0.003259835,NA,NA,0.026193935
2020-07-11,ON,Anti-S estimate,0.009068662,0.003305841,NA,NA,0.02679941
2020-07-18,ON,Anti-S estimate,0.009281234,0.003407204,NA,NA,0.027239478
2020-07-25,ON,Anti-S estimate,0.009529835,0.003523071,NA,NA,0.027285132
2020-08-01,ON,Anti-S estimate,0.00981559,0.003706167,NA,NA,0.028087578
2020-08-08,ON,Anti-S estimate,0.010140765,0.003928999,NA,NA,0.029127685
2020-08-15,ON,Anti-S estimate,0.010508215,0.004160415,NA,NA,0.029893886
2020-08-22,ON,Anti-S estimate,0.010920877,0.004456303,NA,NA,0.030806452
2020-08-29,ON,Anti-S estimate,0.01138128,0.004719224,NA,NA,0.031793419
2020-09-05,ON,Anti-S estimate,0.011891086,0.005015434,NA,NA,0.032890363
2020-09-12,ON,Anti-S estimate,0.012450671,0.005314488,NA,NA,0.033413712
2020-09-19,ON,Anti-S estimate,0.013058755,0.00565167,NA,NA,0.034604263
2020-09-26,ON,Anti-S estimate,0.013712158,0.005924727,NA,NA,0.035797546
2020-10-03,ON,Anti-S estimate,0.014405726,0.006315638,NA,NA,0.037422066
2020-10-10,ON,Anti-S estimate,0.015132726,0.006668849,NA,NA,0.038724271
2020-10-17,ON,Anti-S estimate,0.015888766,0.007106293,NA,NA,0.040015784
2020-10-24,ON,Anti-S estimate,0.01667277,0.007580355,NA,NA,0.041976286
2020-10-31,ON,Anti-S estimate,0.017484548,0.008026249,NA,NA,0.043566006
2020-11-07,ON,Anti-S estimate,0.01832435,0.008540975,NA,NA,0.044536012
2020-11-14,ON,Anti-S estimate,0.019192466,0.00912986,NA,NA,0.046085773
2020-11-21,ON,Anti-S estimate,0.020088821,0.009654062,NA,NA,0.047772689
2020-11-28,ON,Anti-S estimate,0.021012578,0.010269219,NA,NA,0.049486503
2020-12-05,ON,Anti-S estimate,0.021961779,0.010877226,NA,NA,0.050967662
2020-12-12,ON,Anti-S estimate,0.022933055,0.011516311,NA,NA,0.053079897
2020-12-19,ON,Anti-S estimate,0.023921425,0.012091135,NA,NA,0.054940136
2020-12-26,ON,Anti-S estimate,0.024920244,0.012606834,NA,NA,0.056297853
2021-01-02,ON,Anti-S estimate,0.025921323,0.013182293,NA,NA,0.057916539
2021-01-09,ON,Anti-S estimate,0.030080907,0.015562939,NA,NA,0.064554707
2021-01-16,ON,Anti-S estimate,0.03483806,0.018419653,NA,NA,0.071939043
2021-01-23,ON,Anti-S estimate,0.040300115,0.021657281,NA,NA,0.080145965
2021-01-30,ON,Anti-S estimate,0.046601161,0.025491418,NA,NA,0.088935316
2021-02-06,ON,Anti-S estimate,0.053908145,0.030026057,NA,NA,0.098265083
2021-02-13,ON,Anti-S estimate,0.062428012,0.035621675,NA,NA,0.110192905
2021-02-20,ON,Anti-S estimate,0.07241585,0.042398246,NA,NA,0.124066074
2021-02-27,ON,Anti-S estimate,0.084183815,0.050925234,NA,NA,0.137997738
2021-03-06,ON,Anti-S estimate,0.09811016,0.060717445,NA,NA,0.155445079
2021-03-13,ON,Anti-S estimate,0.114647018,0.072870021,NA,NA,0.175622519
2021-03-20,ON,Anti-S estimate,0.134324501,0.088072053,NA,NA,0.199608623
2021-03-27,ON,Anti-S estimate,0.157747215,0.106042572,NA,NA,0.227425085
2021-04-03,ON,Anti-S estimate,0.18557746,0.128105355,NA,NA,0.258428619
2021-04-10,ON,Anti-S estimate,0.218497892,0.155507325,NA,NA,0.294967468
2021-04-17,ON,Anti-S estimate,0.257146165,0.18820709,NA,NA,0.337501401
2021-04-24,ON,Anti-S estimate,0.302017094,0.228025624,NA,NA,0.385772655
2021-05-01,ON,Anti-S estimate,0.353311914,0.27541225,NA,NA,0.438505862
2021-05-08,ON,Anti-S estimate,0.410394936,0.328304797,NA,NA,0.495458015
2021-05-15,ON,Anti-S estimate,0.471701559,0.387066485,NA,NA,0.557934365
2021-05-22,ON,Anti-S estimate,0.535152987,0.448594104,NA,NA,0.618708897
2021-05-29,ON,Anti-S estimate,0.59842005,0.511914447,NA,NA,0.680140183
2021-06-05,ON,Anti-S estimate,0.659213019,0.571725441,NA,NA,0.737006054
2021-06-12,ON,Anti-S estimate,0.71554269,0.630314379,NA,NA,0.78858481
2021-06-19,ON,Anti-S estimate,0.765921116,0.684357355,NA,NA,0.832813864
2021-06-26,ON,Anti-S estimate,0.809480665,0.731642261,NA,NA,0.869266042
2021-07-03,ON,Anti-S estimate,0.845988396,0.773757894,NA,NA,0.898699245
2021-07-10,ON,Anti-S estimate,0.875752308,0.809746461,NA,NA,0.92167025
2021-07-17,ON,Anti-S estimate,0.899453191,0.8385729,NA,NA,0.938777843
2021-07-24,ON,Anti-S estimate,0.917958221,0.862117003,NA,NA,0.951473394
2021-07-31,ON,Anti-S estimate,0.93216437,0.880840483,NA,NA,0.961141722
2021-08-07,ON,Anti-S estimate,0.94289373,0.896081414,NA,NA,0.968246911
2021-08-14,ON,Anti-S estimate,0.950838978,0.908611662,NA,NA,0.973249126
2021-08-21,ON,Anti-S estimate,0.956544825,0.917887767,NA,NA,0.976920156
2021-08-28,ON,Anti-S estimate,0.960447937,0.924012171,NA,NA,0.979201426
2021-09-04,ON,Anti-S estimate,0.962983356,0.927772486,NA,NA,0.980605283
2021-09-11,ON,Anti-S estimate,0.964472698,0.930329657,NA,NA,0.981383939
2021-09-18,ON,Anti-S estimate,0.965133468,0.931045374,NA,NA,0.981845041
2021-09-25,ON,Anti-S estimate,0.965116689,0.930964483,NA,NA,0.981832278
2021-10-02,ON,Anti-S estimate,0.964532716,0.930303045,NA,NA,0.981494862
2021-10-09,ON,Anti-S estimate,0.963469862,0.928710175,NA,NA,0.980878415
2021-10-16,ON,Anti-S estimate,0.962008645,0.926957418,NA,NA,0.979986783
2021-10-23,ON,Anti-S estimate,0.960233203,0.924228207,NA,NA,0.978954212
2021-10-30,ON,Anti-S estimate,0.95824051,0.921397333,NA,NA,0.977601801
2021-11-06,ON,Anti-S estimate,0.9561473,0.91837453,NA,NA,0.976292686
2021-11-13,ON,Anti-S estimate,0.954094109,0.915210146,NA,NA,0.974888385
2021-11-20,ON,Anti-S estimate,0.95224549,0.912159946,NA,NA,0.973998109
2021-11-27,ON,Anti-S estimate,0.950785428,0.91069735,NA,NA,0.973131629
2021-12-04,ON,Anti-S estimate,0.949907179,0.909139601,NA,NA,0.972585169
2021-12-11,ON,Anti-S estimate,0.949797368,0.908949632,NA,NA,0.972528389
2021-12-18,ON,Anti-S estimate,0.950611026,0.909729943,NA,NA,0.97280086
2021-12-25,ON,Anti-S estimate,0.952325045,0.91250568,NA,NA,0.973753495
2022-01-01,ON,Anti-S estimate,0.954723395,0.916494825,NA,NA,0.975201775
2022-01-08,ON,Anti-S estimate,0.95757533,0.920516385,NA,NA,0.97690933
2022-01-15,ON,Anti-S estimate,0.960666334,0.924822104,NA,NA,0.978893995
2022-01-22,ON,Anti-S estimate,0.963812073,0.929791473,NA,NA,0.980602329
2022-01-29,ON,Anti-S estimate,0.966865127,0.934559328,NA,NA,0.982526645
2022-02-05,ON,Anti-S estimate,0.96971565,0.939224952,NA,NA,0.98422509
2022-02-12,ON,Anti-S estimate,0.972287581,0.944165066,NA,NA,0.985561193
2022-02-19,ON,Anti-S estimate,0.974533465,0.948270828,NA,NA,0.986922179
2022-02-26,ON,Anti-S estimate,0.976465979,0.951861232,NA,NA,0.988050348
2022-03-05,ON,Anti-S estimate,0.9781451,0.954805096,NA,NA,0.989033914
2022-03-12,ON,Anti-S estimate,0.979621819,0.957195343,NA,NA,0.989855551
2022-03-19,ON,Anti-S estimate,0.980937868,0.959611597,NA,NA,0.990548395
2022-03-26,ON,Anti-S estimate,0.982127903,0.961658297,NA,NA,0.991299706
2022-04-02,ON,Anti-S estimate,0.98322097,0.963537071,NA,NA,0.991917275
2022-04-09,ON,Anti-S estimate,0.984241446,0.965685531,NA,NA,0.992449467
2022-04-16,ON,Anti-S estimate,0.98520957,0.967578531,NA,NA,0.992962858
2022-04-23,ON,Anti-S estimate,0.986141392,0.96930188,NA,NA,0.993502834
2022-04-30,ON,Anti-S estimate,0.98704007,0.970957102,NA,NA,0.994049776
2022-05-07,ON,Anti-S estimate,0.987897363,0.972524514,NA,NA,0.99455033
2022-05-14,ON,Anti-S estimate,0.988706489,0.974008288,NA,NA,0.994993245
2022-05-21,ON,Anti-S estimate,0.989462841,0.9755517,NA,NA,0.995373346
2022-05-28,ON,Anti-S estimate,0.990163774,0.976913028,NA,NA,0.995754114
2022-06-04,ON,Anti-S estimate,0.990808276,0.978429573,NA,NA,0.996121655
2022-06-11,ON,Anti-S estimate,0.991396576,0.979339293,NA,NA,0.996426991
2022-06-18,ON,Anti-S estimate,0.991929745,0.980397016,NA,NA,0.996762517
2022-06-25,ON,Anti-S estimate,0.992409431,0.981411572,NA,NA,0.997055836
2022-07-02,ON,Anti-S estimate,0.992841441,0.982433584,NA,NA,0.997283352
2022-07-09,ON,Anti-S estimate,0.993235352,0.983348951,NA,NA,0.997494384
2022-07-16,ON,Anti-S estimate,0.99359944,0.983979833,NA,NA,0.99769192
2022-07-23,ON,Anti-S estimate,0.993940752,0.984769871,NA,NA,0.997863815
2022-07-30,ON,Anti-S estimate,0.994265349,0.985406854,NA,NA,0.998047221
2022-08-06,ON,Anti-S estimate,0.994578424,0.986023736,NA,NA,0.998186521
2022-08-13,ON,Anti-S estimate,0.994884334,0.986447465,NA,NA,0.998335269
2022-08-20,ON,Anti-S estimate,0.995186559,0.987231445,NA,NA,0.998477233
2022-08-27,ON,Anti-S estimate,0.995487522,0.98787723,NA,NA,0.998607861
2022-09-03,ON,Anti-S estimate,0.995785359,0.988531926,NA,NA,0.998732884
2022-09-10,ON,Anti-S estimate,0.996074498,0.98915325,NA,NA,0.998851833
2022-09-17,ON,Anti-S estimate,0.996350369,0.990063156,NA,NA,0.998957148
2022-09-24,ON,Anti-S estimate,0.996609645,0.990772598,NA,NA,0.999064114
2022-10-01,ON,Anti-S estimate,0.996850124,0.991365333,NA,NA,0.999156333
2022-10-08,ON,Anti-S estimate,0.997070534,0.991928362,NA,NA,0.999235447
2022-10-15,ON,Anti-S estimate,0.997270325,0.992329151,NA,NA,0.999304928
2022-10-22,ON,Anti-S estimate,0.997449448,0.992775969,NA,NA,0.999372584
2022-10-29,ON,Anti-S estimate,0.997608188,0.993213809,NA,NA,0.99942058
2022-11-05,ON,Anti-S estimate,0.997748114,0.993679271,NA,NA,0.999464663
2022-11-12,ON,Anti-S estimate,0.997871921,0.993996281,NA,NA,0.999495477
2022-11-19,ON,Anti-S estimate,0.997982137,0.994232975,NA,NA,0.99952656
2022-11-26,ON,Anti-S estimate,0.99808103,0.994461366,NA,NA,0.999558636
2022-12-03,ON,Anti-S estimate,0.99817058,0.994786909,NA,NA,0.999583622
2022-12-10,ON,Anti-S estimate,0.998252537,0.994926374,NA,NA,0.999607112
2022-12-17,ON,Anti-S estimate,0.998328452,0.99507275,NA,NA,0.999632274
2022-12-24,ON,Anti-S estimate,0.998399685,0.995212636,NA,NA,0.999651901
2022-12-31,ON,Anti-S estimate,0.998467373,0.99545488,NA,NA,0.999667113
2023-01-07,ON,Anti-S estimate,0.998531786,0.995554852,NA,NA,0.999692298
2023-01-14,ON,Anti-S estimate,0.998592364,0.995731723,NA,NA,0.999711415
2023-01-21,ON,Anti-S estimate,0.998648605,0.995967143,NA,NA,0.999727529
2023-01-28,ON,Anti-S estimate,0.998700136,0.996131925,NA,NA,0.999741068
2023-02-04,ON,Anti-S estimate,0.998746699,0.996226161,NA,NA,0.999754136
2023-02-11,ON,Anti-S estimate,0.99878814,0.996297624,NA,NA,0.99976744
2023-02-18,ON,Anti-S estimate,0.998824369,0.996418785,NA,NA,0.999780568
2023-02-25,ON,Anti-S estimate,0.998855325,0.996514183,NA,NA,0.999791862
2023-03-04,ON,Anti-S estimate,0.998880944,0.99656039,NA,NA,0.99980225
2023-03-11,ON,Anti-S estimate,0.998901398,0.996652717,NA,NA,0.999811612
2023-03-18,ON,Anti-S estimate,0.998917128,0.996669511,NA,NA,0.999817978
2023-03-25,ON,Anti-S estimate,0.99892851,0.996730163,NA,NA,0.999825412
2023-04-01,ON,Anti-S estimate,0.998935879,0.996743943,NA,NA,0.999831857
2023-04-08,ON,Anti-S estimate,0.998939552,0.996707296,NA,NA,0.999838287
2023-04-15,ON,Anti-S estimate,0.998939849,0.996708988,NA,NA,0.999844412
2023-04-22,ON,Anti-S estimate,0.998937096,0.996710687,NA,NA,0.999847887
2023-04-29,ON,Anti-S estimate,0.998931629,0.996664455,NA,NA,0.999851346
2023-05-06,ON,Anti-S estimate,0.998923778,0.996614544,NA,NA,0.999853685
2023-05-13,ON,Anti-S estimate,0.998913834,0.996574592,NA,NA,0.999858412
2023-05-20,ON,Anti-S estimate,0.998902029,0.996474129,NA,NA,0.99986224
2023-05-27,ON,Anti-S estimate,0.998888578,0.996392273,NA,NA,0.999864051
2023-06-03,ON,Anti-S estimate,0.998873698,0.996180732,NA,NA,0.99986749
2023-06-10,ON,Anti-S estimate,0.998857637,0.996108623,NA,NA,0.999873869
2023-06-17,ON,Anti-S estimate,0.998840681,0.996038745,NA,NA,0.999878961
2023-06-24,ON,Anti-S estimate,0.99882317,0.995870839,NA,NA,0.999880031
2023-07-01,ON,Anti-S estimate,0.998805495,0.995763897,NA,NA,0.999885455
2023-07-08,ON,Anti-S estimate,0.99878809,0.995681977,NA,NA,0.999892055
2023-07-15,ON,Anti-S estimate,0.998771168,0.995567106,NA,NA,0.999896683
2023-07-22,ON,Anti-S estimate,0.998754631,0.995476279,NA,NA,0.999901604
2023-07-29,ON,Anti-S estimate,0.998738335,0.995335262,NA,NA,0.999905077
2023-08-05,ON,Anti-S estimate,0.998722115,0.995235447,NA,NA,0.999911362
2023-08-12,ON,Anti-S estimate,0.998705787,0.995159975,NA,NA,0.999914974
2023-08-19,ON,Anti-S estimate,0.998689156,0.995035007,NA,NA,0.999919408
2023-08-26,ON,Anti-S estimate,0.998672017,0.99478492,NA,NA,0.999923366
2023-09-02,ON,Anti-S estimate,0.998654162,0.994588935,NA,NA,0.999925201
2023-09-09,ON,Anti-S estimate,0.998635378,0.99443932,NA,NA,0.999928552
2023-09-16,ON,Anti-S estimate,0.998615456,0.994171664,NA,NA,0.99993292
2023-09-23,ON,Anti-S estimate,0.998594186,0.993942693,NA,NA,0.999937832
2023-09-30,ON,Anti-S estimate,0.998571362,0.993779055,NA,NA,0.999940769
2020-03-07,PE,Anti-N estimate,0.001815156,0.000779496,NA,NA,0.003311245
2020-03-14,PE,Anti-N estimate,0.002087033,0.000876951,NA,NA,0.003878723
2020-03-21,PE,Anti-N estimate,0.002371957,0.000988666,NA,NA,0.00444001
2020-03-28,PE,Anti-N estimate,0.00266079,0.001101538,NA,NA,0.005039199
2020-04-04,PE,Anti-N estimate,0.002942104,0.001218963,NA,NA,0.005606416
2020-04-11,PE,Anti-N estimate,0.003202865,0.001333251,NA,NA,0.006068098
2020-04-18,PE,Anti-N estimate,0.003429645,0.00144549,NA,NA,0.006421378
2020-04-25,PE,Anti-N estimate,0.003614622,0.001567783,NA,NA,0.006678601
2020-05-02,PE,Anti-N estimate,0.003758383,0.001712313,NA,NA,0.006764868
2020-05-09,PE,Anti-N estimate,0.003864755,0.001839416,NA,NA,0.006807683
2020-05-16,PE,Anti-N estimate,0.003939509,0.001943564,NA,NA,0.006792772
2020-05-23,PE,Anti-N estimate,0.003989392,0.002079218,NA,NA,0.006812039
2020-05-30,PE,Anti-N estimate,0.004021332,0.002127533,NA,NA,0.006799495
2020-06-06,PE,Anti-N estimate,0.004041874,0.00218295,NA,NA,0.006827576
2020-06-13,PE,Anti-N estimate,0.004056864,0.002142651,NA,NA,0.006757275
2020-06-20,PE,Anti-N estimate,0.004071355,0.002108996,NA,NA,0.006886221
2020-06-27,PE,Anti-N estimate,0.004089704,0.002079114,NA,NA,0.006988749
2020-07-04,PE,Anti-N estimate,0.004115827,0.00203655,NA,NA,0.007182714
2020-07-11,PE,Anti-N estimate,0.004153605,0.002045622,NA,NA,0.007367135
2020-07-18,PE,Anti-N estimate,0.004206445,0.002086951,NA,NA,0.00751895
2020-07-25,PE,Anti-N estimate,0.004274817,0.002142842,NA,NA,0.007637638
2020-08-01,PE,Anti-N estimate,0.004359192,0.002231263,NA,NA,0.007708971
2020-08-08,PE,Anti-N estimate,0.004460694,0.002311076,NA,NA,0.007774255
2020-08-15,PE,Anti-N estimate,0.004580789,0.002425062,NA,NA,0.00783373
2020-08-22,PE,Anti-N estimate,0.00472102,0.002550359,NA,NA,0.008011307
2020-08-29,PE,Anti-N estimate,0.004882759,0.002688616,NA,NA,0.008211149
2020-09-05,PE,Anti-N estimate,0.005066999,0.002854228,NA,NA,0.008409862
2020-09-12,PE,Anti-N estimate,0.005274151,0.002999497,NA,NA,0.008631166
2020-09-19,PE,Anti-N estimate,0.00550389,0.003152279,NA,NA,0.008916241
2020-09-26,PE,Anti-N estimate,0.005755043,0.003300681,NA,NA,0.009301744
2020-10-03,PE,Anti-N estimate,0.006025573,0.003460789,NA,NA,0.009646981
2020-10-10,PE,Anti-N estimate,0.00631277,0.003639358,NA,NA,0.010069559
2020-10-17,PE,Anti-N estimate,0.006614687,0.00382761,NA,NA,0.010494247
2020-10-24,PE,Anti-N estimate,0.006930613,0.004077514,NA,NA,0.010848668
2020-10-31,PE,Anti-N estimate,0.007260224,0.004330103,NA,NA,0.011191606
2020-11-07,PE,Anti-N estimate,0.007603332,0.004617913,NA,NA,0.011538765
2020-11-14,PE,Anti-N estimate,0.007959636,0.004954821,NA,NA,0.012046681
2020-11-21,PE,Anti-N estimate,0.008328471,0.005242659,NA,NA,0.012528271
2020-11-28,PE,Anti-N estimate,0.008708558,0.005548203,NA,NA,0.012979661
2020-12-05,PE,Anti-N estimate,0.009097783,0.005838433,NA,NA,0.01358159
2020-12-12,PE,Anti-N estimate,0.009493013,0.006090925,NA,NA,0.0141379
2020-12-19,PE,Anti-N estimate,0.009889978,0.006338493,NA,NA,0.014788268
2020-12-26,PE,Anti-N estimate,0.010283252,0.006533095,NA,NA,0.015399959
2021-01-02,PE,Anti-N estimate,0.010666365,0.0067979,NA,NA,0.016053861
2021-01-09,PE,Anti-N estimate,0.011033705,0.007000245,NA,NA,0.016603888
2021-01-16,PE,Anti-N estimate,0.011384042,0.007237997,NA,NA,0.017133085
2021-01-23,PE,Anti-N estimate,0.011717676,0.007488129,NA,NA,0.017648287
2021-01-30,PE,Anti-N estimate,0.01203569,0.007726636,NA,NA,0.017954724
2021-02-06,PE,Anti-N estimate,0.012339812,0.007946788,NA,NA,0.018334875
2021-02-13,PE,Anti-N estimate,0.012632257,0.008156313,NA,NA,0.018677216
2021-02-20,PE,Anti-N estimate,0.012915588,0.008493599,NA,NA,0.018847967
2021-02-27,PE,Anti-N estimate,0.013192581,0.00874198,NA,NA,0.019105753
2021-03-06,PE,Anti-N estimate,0.01346611,0.008946574,NA,NA,0.01950334
2021-03-13,PE,Anti-N estimate,0.013739061,0.009193302,NA,NA,0.01980148
2021-03-20,PE,Anti-N estimate,0.014014266,0.009425595,NA,NA,0.020044137
2021-03-27,PE,Anti-N estimate,0.014294477,0.009578223,NA,NA,0.020436824
2021-04-03,PE,Anti-N estimate,0.014582366,0.009814931,NA,NA,0.02093435
2021-04-10,PE,Anti-N estimate,0.014880565,0.009967952,NA,NA,0.021281701
2021-04-17,PE,Anti-N estimate,0.015191739,0.010171056,NA,NA,0.021775184
2021-04-24,PE,Anti-N estimate,0.015518707,0.01040417,NA,NA,0.022093783
2021-05-01,PE,Anti-N estimate,0.015864383,0.010732244,NA,NA,0.02239132
2021-05-08,PE,Anti-N estimate,0.016228257,0.010947666,NA,NA,0.022807667
2021-05-15,PE,Anti-N estimate,0.016606762,0.011308643,NA,NA,0.02316846
2021-05-22,PE,Anti-N estimate,0.016996102,0.01172582,NA,NA,0.023493785
2021-05-29,PE,Anti-N estimate,0.017392191,0.012036393,NA,NA,0.023886237
2021-06-05,PE,Anti-N estimate,0.01779052,0.012352704,NA,NA,0.024408418
2021-06-12,PE,Anti-N estimate,0.018186036,0.012706004,NA,NA,0.024928955
2021-06-19,PE,Anti-N estimate,0.018573048,0.013032432,NA,NA,0.025476466
2021-06-26,PE,Anti-N estimate,0.01894517,0.013336751,NA,NA,0.025979639
2021-07-03,PE,Anti-N estimate,0.019295298,0.013554017,NA,NA,0.026429247
2021-07-10,PE,Anti-N estimate,0.019615643,0.013785046,NA,NA,0.026824924
2021-07-17,PE,Anti-N estimate,0.019897812,0.013856664,NA,NA,0.027256543
2021-07-24,PE,Anti-N estimate,0.020132967,0.013970651,NA,NA,0.02759709
2021-07-31,PE,Anti-N estimate,0.020312042,0.013966564,NA,NA,0.028036609
2021-08-07,PE,Anti-N estimate,0.020426038,0.013964464,NA,NA,0.028373962
2021-08-14,PE,Anti-N estimate,0.020466382,0.013908364,NA,NA,0.028459223
2021-08-21,PE,Anti-N estimate,0.020425346,0.013878916,NA,NA,0.028537772
2021-08-28,PE,Anti-N estimate,0.020301547,0.013819364,NA,NA,0.028380057
2021-09-04,PE,Anti-N estimate,0.020115047,0.013769868,NA,NA,0.027959263
2021-09-11,PE,Anti-N estimate,0.019891095,0.013628249,NA,NA,0.027601341
2021-09-18,PE,Anti-N estimate,0.01965424,0.013491197,NA,NA,0.027262109
2021-09-25,PE,Anti-N estimate,0.019427875,0.01335212,NA,NA,0.026933212
2021-10-02,PE,Anti-N estimate,0.019234111,0.01313714,NA,NA,0.02671587
2021-10-09,PE,Anti-N estimate,0.019093944,0.013095266,NA,NA,0.026330303
2021-10-16,PE,Anti-N estimate,0.019027695,0.013076118,NA,NA,0.026251809
2021-10-23,PE,Anti-N estimate,0.019055692,0.013070441,NA,NA,0.026337916
2021-10-30,PE,Anti-N estimate,0.019199198,0.013203464,NA,NA,0.026682855
2021-11-06,PE,Anti-N estimate,0.019481607,0.013419096,NA,NA,0.027196629
2021-11-13,PE,Anti-N estimate,0.01992997,0.013706945,NA,NA,0.027844006
2021-11-20,PE,Anti-N estimate,0.020576951,0.014214462,NA,NA,0.028795396
2021-11-27,PE,Anti-N estimate,0.021463405,0.014837667,NA,NA,0.029994777
2021-12-04,PE,Anti-N estimate,0.022641827,0.015822707,NA,NA,0.03158067
2021-12-11,PE,Anti-N estimate,0.024181106,0.0171274,NA,NA,0.033478189
2021-12-18,PE,Anti-N estimate,0.026172525,0.018878245,NA,NA,0.035960228
2021-12-25,PE,Anti-N estimate,0.028716066,0.021007989,NA,NA,0.038924187
2022-01-01,PE,Anti-N estimate,0.031913545,0.023639927,NA,NA,0.04264679
2022-01-08,PE,Anti-N estimate,0.03589122,0.026845227,NA,NA,0.04754258
2022-01-15,PE,Anti-N estimate,0.040803868,0.030587139,NA,NA,0.053720241
2022-01-22,PE,Anti-N estimate,0.046837203,0.035082171,NA,NA,0.061207332
2022-01-29,PE,Anti-N estimate,0.054209556,0.040644312,NA,NA,0.070688892
2022-02-05,PE,Anti-N estimate,0.063172307,0.047380501,NA,NA,0.08206904
2022-02-12,PE,Anti-N estimate,0.074008685,0.055933873,NA,NA,0.095927504
2022-02-19,PE,Anti-N estimate,0.087029028,0.066408082,NA,NA,0.111590392
2022-02-26,PE,Anti-N estimate,0.102501453,0.079969168,NA,NA,0.129316894
2022-03-05,PE,Anti-N estimate,0.120572638,0.095754651,NA,NA,0.149729473
2022-03-12,PE,Anti-N estimate,0.141261388,0.114770192,NA,NA,0.172435658
2022-03-19,PE,Anti-N estimate,0.16440989,0.135387169,NA,NA,0.197425763
2022-03-26,PE,Anti-N estimate,0.189642349,0.158258164,NA,NA,0.225159195
2022-04-02,PE,Anti-N estimate,0.216347347,0.182908731,NA,NA,0.252403006
2022-04-09,PE,Anti-N estimate,0.243693121,0.207903402,NA,NA,0.281703836
2022-04-16,PE,Anti-N estimate,0.270676148,0.232653853,NA,NA,0.309665421
2022-04-23,PE,Anti-N estimate,0.296204784,0.257276986,NA,NA,0.335883776
2022-04-30,PE,Anti-N estimate,0.319575444,0.281068299,NA,NA,0.358185502
2022-05-07,PE,Anti-N estimate,0.340679751,0.303370234,NA,NA,0.377776879
2022-05-14,PE,Anti-N estimate,0.359577872,0.324327191,NA,NA,0.395804
2022-05-21,PE,Anti-N estimate,0.376436616,0.340434462,NA,NA,0.413054856
2022-05-28,PE,Anti-N estimate,0.391500955,0.354797131,NA,NA,0.428986043
2022-06-04,PE,Anti-N estimate,0.405072413,0.36714006,NA,NA,0.444488848
2022-06-11,PE,Anti-N estimate,0.417493426,0.378748626,NA,NA,0.457951292
2022-06-18,PE,Anti-N estimate,0.429136429,0.388663342,NA,NA,0.470361157
2022-06-25,PE,Anti-N estimate,0.440391404,0.399521207,NA,NA,0.481425238
2022-07-02,PE,Anti-N estimate,0.45149881,0.411894414,NA,NA,0.492281342
2022-07-09,PE,Anti-N estimate,0.462504859,0.423951388,NA,NA,0.501528039
2022-07-16,PE,Anti-N estimate,0.473442995,0.435261889,NA,NA,0.51199252
2022-07-23,PE,Anti-N estimate,0.484344731,0.444941636,NA,NA,0.522859464
2022-07-30,PE,Anti-N estimate,0.495240156,0.454315023,NA,NA,0.53560593
2022-08-06,PE,Anti-N estimate,0.506159271,0.462616301,NA,NA,0.54936397
2022-08-13,PE,Anti-N estimate,0.517133499,0.470856711,NA,NA,0.563399909
2022-08-20,PE,Anti-N estimate,0.528196701,0.480744015,NA,NA,0.576577923
2022-08-27,PE,Anti-N estimate,0.539383261,0.49106422,NA,NA,0.588112878
2022-09-03,PE,Anti-N estimate,0.550667895,0.501884561,NA,NA,0.598314233
2022-09-10,PE,Anti-N estimate,0.561950797,0.515686543,NA,NA,0.607993399
2022-09-17,PE,Anti-N estimate,0.573126125,0.528754222,NA,NA,0.617264477
2022-09-24,PE,Anti-N estimate,0.584088678,0.540923508,NA,NA,0.625710074
2022-10-01,PE,Anti-N estimate,0.594736853,0.552295081,NA,NA,0.635448338
2022-10-08,PE,Anti-N estimate,0.604975357,0.562173861,NA,NA,0.645718272
2022-10-15,PE,Anti-N estimate,0.614716899,0.571207283,NA,NA,0.656505752
2022-10-22,PE,Anti-N estimate,0.623882204,0.579510318,NA,NA,0.66552435
2022-10-29,PE,Anti-N estimate,0.632400665,0.587618223,NA,NA,0.673034774
2022-11-05,PE,Anti-N estimate,0.640292282,0.596372687,NA,NA,0.679316662
2022-11-12,PE,Anti-N estimate,0.647679351,0.605347364,NA,NA,0.685250795
2022-11-19,PE,Anti-N estimate,0.654685112,0.613164858,NA,NA,0.692071053
2022-11-26,PE,Anti-N estimate,0.661430405,0.620803484,NA,NA,0.700031083
2022-12-03,PE,Anti-N estimate,0.668035984,0.62635818,NA,NA,0.707955436
2022-12-10,PE,Anti-N estimate,0.674623578,0.63313876,NA,NA,0.715348192
2022-12-17,PE,Anti-N estimate,0.681315413,0.638872285,NA,NA,0.723010927
2022-12-24,PE,Anti-N estimate,0.68823195,0.644320995,NA,NA,0.732006027
2022-12-31,PE,Anti-N estimate,0.69548337,0.651766726,NA,NA,0.73934497
2023-01-07,PE,Anti-N estimate,0.703029657,0.658992742,NA,NA,0.74568444
2023-01-14,PE,Anti-N estimate,0.710660242,0.666197056,NA,NA,0.752698563
2023-01-21,PE,Anti-N estimate,0.718163383,0.675266426,NA,NA,0.758743497
2023-01-28,PE,Anti-N estimate,0.725342007,0.680950541,NA,NA,0.765345846
2023-02-04,PE,Anti-N estimate,0.732017287,0.685771212,NA,NA,0.773824362
2023-02-11,PE,Anti-N estimate,0.738029505,0.690062174,NA,NA,0.782164373
2023-02-18,PE,Anti-N estimate,0.743235764,0.69325642,NA,NA,0.788767173
2023-02-25,PE,Anti-N estimate,0.747504431,0.695845168,NA,NA,0.793961467
2023-03-04,PE,Anti-N estimate,0.750710523,0.699491762,NA,NA,0.797763412
2023-03-11,PE,Anti-N estimate,0.752856657,0.70210206,NA,NA,0.799824671
2023-03-18,PE,Anti-N estimate,0.754093366,0.704895725,NA,NA,0.800151242
2023-03-25,PE,Anti-N estimate,0.754570308,0.706364928,NA,NA,0.799559075
2023-04-01,PE,Anti-N estimate,0.754435304,0.705970338,NA,NA,0.799246642
2023-04-08,PE,Anti-N estimate,0.753840707,0.704451075,NA,NA,0.798385984
2023-04-15,PE,Anti-N estimate,0.752947092,0.701732419,NA,NA,0.798852173
2023-04-22,PE,Anti-N estimate,0.751924262,0.699271797,NA,NA,0.798622395
2023-04-29,PE,Anti-N estimate,0.750949678,0.698097552,NA,NA,0.798906735
2023-05-06,PE,Anti-N estimate,0.750201128,0.696294352,NA,NA,0.799073552
2023-05-13,PE,Anti-N estimate,0.749744506,0.696830471,NA,NA,0.797728537
2023-05-20,PE,Anti-N estimate,0.749506489,0.698490629,NA,NA,0.795945589
2023-05-27,PE,Anti-N estimate,0.749400922,0.70192963,NA,NA,0.793974722
2023-06-03,PE,Anti-N estimate,0.749340956,0.704272402,NA,NA,0.791092977
2023-06-10,PE,Anti-N estimate,0.749242275,0.706079671,NA,NA,0.788560997
2023-06-17,PE,Anti-N estimate,0.749025194,0.70766028,NA,NA,0.78672413
2023-06-24,PE,Anti-N estimate,0.748615585,0.708353813,NA,NA,0.785392976
2023-07-01,PE,Anti-N estimate,0.747944596,0.708950632,NA,NA,0.78412507
2023-07-08,PE,Anti-N estimate,0.746948407,0.707245005,NA,NA,0.783331427
2023-07-15,PE,Anti-N estimate,0.745606527,0.706023795,NA,NA,0.78181316
2023-07-22,PE,Anti-N estimate,0.743946541,0.704419704,NA,NA,0.779950927
2023-07-29,PE,Anti-N estimate,0.741995282,0.702601199,NA,NA,0.778348718
2023-08-05,PE,Anti-N estimate,0.739776846,0.70130051,NA,NA,0.775529279
2023-08-12,PE,Anti-N estimate,0.737313599,0.700105182,NA,NA,0.771884866
2023-08-19,PE,Anti-N estimate,0.734627091,0.698483683,NA,NA,0.767988122
2023-08-26,PE,Anti-N estimate,0.731738855,0.697509857,NA,NA,0.763868332
2023-09-02,PE,Anti-N estimate,0.728671092,0.695055224,NA,NA,0.760121351
2023-09-09,PE,Anti-N estimate,0.725447241,0.692016383,NA,NA,0.757056821
2023-09-16,PE,Anti-N estimate,0.722092428,0.687930993,NA,NA,0.754842
2023-09-23,PE,Anti-N estimate,0.718633775,0.683475479,NA,NA,0.752437603
2023-09-30,PE,Anti-N estimate,0.715100596,0.676996717,NA,NA,0.751570475
2020-03-07,PE,Anti-S estimate,0.002262004,0.000635343,NA,NA,0.007306198
2020-03-14,PE,Anti-S estimate,0.002585741,0.000707931,NA,NA,0.008387959
2020-03-21,PE,Anti-S estimate,0.002922027,0.000805973,NA,NA,0.009260608
2020-03-28,PE,Anti-S estimate,0.003260189,0.00090643,NA,NA,0.010510882
2020-04-04,PE,Anti-S estimate,0.003587265,0.000991656,NA,NA,0.011594257
2020-04-11,PE,Anti-S estimate,0.003888764,0.001092782,NA,NA,0.012345182
2020-04-18,PE,Anti-S estimate,0.004149974,0.001197756,NA,NA,0.013151833
2020-04-25,PE,Anti-S estimate,0.004362611,0.001307311,NA,NA,0.014071027
2020-05-02,PE,Anti-S estimate,0.004527782,0.001420587,NA,NA,0.0143007
2020-05-09,PE,Anti-S estimate,0.004650046,0.001517699,NA,NA,0.014656864
2020-05-16,PE,Anti-S estimate,0.004736002,0.001596225,NA,NA,0.014932694
2020-05-23,PE,Anti-S estimate,0.004793271,0.001644575,NA,NA,0.014995939
2020-05-30,PE,Anti-S estimate,0.004829662,0.001713413,NA,NA,0.01502547
2020-06-06,PE,Anti-S estimate,0.004852585,0.001720733,NA,NA,0.01512812
2020-06-13,PE,Anti-S estimate,0.004868718,0.001708334,NA,NA,0.015124496
2020-06-20,PE,Anti-S estimate,0.00488391,0.001700801,NA,NA,0.015280221
2020-06-27,PE,Anti-S estimate,0.004903278,0.001660638,NA,NA,0.015118237
2020-07-04,PE,Anti-S estimate,0.004931487,0.001634958,NA,NA,0.015225937
2020-07-11,PE,Anti-S estimate,0.004973174,0.001628199,NA,NA,0.015526565
2020-07-18,PE,Anti-S estimate,0.005032384,0.001656561,NA,NA,0.015440648
2020-07-25,PE,Anti-S estimate,0.005109633,0.001693123,NA,NA,0.015867649
2020-08-01,PE,Anti-S estimate,0.005205331,0.0017471,NA,NA,0.016219812
2020-08-08,PE,Anti-S estimate,0.00532057,0.00182972,NA,NA,0.016236655
2020-08-15,PE,Anti-S estimate,0.005456797,0.001891149,NA,NA,0.016591985
2020-08-22,PE,Anti-S estimate,0.005615518,0.001983359,NA,NA,0.016856031
2020-08-29,PE,Anti-S estimate,0.005798042,0.002092198,NA,NA,0.017037027
2020-09-05,PE,Anti-S estimate,0.006005257,0.002190173,NA,NA,0.017208518
2020-09-12,PE,Anti-S estimate,0.006237418,0.002285716,NA,NA,0.01790023
2020-09-19,PE,Anti-S estimate,0.006493996,0.002416067,NA,NA,0.018426151
2020-09-26,PE,Anti-S estimate,0.00677357,0.002520548,NA,NA,0.018957191
2020-10-03,PE,Anti-S estimate,0.007073828,0.002664783,NA,NA,0.019556364
2020-10-10,PE,Anti-S estimate,0.00739178,0.002814793,NA,NA,0.020494248
2020-10-17,PE,Anti-S estimate,0.007725218,0.002964962,NA,NA,0.021406212
2020-10-24,PE,Anti-S estimate,0.008073191,0.003129538,NA,NA,0.022269569
2020-10-31,PE,Anti-S estimate,0.008435127,0.003350496,NA,NA,0.023232089
2020-11-07,PE,Anti-S estimate,0.008810568,0.003537216,NA,NA,0.02428279
2020-11-14,PE,Anti-S estimate,0.009198925,0.003768173,NA,NA,0.025335457
2020-11-21,PE,Anti-S estimate,0.009599229,0.003992188,NA,NA,0.026454105
2020-11-28,PE,Anti-S estimate,0.010009893,0.004178677,NA,NA,0.027600393
2020-12-05,PE,Anti-S estimate,0.010428504,0.004333511,NA,NA,0.028711848
2020-12-12,PE,Anti-S estimate,0.010851662,0.004568313,NA,NA,0.030348844
2020-12-19,PE,Anti-S estimate,0.011274882,0.004714265,NA,NA,0.031361944
2020-12-26,PE,Anti-S estimate,0.011692596,0.004911159,NA,NA,0.032350844
2021-01-02,PE,Anti-S estimate,0.012098274,0.005061119,NA,NA,0.033393002
2021-01-09,PE,Anti-S estimate,0.013947588,0.005946506,NA,NA,0.037288033
2021-01-16,PE,Anti-S estimate,0.016046165,0.006943082,NA,NA,0.041686944
2021-01-23,PE,Anti-S estimate,0.01844281,0.008080275,NA,NA,0.046393288
2021-01-30,PE,Anti-S estimate,0.021200731,0.009408382,NA,NA,0.051865776
2021-02-06,PE,Anti-S estimate,0.0244015,0.011106461,NA,NA,0.058505578
2021-02-13,PE,Anti-S estimate,0.028150157,0.013037437,NA,NA,0.064778471
2021-02-20,PE,Anti-S estimate,0.032581824,0.015470166,NA,NA,0.071632363
2021-02-27,PE,Anti-S estimate,0.037870322,0.018354569,NA,NA,0.07873964
2021-03-06,PE,Anti-S estimate,0.044239295,0.021888873,NA,NA,0.088235998
2021-03-13,PE,Anti-S estimate,0.051976453,0.026322968,NA,NA,0.099207352
2021-03-20,PE,Anti-S estimate,0.061451383,0.031823227,NA,NA,0.113155972
2021-03-27,PE,Anti-S estimate,0.073137039,0.038655573,NA,NA,0.129706672
2021-04-03,PE,Anti-S estimate,0.087634036,0.047965997,NA,NA,0.149944562
2021-04-10,PE,Anti-S estimate,0.10569488,0.059645132,NA,NA,0.173163553
2021-04-17,PE,Anti-S estimate,0.128241536,0.075206307,NA,NA,0.20191832
2021-04-24,PE,Anti-S estimate,0.156363679,0.095047783,NA,NA,0.23791266
2021-05-01,PE,Anti-S estimate,0.191258183,0.1212295,NA,NA,0.279166359
2021-05-08,PE,Anti-S estimate,0.233768269,0.156043446,NA,NA,0.329330754
2021-05-15,PE,Anti-S estimate,0.284021151,0.198201739,NA,NA,0.384871248
2021-05-22,PE,Anti-S estimate,0.341375733,0.248208905,NA,NA,0.446281177
2021-05-29,PE,Anti-S estimate,0.404332684,0.305284372,NA,NA,0.509959033
2021-06-05,PE,Anti-S estimate,0.470654472,0.369371948,NA,NA,0.575546743
2021-06-12,PE,Anti-S estimate,0.537685499,0.433832104,NA,NA,0.640259068
2021-06-19,PE,Anti-S estimate,0.602755944,0.498985636,NA,NA,0.698844776
2021-06-26,PE,Anti-S estimate,0.663537143,0.561416814,NA,NA,0.753522286
2021-07-03,PE,Anti-S estimate,0.718280356,0.620791761,NA,NA,0.799224354
2021-07-10,PE,Anti-S estimate,0.765930571,0.672669562,NA,NA,0.839182808
2021-07-17,PE,Anti-S estimate,0.806122606,0.720687599,NA,NA,0.872303047
2021-07-24,PE,Anti-S estimate,0.839072799,0.758067927,NA,NA,0.897846887
2021-07-31,PE,Anti-S estimate,0.865400702,0.790478912,NA,NA,0.917523493
2021-08-07,PE,Anti-S estimate,0.885932695,0.816343543,NA,NA,0.932221887
2021-08-14,PE,Anti-S estimate,0.901533265,0.837524565,NA,NA,0.942920792
2021-08-21,PE,Anti-S estimate,0.912985945,0.851511455,NA,NA,0.950546402
2021-08-28,PE,Anti-S estimate,0.920995979,0.86344986,NA,NA,0.955753307
2021-09-04,PE,Anti-S estimate,0.926340682,0.87103353,NA,NA,0.959219352
2021-09-11,PE,Anti-S estimate,0.929619887,0.875317199,NA,NA,0.961283408
2021-09-18,PE,Anti-S estimate,0.931249909,0.877627166,NA,NA,0.962253522
2021-09-25,PE,Anti-S estimate,0.931523871,0.878677511,NA,NA,0.962199322
2021-10-02,PE,Anti-S estimate,0.930655708,0.87789422,NA,NA,0.961663775
2021-10-09,PE,Anti-S estimate,0.928813084,0.875145244,NA,NA,0.960611793
2021-10-16,PE,Anti-S estimate,0.926143011,0.871372119,NA,NA,0.958564417
2021-10-23,PE,Anti-S estimate,0.922792486,0.867880619,NA,NA,0.956691125
2021-10-30,PE,Anti-S estimate,0.918925246,0.861657988,NA,NA,0.95441276
2021-11-06,PE,Anti-S estimate,0.914734731,0.855696392,NA,NA,0.952145154
2021-11-13,PE,Anti-S estimate,0.910452636,0.849451835,NA,NA,0.949607398
2021-11-20,PE,Anti-S estimate,0.906352001,0.843405501,NA,NA,0.946971325
2021-11-27,PE,Anti-S estimate,0.902743765,0.838651484,NA,NA,0.944681219
2021-12-04,PE,Anti-S estimate,0.89996591,0.834814818,NA,NA,0.942644014
2021-12-11,PE,Anti-S estimate,0.898364797,0.832174344,NA,NA,0.941343684
2021-12-18,PE,Anti-S estimate,0.898264018,0.832181658,NA,NA,0.941451106
2021-12-25,PE,Anti-S estimate,0.899777735,0.835140691,NA,NA,0.942560015
2022-01-01,PE,Anti-S estimate,0.902767153,0.839382003,NA,NA,0.944638793
2022-01-08,PE,Anti-S estimate,0.90703614,0.846078486,NA,NA,0.94742798
2022-01-15,PE,Anti-S estimate,0.912357837,0.8544945,NA,NA,0.951002357
2022-01-22,PE,Anti-S estimate,0.918488859,0.863096595,NA,NA,0.954788386
2022-01-29,PE,Anti-S estimate,0.925182157,0.872197812,NA,NA,0.958933356
2022-02-05,PE,Anti-S estimate,0.93219813,0.882581927,NA,NA,0.963354142
2022-02-12,PE,Anti-S estimate,0.939313687,0.892606505,NA,NA,0.967671108
2022-02-19,PE,Anti-S estimate,0.946327988,0.902684623,NA,NA,0.971821235
2022-02-26,PE,Anti-S estimate,0.953033371,0.913257147,NA,NA,0.975710797
2022-03-05,PE,Anti-S estimate,0.959236155,0.923106419,NA,NA,0.979050721
2022-03-12,PE,Anti-S estimate,0.964814036,0.931477106,NA,NA,0.982157136
2022-03-19,PE,Anti-S estimate,0.969710617,0.939428027,NA,NA,0.984963766
2022-03-26,PE,Anti-S estimate,0.973921491,0.946815501,NA,NA,0.987221433
2022-04-02,PE,Anti-S estimate,0.977478591,0.95333484,NA,NA,0.989083426
2022-04-09,PE,Anti-S estimate,0.980435475,0.958630194,NA,NA,0.990684647
2022-04-16,PE,Anti-S estimate,0.982855156,0.963223173,NA,NA,0.992006827
2022-04-23,PE,Anti-S estimate,0.984801791,0.967255946,NA,NA,0.993102892
2022-04-30,PE,Anti-S estimate,0.986358199,0.969860702,NA,NA,0.993919016
2022-05-07,PE,Anti-S estimate,0.987616368,0.972341033,NA,NA,0.994606992
2022-05-14,PE,Anti-S estimate,0.988646614,0.974428937,NA,NA,0.995144104
2022-05-21,PE,Anti-S estimate,0.989502694,0.976046925,NA,NA,0.995617198
2022-05-28,PE,Anti-S estimate,0.990226697,0.977516413,NA,NA,0.995979831
2022-06-04,PE,Anti-S estimate,0.990852311,0.978776163,NA,NA,0.996290459
2022-06-11,PE,Anti-S estimate,0.991406928,0.979873404,NA,NA,0.996611834
2022-06-18,PE,Anti-S estimate,0.991912951,0.980972774,NA,NA,0.996882258
2022-06-25,PE,Anti-S estimate,0.992388308,0.981954504,NA,NA,0.997144199
2022-07-02,PE,Anti-S estimate,0.992841589,0.982903277,NA,NA,0.997393753
2022-07-09,PE,Anti-S estimate,0.993273152,0.983780899,NA,NA,0.997589718
2022-07-16,PE,Anti-S estimate,0.993683056,0.984661886,NA,NA,0.997784876
2022-07-23,PE,Anti-S estimate,0.994071769,0.985453721,NA,NA,0.997981325
2022-07-30,PE,Anti-S estimate,0.994440233,0.986198097,NA,NA,0.99818741
2022-08-06,PE,Anti-S estimate,0.994789777,0.986915696,NA,NA,0.99836202
2022-08-13,PE,Anti-S estimate,0.995121948,0.987569332,NA,NA,0.998527087
2022-08-20,PE,Anti-S estimate,0.995438281,0.988405705,NA,NA,0.998660626
2022-08-27,PE,Anti-S estimate,0.995740011,0.9890222,NA,NA,0.998798632
2022-09-03,PE,Anti-S estimate,0.996026611,0.989739801,NA,NA,0.998905419
2022-09-10,PE,Anti-S estimate,0.996296042,0.990362936,NA,NA,0.999004317
2022-09-17,PE,Anti-S estimate,0.996546797,0.991005612,NA,NA,0.999078039
2022-09-24,PE,Anti-S estimate,0.996778074,0.991584495,NA,NA,0.999169777
2022-10-01,PE,Anti-S estimate,0.996989717,0.992044081,NA,NA,0.999234074
2022-10-08,PE,Anti-S estimate,0.997182086,0.9923834,NA,NA,0.9992896
2022-10-15,PE,Anti-S estimate,0.997355891,0.992755084,NA,NA,0.999359327
2022-10-22,PE,Anti-S estimate,0.99751201,0.993165703,NA,NA,0.99941579
2022-10-29,PE,Anti-S estimate,0.997651339,0.993480696,NA,NA,0.999455578
2022-11-05,PE,Anti-S estimate,0.997775471,0.993753783,NA,NA,0.999490149
2022-11-12,PE,Anti-S estimate,0.997886682,0.99396322,NA,NA,0.999533449
2022-11-19,PE,Anti-S estimate,0.997987134,0.994159269,NA,NA,0.999566742
2022-11-26,PE,Anti-S estimate,0.998078851,0.994404517,NA,NA,0.999591815
2022-12-03,PE,Anti-S estimate,0.998163701,0.994535846,NA,NA,0.999618466
2022-12-10,PE,Anti-S estimate,0.998243426,0.99468931,NA,NA,0.999638549
2022-12-17,PE,Anti-S estimate,0.998319632,0.99489496,NA,NA,0.999662309
2022-12-24,PE,Anti-S estimate,0.998393744,0.995146344,NA,NA,0.999678974
2022-12-31,PE,Anti-S estimate,0.998466891,0.995392849,NA,NA,0.999697083
2023-01-07,PE,Anti-S estimate,0.998538736,0.995604432,NA,NA,0.999716052
2023-01-14,PE,Anti-S estimate,0.998607563,0.995842131,NA,NA,0.999733378
2023-01-21,PE,Anti-S estimate,0.998671893,0.996027,NA,NA,0.999744328
2023-01-28,PE,Anti-S estimate,0.998730597,0.996179495,NA,NA,0.999756155
2023-02-04,PE,Anti-S estimate,0.998782874,0.99633954,NA,NA,0.999771001
2023-02-11,PE,Anti-S estimate,0.998828186,0.996433099,NA,NA,0.99978089
2023-02-18,PE,Anti-S estimate,0.998866161,0.996563486,NA,NA,0.999791026
2023-02-25,PE,Anti-S estimate,0.998896499,0.996626717,NA,NA,0.999797705
2023-03-04,PE,Anti-S estimate,0.998918869,0.996669232,NA,NA,0.999806573
2023-03-11,PE,Anti-S estimate,0.998933546,0.996697147,NA,NA,0.999812746
2023-03-18,PE,Anti-S estimate,0.998941489,0.996730181,NA,NA,0.999814014
2023-03-25,PE,Anti-S estimate,0.998943545,0.996770143,NA,NA,0.999818149
2023-04-01,PE,Anti-S estimate,0.998940504,0.996712103,NA,NA,0.999822231
2023-04-08,PE,Anti-S estimate,0.998933183,0.996708911,NA,NA,0.99982352
2023-04-15,PE,Anti-S estimate,0.998922485,0.996577927,NA,NA,0.999829096
2023-04-22,PE,Anti-S estimate,0.998909434,0.996477631,NA,NA,0.999830799
2023-04-29,PE,Anti-S estimate,0.998895173,0.996444368,NA,NA,0.999832836
2023-05-06,PE,Anti-S estimate,0.998880918,0.996374501,NA,NA,0.99983885
2023-05-13,PE,Anti-S estimate,0.998867162,0.996301634,NA,NA,0.999842307
2023-05-20,PE,Anti-S estimate,0.998853421,0.99628005,NA,NA,0.999852366
2023-05-27,PE,Anti-S estimate,0.998839072,0.996190473,NA,NA,0.999855264
2023-06-03,PE,Anti-S estimate,0.998823455,0.996057664,NA,NA,0.999859466
2023-06-10,PE,Anti-S estimate,0.998805917,0.996018265,NA,NA,0.999863167
2023-06-17,PE,Anti-S estimate,0.998785831,0.995916138,NA,NA,0.999865132
2023-06-24,PE,Anti-S estimate,0.998762603,0.995750711,NA,NA,0.999870538
2023-07-01,PE,Anti-S estimate,0.998735671,0.99575819,NA,NA,0.999877206
2023-07-08,PE,Anti-S estimate,0.99870448,0.995568474,NA,NA,0.999878277
2023-07-15,PE,Anti-S estimate,0.998668719,0.995401141,NA,NA,0.999884091
2023-07-22,PE,Anti-S estimate,0.998628339,0.995063623,NA,NA,0.999888297
2023-07-29,PE,Anti-S estimate,0.998583245,0.994697745,NA,NA,0.999890189
2023-08-05,PE,Anti-S estimate,0.998533285,0.99443387,NA,NA,0.999892728
2023-08-12,PE,Anti-S estimate,0.99847826,0.994164281,NA,NA,0.999893812
2023-08-19,PE,Anti-S estimate,0.998417934,0.993910413,NA,NA,0.999896558
2023-08-26,PE,Anti-S estimate,0.998352047,0.993521146,NA,NA,0.999897542
2023-09-02,PE,Anti-S estimate,0.998280324,0.993113057,NA,NA,0.999899435
2023-09-09,PE,Anti-S estimate,0.998202489,0.992608813,NA,NA,0.999902314
2023-09-16,PE,Anti-S estimate,0.998118277,0.991940224,NA,NA,0.999902427
2023-09-23,PE,Anti-S estimate,0.998027453,0.991537883,NA,NA,0.999904782
2023-09-30,PE,Anti-S estimate,0.997929824,0.990884342,NA,NA,0.999906559
2020-03-07,QC,Anti-N estimate,0.003447182,0.001498095,NA,NA,0.00611106
2020-03-14,QC,Anti-N estimate,0.003975402,0.001683599,NA,NA,0.0071497
2020-03-21,QC,Anti-N estimate,0.00453217,0.001855088,NA,NA,0.008247892
2020-03-28,QC,Anti-N estimate,0.005100512,0.002070743,NA,NA,0.009420307
2020-04-04,QC,Anti-N estimate,0.005658926,0.002274194,NA,NA,0.010497234
2020-04-11,QC,Anti-N estimate,0.006182576,0.002509846,NA,NA,0.011522012
2020-04-18,QC,Anti-N estimate,0.006645539,0.00277524,NA,NA,0.012260533
2020-04-25,QC,Anti-N estimate,0.007032165,0.00308,NA,NA,0.012805136
2020-05-02,QC,Anti-N estimate,0.007342598,0.003354667,NA,NA,0.013139196
2020-05-09,QC,Anti-N estimate,0.007583147,0.003590217,NA,NA,0.013434808
2020-05-16,QC,Anti-N estimate,0.007763936,0.003821709,NA,NA,0.013416417
2020-05-23,QC,Anti-N estimate,0.007897131,0.004049261,NA,NA,0.01356061
2020-05-30,QC,Anti-N estimate,0.007995457,0.004245893,NA,NA,0.013577184
2020-06-06,QC,Anti-N estimate,0.008071116,0.004267382,NA,NA,0.013718122
2020-06-13,QC,Anti-N estimate,0.008135166,0.004186085,NA,NA,0.013868308
2020-06-20,QC,Anti-N estimate,0.008197304,0.004149704,NA,NA,0.014050124
2020-06-27,QC,Anti-N estimate,0.008266024,0.004134396,NA,NA,0.014352837
2020-07-04,QC,Anti-N estimate,0.008349094,0.004092385,NA,NA,0.014725416
2020-07-11,QC,Anti-N estimate,0.008454328,0.004090043,NA,NA,0.014983642
2020-07-18,QC,Anti-N estimate,0.008588858,0.004163054,NA,NA,0.015072319
2020-07-25,QC,Anti-N estimate,0.00875467,0.004338021,NA,NA,0.015301764
2020-08-01,QC,Anti-N estimate,0.008953973,0.00450673,NA,NA,0.015447218
2020-08-08,QC,Anti-N estimate,0.009190367,0.004751785,NA,NA,0.015773294
2020-08-15,QC,Anti-N estimate,0.009468282,0.005020411,NA,NA,0.015882364
2020-08-22,QC,Anti-N estimate,0.00979248,0.005401272,NA,NA,0.016175756
2020-08-29,QC,Anti-N estimate,0.010167621,0.005812953,NA,NA,0.016510728
2020-09-05,QC,Anti-N estimate,0.010597884,0.006172389,NA,NA,0.017049338
2020-09-12,QC,Anti-N estimate,0.01108662,0.00647993,NA,NA,0.017672449
2020-09-19,QC,Anti-N estimate,0.011636065,0.006861135,NA,NA,0.018473889
2020-09-26,QC,Anti-N estimate,0.012247142,0.007278738,NA,NA,0.019271899
2020-10-03,QC,Anti-N estimate,0.012919434,0.007690966,NA,NA,0.020149293
2020-10-10,QC,Anti-N estimate,0.013651425,0.008143406,NA,NA,0.021297145
2020-10-17,QC,Anti-N estimate,0.014441623,0.00885399,NA,NA,0.022288758
2020-10-24,QC,Anti-N estimate,0.015289472,0.009412752,NA,NA,0.023413743
2020-10-31,QC,Anti-N estimate,0.016194912,0.010182771,NA,NA,0.024108056
2020-11-07,QC,Anti-N estimate,0.017157845,0.010973101,NA,NA,0.02503571
2020-11-14,QC,Anti-N estimate,0.01817755,0.01196329,NA,NA,0.02605759
2020-11-21,QC,Anti-N estimate,0.01925205,0.012940674,NA,NA,0.027092129
2020-11-28,QC,Anti-N estimate,0.020377465,0.013906812,NA,NA,0.028524258
2020-12-05,QC,Anti-N estimate,0.021547371,0.014634486,NA,NA,0.030005709
2020-12-12,QC,Anti-N estimate,0.022752238,0.015683297,NA,NA,0.031544266
2020-12-19,QC,Anti-N estimate,0.023979015,0.016655561,NA,NA,0.033186274
2020-12-26,QC,Anti-N estimate,0.025210948,0.017559033,NA,NA,0.03489422
2021-01-02,QC,Anti-N estimate,0.026427738,0.018463334,NA,NA,0.036564327
2021-01-09,QC,Anti-N estimate,0.02761119,0.019290923,NA,NA,0.037985063
2021-01-16,QC,Anti-N estimate,0.028755997,0.020166538,NA,NA,0.039540809
2021-01-23,QC,Anti-N estimate,0.029861126,0.021130562,NA,NA,0.040739034
2021-01-30,QC,Anti-N estimate,0.03092768,0.022057349,NA,NA,0.041804315
2021-02-06,QC,Anti-N estimate,0.031958622,0.023075163,NA,NA,0.042873411
2021-02-13,QC,Anti-N estimate,0.032958456,0.02402323,NA,NA,0.043710221
2021-02-20,QC,Anti-N estimate,0.033932907,0.025005886,NA,NA,0.04460208
2021-02-27,QC,Anti-N estimate,0.034888608,0.025884597,NA,NA,0.04583825
2021-03-06,QC,Anti-N estimate,0.035832829,0.026871146,NA,NA,0.04672845
2021-03-13,QC,Anti-N estimate,0.03677325,0.02781258,NA,NA,0.047546696
2021-03-20,QC,Anti-N estimate,0.037717805,0.02855089,NA,NA,0.04877211
2021-03-27,QC,Anti-N estimate,0.038674592,0.029382159,NA,NA,0.049678577
2021-04-03,QC,Anti-N estimate,0.039651867,0.030070275,NA,NA,0.05123926
2021-04-10,QC,Anti-N estimate,0.040658129,0.030799981,NA,NA,0.052690815
2021-04-17,QC,Anti-N estimate,0.041702302,0.031587015,NA,NA,0.053854
2021-04-24,QC,Anti-N estimate,0.042794033,0.032331744,NA,NA,0.055693392
2021-05-01,QC,Anti-N estimate,0.043943562,0.033158112,NA,NA,0.057331875
2021-05-08,QC,Anti-N estimate,0.045153379,0.034240535,NA,NA,0.058731136
2021-05-15,QC,Anti-N estimate,0.046418947,0.03515255,NA,NA,0.059977421
2021-05-22,QC,Anti-N estimate,0.047735388,0.036202577,NA,NA,0.061616927
2021-05-29,QC,Anti-N estimate,0.049097353,0.03731933,NA,NA,0.063469602
2021-06-05,QC,Anti-N estimate,0.050498696,0.038400934,NA,NA,0.065154699
2021-06-12,QC,Anti-N estimate,0.05193217,0.039373835,NA,NA,0.066677401
2021-06-19,QC,Anti-N estimate,0.053389157,0.040427983,NA,NA,0.068429373
2021-06-26,QC,Anti-N estimate,0.054859448,0.041358606,NA,NA,0.070664729
2021-07-03,QC,Anti-N estimate,0.056331076,0.042137595,NA,NA,0.072392861
2021-07-10,QC,Anti-N estimate,0.057790237,0.042942664,NA,NA,0.074948665
2021-07-17,QC,Anti-N estimate,0.059221293,0.043650689,NA,NA,0.077377986
2021-07-24,QC,Anti-N estimate,0.060606892,0.044278055,NA,NA,0.079906088
2021-07-31,QC,Anti-N estimate,0.061928202,0.044955484,NA,NA,0.081923133
2021-08-07,QC,Anti-N estimate,0.06316528,0.045127585,NA,NA,0.084300521
2021-08-14,QC,Anti-N estimate,0.064297582,0.04561532,NA,NA,0.086173577
2021-08-21,QC,Anti-N estimate,0.065304603,0.046026312,NA,NA,0.087760678
2021-08-28,QC,Anti-N estimate,0.066177307,0.046451653,NA,NA,0.089282476
2021-09-04,QC,Anti-N estimate,0.066951415,0.047064725,NA,NA,0.090506858
2021-09-11,QC,Anti-N estimate,0.067676131,0.046808016,NA,NA,0.091595331
2021-09-18,QC,Anti-N estimate,0.068402681,0.047145346,NA,NA,0.093250936
2021-09-25,QC,Anti-N estimate,0.069183704,0.047772063,NA,NA,0.094818846
2021-10-02,QC,Anti-N estimate,0.070073091,0.048103041,NA,NA,0.096725197
2021-10-09,QC,Anti-N estimate,0.07112628,0.04835737,NA,NA,0.098509197
2021-10-16,QC,Anti-N estimate,0.072401002,0.049038584,NA,NA,0.101035064
2021-10-23,QC,Anti-N estimate,0.073958522,0.049694598,NA,NA,0.104188444
2021-10-30,QC,Anti-N estimate,0.075865377,0.050896309,NA,NA,0.107063155
2021-11-06,QC,Anti-N estimate,0.07819569,0.052396239,NA,NA,0.110807775
2021-11-13,QC,Anti-N estimate,0.081034148,0.054252552,NA,NA,0.114207851
2021-11-20,QC,Anti-N estimate,0.084479795,0.056921608,NA,NA,0.119007365
2021-11-27,QC,Anti-N estimate,0.088650822,0.060234306,NA,NA,0.123953266
2021-12-04,QC,Anti-N estimate,0.093690628,0.064295409,NA,NA,0.129915765
2021-12-11,QC,Anti-N estimate,0.099775457,0.069550093,NA,NA,0.136690875
2021-12-18,QC,Anti-N estimate,0.107121351,0.076310765,NA,NA,0.144239699
2021-12-25,QC,Anti-N estimate,0.115904125,0.084894021,NA,NA,0.15276689
2022-01-01,QC,Anti-N estimate,0.126210601,0.094713262,NA,NA,0.162373514
2022-01-08,QC,Anti-N estimate,0.138108755,0.105933548,NA,NA,0.174621408
2022-01-15,QC,Anti-N estimate,0.151637681,0.118486297,NA,NA,0.187704701
2022-01-22,QC,Anti-N estimate,0.16679133,0.132540997,NA,NA,0.2040912
2022-01-29,QC,Anti-N estimate,0.183503641,0.147686297,NA,NA,0.222458109
2022-02-05,QC,Anti-N estimate,0.201637376,0.16515437,NA,NA,0.241518697
2022-02-12,QC,Anti-N estimate,0.22097884,0.183592627,NA,NA,0.262478502
2022-02-19,QC,Anti-N estimate,0.241241544,0.202883088,NA,NA,0.283702193
2022-02-26,QC,Anti-N estimate,0.262133612,0.222743735,NA,NA,0.303997791
2022-03-05,QC,Anti-N estimate,0.283391579,0.243638687,NA,NA,0.323605662
2022-03-12,QC,Anti-N estimate,0.304724402,0.264987019,NA,NA,0.344902025
2022-03-19,QC,Anti-N estimate,0.32581431,0.286846287,NA,NA,0.365966903
2022-03-26,QC,Anti-N estimate,0.346325587,0.308008395,NA,NA,0.387547682
2022-04-02,QC,Anti-N estimate,0.36591607,0.326633847,NA,NA,0.407134976
2022-04-09,QC,Anti-N estimate,0.384249327,0.343239436,NA,NA,0.426468037
2022-04-16,QC,Anti-N estimate,0.401005287,0.358761333,NA,NA,0.444220196
2022-04-23,QC,Anti-N estimate,0.415893389,0.373721296,NA,NA,0.45862429
2022-04-30,QC,Anti-N estimate,0.428845127,0.388422762,NA,NA,0.469981765
2022-05-07,QC,Anti-N estimate,0.440055918,0.400772017,NA,NA,0.478277449
2022-05-14,QC,Anti-N estimate,0.449757256,0.412181627,NA,NA,0.485900592
2022-05-21,QC,Anti-N estimate,0.4581944,0.420998681,NA,NA,0.495192562
2022-05-28,QC,Anti-N estimate,0.465621353,0.42899752,NA,NA,0.502991216
2022-06-04,QC,Anti-N estimate,0.472297943,0.434083074,NA,NA,0.510335446
2022-06-11,QC,Anti-N estimate,0.478488168,0.437863518,NA,NA,0.519271629
2022-06-18,QC,Anti-N estimate,0.484459231,0.441607939,NA,NA,0.527096835
2022-06-25,QC,Anti-N estimate,0.490480821,0.446185772,NA,NA,0.533992978
2022-07-02,QC,Anti-N estimate,0.496821654,0.451730408,NA,NA,0.540774971
2022-07-09,QC,Anti-N estimate,0.503746812,0.456716375,NA,NA,0.549565089
2022-07-16,QC,Anti-N estimate,0.511518698,0.463374007,NA,NA,0.559246809
2022-07-23,QC,Anti-N estimate,0.520395694,0.470972081,NA,NA,0.570117637
2022-07-30,QC,Anti-N estimate,0.530630495,0.4778016,NA,NA,0.583079452
2022-08-06,QC,Anti-N estimate,0.542467795,0.485895636,NA,NA,0.597581142
2022-08-13,QC,Anti-N estimate,0.556140542,0.495370158,NA,NA,0.614484835
2022-08-20,QC,Anti-N estimate,0.571863443,0.50781611,NA,NA,0.633394046
2022-08-27,QC,Anti-N estimate,0.589810904,0.524442613,NA,NA,0.653267165
2022-09-03,QC,Anti-N estimate,0.609755544,0.54346181,NA,NA,0.674074862
2022-09-10,QC,Anti-N estimate,0.631009405,0.563846761,NA,NA,0.6939037
2022-09-17,QC,Anti-N estimate,0.652860692,0.585648736,NA,NA,0.714673399
2022-09-24,QC,Anti-N estimate,0.674628725,0.607256716,NA,NA,0.736343934
2022-10-01,QC,Anti-N estimate,0.695693886,0.628602098,NA,NA,0.756942667
2022-10-08,QC,Anti-N estimate,0.715521047,0.647296345,NA,NA,0.775862009
2022-10-15,QC,Anti-N estimate,0.733670573,0.667522858,NA,NA,0.793281718
2022-10-22,QC,Anti-N estimate,0.749794251,0.685557556,NA,NA,0.80844856
2022-10-29,QC,Anti-N estimate,0.763624047,0.701263753,NA,NA,0.820677291
2022-11-05,QC,Anti-N estimate,0.775166327,0.7142436,NA,NA,0.83004057
2022-11-12,QC,Anti-N estimate,0.784690443,0.726747157,NA,NA,0.837717943
2022-11-19,QC,Anti-N estimate,0.792444992,0.737341616,NA,NA,0.842832544
2022-11-26,QC,Anti-N estimate,0.798652618,0.744201161,NA,NA,0.848088787
2022-12-03,QC,Anti-N estimate,0.803519672,0.748253667,NA,NA,0.852993913
2022-12-10,QC,Anti-N estimate,0.807242467,0.749714055,NA,NA,0.856935423
2022-12-17,QC,Anti-N estimate,0.810010056,0.747881327,NA,NA,0.86196685
2022-12-24,QC,Anti-N estimate,0.812003601,0.747381257,NA,NA,0.865036382
2022-12-31,QC,Anti-N estimate,0.81339151,0.747753251,NA,NA,0.867215376
2023-01-07,QC,Anti-N estimate,0.81429629,0.748124762,NA,NA,0.868745002
2023-01-14,QC,Anti-N estimate,0.814791304,0.747176722,NA,NA,0.868971842
2023-01-21,QC,Anti-N estimate,0.814943735,0.747029369,NA,NA,0.870327894
2023-01-28,QC,Anti-N estimate,0.81482576,0.74672952,NA,NA,0.870560914
2023-02-04,QC,Anti-N estimate,0.814520212,0.745413857,NA,NA,0.871320321
2023-02-11,QC,Anti-N estimate,0.814122731,0.742558641,NA,NA,0.872919698
2023-02-18,QC,Anti-N estimate,0.813740385,0.740336626,NA,NA,0.873782509
2023-02-25,QC,Anti-N estimate,0.813486827,0.738249072,NA,NA,0.874196074
2023-03-04,QC,Anti-N estimate,0.813471786,0.739285137,NA,NA,0.874668845
2023-03-11,QC,Anti-N estimate,0.813718637,0.739278911,NA,NA,0.87466347
2023-03-18,QC,Anti-N estimate,0.81414926,0.741240048,NA,NA,0.874092085
2023-03-25,QC,Anti-N estimate,0.814679393,0.742323143,NA,NA,0.873696394
2023-04-01,QC,Anti-N estimate,0.815233088,0.743812966,NA,NA,0.873487429
2023-04-08,QC,Anti-N estimate,0.815748551,0.744031239,NA,NA,0.875718417
2023-04-15,QC,Anti-N estimate,0.816180664,0.743663769,NA,NA,0.875966598
2023-04-22,QC,Anti-N estimate,0.816500137,0.743954309,NA,NA,0.877122349
2023-04-29,QC,Anti-N estimate,0.816689359,0.741576949,NA,NA,0.87769679
2023-05-06,QC,Anti-N estimate,0.81673577,0.741286938,NA,NA,0.878429514
2023-05-13,QC,Anti-N estimate,0.816645054,0.742621245,NA,NA,0.877886215
2023-05-20,QC,Anti-N estimate,0.816439095,0.744659875,NA,NA,0.876422371
2023-05-27,QC,Anti-N estimate,0.816133426,0.748044763,NA,NA,0.874939879
2023-06-03,QC,Anti-N estimate,0.815742799,0.749506014,NA,NA,0.872825203
2023-06-10,QC,Anti-N estimate,0.815286781,0.750208434,NA,NA,0.871147169
2023-06-17,QC,Anti-N estimate,0.814793545,0.752322448,NA,NA,0.87005213
2023-06-24,QC,Anti-N estimate,0.814301804,0.751928208,NA,NA,0.868282538
2023-07-01,QC,Anti-N estimate,0.813860805,0.752901594,NA,NA,0.867129154
2023-07-08,QC,Anti-N estimate,0.813527586,0.753846474,NA,NA,0.865676566
2023-07-15,QC,Anti-N estimate,0.813337288,0.755795946,NA,NA,0.864062718
2023-07-22,QC,Anti-N estimate,0.813289624,0.757327096,NA,NA,0.863033674
2023-07-29,QC,Anti-N estimate,0.813375921,0.759702807,NA,NA,0.861440577
2023-08-05,QC,Anti-N estimate,0.813582463,0.763157817,NA,NA,0.859406624
2023-08-12,QC,Anti-N estimate,0.813891918,0.76648877,NA,NA,0.85697649
2023-08-19,QC,Anti-N estimate,0.814284624,0.770549332,NA,NA,0.855064738
2023-08-26,QC,Anti-N estimate,0.814739731,0.773978018,NA,NA,0.852143908
2023-09-02,QC,Anti-N estimate,0.815236201,0.777543066,NA,NA,0.849891225
2023-09-09,QC,Anti-N estimate,0.815753667,0.780416261,NA,NA,0.848000789
2023-09-16,QC,Anti-N estimate,0.816273153,0.783074439,NA,NA,0.846392025
2023-09-23,QC,Anti-N estimate,0.816777636,0.785165704,NA,NA,0.845694888
2023-09-30,QC,Anti-N estimate,0.817252452,0.785370576,NA,NA,0.846561684
2020-03-07,QC,Anti-S estimate,0.004192202,0.00123104,NA,NA,0.012893215
2020-03-14,QC,Anti-S estimate,0.004796392,0.001379464,NA,NA,0.014828067
2020-03-21,QC,Anti-S estimate,0.005426301,0.001549534,NA,NA,0.016999569
2020-03-28,QC,Anti-S estimate,0.00606294,0.001740016,NA,NA,0.019229767
2020-04-04,QC,Anti-S estimate,0.006683088,0.001922832,NA,NA,0.021264133
2020-04-11,QC,Anti-S estimate,0.007260595,0.002156253,NA,NA,0.0234286
2020-04-18,QC,Anti-S estimate,0.007768644,0.002355337,NA,NA,0.024827644
2020-04-25,QC,Anti-S estimate,0.00819168,0.002582429,NA,NA,0.026126628
2020-05-02,QC,Anti-S estimate,0.008530874,0.002817928,NA,NA,0.026773362
2020-05-09,QC,Anti-S estimate,0.008793581,0.002958883,NA,NA,0.027630913
2020-05-16,QC,Anti-S estimate,0.008990905,0.003126957,NA,NA,0.027406244
2020-05-23,QC,Anti-S estimate,0.009135958,0.003285113,NA,NA,0.0277252
2020-05-30,QC,Anti-S estimate,0.009242394,0.003318298,NA,NA,0.027717739
2020-06-06,QC,Anti-S estimate,0.00932336,0.003359914,NA,NA,0.027817228
2020-06-13,QC,Anti-S estimate,0.009390881,0.003348726,NA,NA,0.027845751
2020-06-20,QC,Anti-S estimate,0.009455657,0.003302819,NA,NA,0.028046787
2020-06-27,QC,Anti-S estimate,0.009527218,0.003270409,NA,NA,0.028180349
2020-07-04,QC,Anti-S estimate,0.009614402,0.003243713,NA,NA,0.02818105
2020-07-11,QC,Anti-S estimate,0.009726134,0.003265428,NA,NA,0.02840414
2020-07-18,QC,Anti-S estimate,0.009870473,0.003321127,NA,NA,0.028896454
2020-07-25,QC,Anti-S estimate,0.010049482,0.003431664,NA,NA,0.029643463
2020-08-01,QC,Anti-S estimate,0.010265197,0.003560775,NA,NA,0.029806016
2020-08-08,QC,Anti-S estimate,0.010521001,0.003723608,NA,NA,0.030470171
2020-08-15,QC,Anti-S estimate,0.010821043,0.003954389,NA,NA,0.031082058
2020-08-22,QC,Anti-S estimate,0.011169734,0.004188192,NA,NA,0.031857773
2020-08-29,QC,Anti-S estimate,0.0115713,0.004425036,NA,NA,0.032681192
2020-09-05,QC,Anti-S estimate,0.012029404,0.004645941,NA,NA,0.033187076
2020-09-12,QC,Anti-S estimate,0.012546802,0.004959088,NA,NA,0.03421808
2020-09-19,QC,Anti-S estimate,0.013125083,0.005241188,NA,NA,0.035591682
2020-09-26,QC,Anti-S estimate,0.013764506,0.005507477,NA,NA,0.037429301
2020-10-03,QC,Anti-S estimate,0.014464009,0.005846233,NA,NA,0.038684168
2020-10-10,QC,Anti-S estimate,0.015221484,0.006241664,NA,NA,0.040166057
2020-10-17,QC,Anti-S estimate,0.016034799,0.006704044,NA,NA,0.041987162
2020-10-24,QC,Anti-S estimate,0.016902636,0.00716299,NA,NA,0.043802531
2020-10-31,QC,Anti-S estimate,0.017824087,0.00778371,NA,NA,0.045299215
2020-11-07,QC,Anti-S estimate,0.018798137,0.008415876,NA,NA,0.047046013
2020-11-14,QC,Anti-S estimate,0.019823123,0.009091053,NA,NA,0.048828373
2020-11-21,QC,Anti-S estimate,0.020896173,0.009757975,NA,NA,0.051006626
2020-11-28,QC,Anti-S estimate,0.022012639,0.010422269,NA,NA,0.052475962
2020-12-05,QC,Anti-S estimate,0.02316558,0.011103673,NA,NA,0.054951566
2020-12-12,QC,Anti-S estimate,0.024345314,0.011616792,NA,NA,0.057244502
2020-12-19,QC,Anti-S estimate,0.025539117,0.012279104,NA,NA,0.05934687
2020-12-26,QC,Anti-S estimate,0.026731137,0.012992144,NA,NA,0.061741515
2021-01-02,QC,Anti-S estimate,0.027902589,0.01366918,NA,NA,0.063587244
2021-01-09,QC,Anti-S estimate,0.031836718,0.015906642,NA,NA,0.070226051
2021-01-16,QC,Anti-S estimate,0.03622383,0.018516272,NA,NA,0.0760712
2021-01-23,QC,Anti-S estimate,0.041146083,0.021326725,NA,NA,0.08318401
2021-01-30,QC,Anti-S estimate,0.046709752,0.024587047,NA,NA,0.091336516
2021-02-06,QC,Anti-S estimate,0.053050693,0.028632747,NA,NA,0.101034782
2021-02-13,QC,Anti-S estimate,0.060340979,0.03337575,NA,NA,0.110569292
2021-02-20,QC,Anti-S estimate,0.068796956,0.039158764,NA,NA,0.121972012
2021-02-27,QC,Anti-S estimate,0.07868887,0.046068586,NA,NA,0.133807962
2021-03-06,QC,Anti-S estimate,0.090352023,0.054399514,NA,NA,0.149457704
2021-03-13,QC,Anti-S estimate,0.104198949,0.064478413,NA,NA,0.165552908
2021-03-20,QC,Anti-S estimate,0.120731321,0.076695212,NA,NA,0.18466321
2021-03-27,QC,Anti-S estimate,0.140548889,0.091046164,NA,NA,0.207550787
2021-04-03,QC,Anti-S estimate,0.164350673,0.110079252,NA,NA,0.234799325
2021-04-10,QC,Anti-S estimate,0.192920772,0.133578639,NA,NA,0.267855138
2021-04-17,QC,Anti-S estimate,0.227088084,0.161306942,NA,NA,0.305654107
2021-04-24,QC,Anti-S estimate,0.267647543,0.195614497,NA,NA,0.351709532
2021-05-01,QC,Anti-S estimate,0.315208378,0.236687073,NA,NA,0.402314666
2021-05-08,QC,Anti-S estimate,0.369592625,0.2856627,NA,NA,0.458404423
2021-05-15,QC,Anti-S estimate,0.429624772,0.342027488,NA,NA,0.519389722
2021-05-22,QC,Anti-S estimate,0.493443403,0.401750093,NA,NA,0.583195996
2021-05-29,QC,Anti-S estimate,0.558712759,0.46531924,NA,NA,0.647572062
2021-06-05,QC,Anti-S estimate,0.622926504,0.528771097,NA,NA,0.707837623
2021-06-12,QC,Anti-S estimate,0.683724543,0.590426921,NA,NA,0.76516377
2021-06-19,QC,Anti-S estimate,0.739163068,0.650207441,NA,NA,0.814296619
2021-06-26,QC,Anti-S estimate,0.787908193,0.704707382,NA,NA,0.855492509
2021-07-03,QC,Anti-S estimate,0.82932537,0.750681672,NA,NA,0.889464259
2021-07-10,QC,Anti-S estimate,0.863442965,0.790697481,NA,NA,0.915940352
2021-07-17,QC,Anti-S estimate,0.890804436,0.823670259,NA,NA,0.935566357
2021-07-24,QC,Anti-S estimate,0.912263983,0.850842526,NA,NA,0.950577992
2021-07-31,QC,Anti-S estimate,0.928790166,0.873839598,NA,NA,0.961558998
2021-08-07,QC,Anti-S estimate,0.941319593,0.891367345,NA,NA,0.969456139
2021-08-14,QC,Anti-S estimate,0.950671302,0.904850655,NA,NA,0.975024806
2021-08-21,QC,Anti-S estimate,0.957510867,0.915190875,NA,NA,0.979053086
2021-08-28,QC,Anti-S estimate,0.9623804,0.923452592,NA,NA,0.981710679
2021-09-04,QC,Anti-S estimate,0.96578979,0.929085549,NA,NA,0.983670237
2021-09-11,QC,Anti-S estimate,0.968113747,0.932765623,NA,NA,0.985085892
2021-09-18,QC,Anti-S estimate,0.969608578,0.935707288,NA,NA,0.985807385
2021-09-25,QC,Anti-S estimate,0.970452823,0.937136612,NA,NA,0.986187883
2021-10-02,QC,Anti-S estimate,0.970774557,0.938032805,NA,NA,0.986337094
2021-10-09,QC,Anti-S estimate,0.970670204,0.938410818,NA,NA,0.986343503
2021-10-16,QC,Anti-S estimate,0.970217999,0.938556266,NA,NA,0.986154658
2021-10-23,QC,Anti-S estimate,0.969488018,0.937364324,NA,NA,0.985803131
2021-10-30,QC,Anti-S estimate,0.968549865,0.936214789,NA,NA,0.985250274
2021-11-06,QC,Anti-S estimate,0.967478516,0.934020985,NA,NA,0.984683713
2021-11-13,QC,Anti-S estimate,0.966358377,0.931948288,NA,NA,0.984007822
2021-11-20,QC,Anti-S estimate,0.96528532,0.93041247,NA,NA,0.983602987
2021-11-27,QC,Anti-S estimate,0.964366275,0.929071677,NA,NA,0.983185794
2021-12-04,QC,Anti-S estimate,0.963715958,0.928645114,NA,NA,0.982797133
2021-12-11,QC,Anti-S estimate,0.963450446,0.927979426,NA,NA,0.9824987
2021-12-18,QC,Anti-S estimate,0.963675587,0.92865183,NA,NA,0.982488794
2021-12-25,QC,Anti-S estimate,0.964410104,0.929619233,NA,NA,0.98261313
2022-01-01,QC,Anti-S estimate,0.9655726,0.932149687,NA,NA,0.983059785
2022-01-08,QC,Anti-S estimate,0.967069106,0.934693629,NA,NA,0.983705449
2022-01-15,QC,Anti-S estimate,0.968806024,0.937474393,NA,NA,0.984605406
2022-01-22,QC,Anti-S estimate,0.970696045,0.940907126,NA,NA,0.985474553
2022-01-29,QC,Anti-S estimate,0.972661919,0.94496158,NA,NA,0.986554251
2022-02-05,QC,Anti-S estimate,0.974638285,0.948712284,NA,NA,0.987563924
2022-02-12,QC,Anti-S estimate,0.976571921,0.951535682,NA,NA,0.988617645
2022-02-19,QC,Anti-S estimate,0.978421017,0.954951827,NA,NA,0.989645371
2022-02-26,QC,Anti-S estimate,0.980158123,0.958604725,NA,NA,0.990559971
2022-03-05,QC,Anti-S estimate,0.981768301,0.961422673,NA,NA,0.991374714
2022-03-12,QC,Anti-S estimate,0.983242589,0.964260089,NA,NA,0.992143962
2022-03-19,QC,Anti-S estimate,0.98457732,0.96693194,NA,NA,0.992833428
2022-03-26,QC,Anti-S estimate,0.985773281,0.969024773,NA,NA,0.993439998
2022-04-02,QC,Anti-S estimate,0.986834592,0.970935826,NA,NA,0.994037628
2022-04-09,QC,Anti-S estimate,0.987767489,0.972734508,NA,NA,0.994559776
2022-04-16,QC,Anti-S estimate,0.98857915,0.97394875,NA,NA,0.994973476
2022-04-23,QC,Anti-S estimate,0.989276861,0.975237967,NA,NA,0.995306966
2022-04-30,QC,Anti-S estimate,0.989874334,0.976515855,NA,NA,0.995627417
2022-05-07,QC,Anti-S estimate,0.990391074,0.977469531,NA,NA,0.995909938
2022-05-14,QC,Anti-S estimate,0.990843561,0.978660078,NA,NA,0.99612951
2022-05-21,QC,Anti-S estimate,0.991245855,0.979308849,NA,NA,0.996323852
2022-05-28,QC,Anti-S estimate,0.991610353,0.980433832,NA,NA,0.996504481
2022-06-04,QC,Anti-S estimate,0.991948214,0.98117597,NA,NA,0.99670154
2022-06-11,QC,Anti-S estimate,0.992269519,0.98173632,NA,NA,0.996921967
2022-06-18,QC,Anti-S estimate,0.99258321,0.982540453,NA,NA,0.997114836
2022-06-25,QC,Anti-S estimate,0.992896851,0.983401337,NA,NA,0.997312404
2022-07-02,QC,Anti-S estimate,0.993215965,0.983796564,NA,NA,0.997523016
2022-07-09,QC,Anti-S estimate,0.993544134,0.984319305,NA,NA,0.997700976
2022-07-16,QC,Anti-S estimate,0.99388387,0.985038343,NA,NA,0.997869257
2022-07-23,QC,Anti-S estimate,0.994236856,0.98541377,NA,NA,0.998031724
2022-07-30,QC,Anti-S estimate,0.994603964,0.985984539,NA,NA,0.998221979
2022-08-06,QC,Anti-S estimate,0.994985137,0.986928551,NA,NA,0.998393588
2022-08-13,QC,Anti-S estimate,0.995379187,0.987710397,NA,NA,0.998579806
2022-08-20,QC,Anti-S estimate,0.995783593,0.98875061,NA,NA,0.998740209
2022-08-27,QC,Anti-S estimate,0.996194173,0.989705225,NA,NA,0.998894893
2022-09-03,QC,Anti-S estimate,0.996599887,0.99066404,NA,NA,0.999045071
2022-09-10,QC,Anti-S estimate,0.996985533,0.991692494,NA,NA,0.99918805
2022-09-17,QC,Anti-S estimate,0.997340589,0.992581494,NA,NA,0.999307337
2022-09-24,QC,Anti-S estimate,0.997659125,0.993436987,NA,NA,0.999405133
2022-10-01,QC,Anti-S estimate,0.997938847,0.994191666,NA,NA,0.999490268
2022-10-08,QC,Anti-S estimate,0.998180039,0.994797453,NA,NA,0.999566271
2022-10-15,QC,Anti-S estimate,0.998384594,0.995392577,NA,NA,0.999621819
2022-10-22,QC,Anti-S estimate,0.998555201,0.995836438,NA,NA,0.999669091
2022-10-29,QC,Anti-S estimate,0.998694782,0.996250138,NA,NA,0.999707873
2022-11-05,QC,Anti-S estimate,0.99880753,0.996547039,NA,NA,0.999740756
2022-11-12,QC,Anti-S estimate,0.998898467,0.996779881,NA,NA,0.999765442
2022-11-19,QC,Anti-S estimate,0.998971642,0.996981609,NA,NA,0.999785726
2022-11-26,QC,Anti-S estimate,0.999030306,0.997112503,NA,NA,0.999799723
2022-12-03,QC,Anti-S estimate,0.999077114,0.997205281,NA,NA,0.999807642
2022-12-10,QC,Anti-S estimate,0.999114289,0.997303102,NA,NA,0.999820235
2022-12-17,QC,Anti-S estimate,0.999143734,0.997405842,NA,NA,0.999829983
2022-12-24,QC,Anti-S estimate,0.999167089,0.997440338,NA,NA,0.999837666
2022-12-31,QC,Anti-S estimate,0.999185737,0.997485175,NA,NA,0.999841293
2023-01-07,QC,Anti-S estimate,0.999200598,0.997522527,NA,NA,0.999846127
2023-01-14,QC,Anti-S estimate,0.999212149,0.997555679,NA,NA,0.999852159
2023-01-21,QC,Anti-S estimate,0.999220785,0.997569761,NA,NA,0.999854001
2023-01-28,QC,Anti-S estimate,0.999226912,0.997611667,NA,NA,0.999858925
2023-02-04,QC,Anti-S estimate,0.999231001,0.997629247,NA,NA,0.999861092
2023-02-11,QC,Anti-S estimate,0.999233609,0.997605111,NA,NA,0.999864267
2023-02-18,QC,Anti-S estimate,0.999235371,0.997568207,NA,NA,0.999868413
2023-02-25,QC,Anti-S estimate,0.999236964,0.997554352,NA,NA,0.999868885
2023-03-04,QC,Anti-S estimate,0.999239028,0.99752394,NA,NA,0.999874049
2023-03-11,QC,Anti-S estimate,0.999241664,0.997542112,NA,NA,0.999878647
2023-03-18,QC,Anti-S estimate,0.999244368,0.997535487,NA,NA,0.999882163
2023-03-25,QC,Anti-S estimate,0.999246612,0.997470089,NA,NA,0.999885206
2023-04-01,QC,Anti-S estimate,0.999247954,0.997506212,NA,NA,0.999886459
2023-04-08,QC,Anti-S estimate,0.99924808,0.997466369,NA,NA,0.999890465
2023-04-15,QC,Anti-S estimate,0.999246822,0.997440699,NA,NA,0.999895819
2023-04-22,QC,Anti-S estimate,0.999244142,0.997383544,NA,NA,0.999899296
2023-04-29,QC,Anti-S estimate,0.999240099,0.997393684,NA,NA,0.99990233
2023-05-06,QC,Anti-S estimate,0.999234781,0.997336308,NA,NA,0.999903856
2023-05-13,QC,Anti-S estimate,0.999228248,0.997354423,NA,NA,0.999904852
2023-05-20,QC,Anti-S estimate,0.999220483,0.997322954,NA,NA,0.999904405
2023-05-27,QC,Anti-S estimate,0.99921139,0.997260654,NA,NA,0.999907514
2023-06-03,QC,Anti-S estimate,0.999200861,0.997214279,NA,NA,0.999907505
2023-06-10,QC,Anti-S estimate,0.999188826,0.997139773,NA,NA,0.99991194
2023-06-17,QC,Anti-S estimate,0.999175295,0.997126493,NA,NA,0.999916145
2023-06-24,QC,Anti-S estimate,0.999160378,0.997049064,NA,NA,0.999919466
2023-07-01,QC,Anti-S estimate,0.999144302,0.997019951,NA,NA,0.999923634
2023-07-08,QC,Anti-S estimate,0.999127396,0.996850309,NA,NA,0.99992591
2023-07-15,QC,Anti-S estimate,0.999109907,0.996762703,NA,NA,0.9999282
2023-07-22,QC,Anti-S estimate,0.999091879,0.996664436,NA,NA,0.999931538
2023-07-29,QC,Anti-S estimate,0.99907328,0.996512266,NA,NA,0.999933853
2023-08-05,QC,Anti-S estimate,0.99905402,0.996415698,NA,NA,0.999934703
2023-08-12,QC,Anti-S estimate,0.999033966,0.996299108,NA,NA,0.999937051
2023-08-19,QC,Anti-S estimate,0.999012948,0.99614514,NA,NA,0.999938791
2023-08-26,QC,Anti-S estimate,0.998990775,0.99594699,NA,NA,0.999941909
2023-09-02,QC,Anti-S estimate,0.998967239,0.99578788,NA,NA,0.999943322
2023-09-09,QC,Anti-S estimate,0.998942126,0.995555339,NA,NA,0.999946742
2023-09-16,QC,Anti-S estimate,0.998915225,0.995373318,NA,NA,0.999949099
2023-09-23,QC,Anti-S estimate,0.998886334,0.995057359,NA,NA,0.999951134
2023-09-30,QC,Anti-S estimate,0.998855265,0.99488834,NA,NA,0.999953486
2020-03-07,SK,Anti-N estimate,0.002612016,0.00114946,NA,NA,0.004737985
2020-03-14,SK,Anti-N estimate,0.002984584,0.001287943,NA,NA,0.005439543
2020-03-21,SK,Anti-N estimate,0.003368161,0.001428922,NA,NA,0.006205206
2020-03-28,SK,Anti-N estimate,0.003748313,0.001588491,NA,NA,0.007032271
2020-04-04,SK,Anti-N estimate,0.00410769,0.001750463,NA,NA,0.007699589
2020-04-11,SK,Anti-N estimate,0.004427229,0.001905665,NA,NA,0.008264262
2020-04-18,SK,Anti-N estimate,0.004688113,0.002098426,NA,NA,0.008695412
2020-04-25,SK,Anti-N estimate,0.004880631,0.002259917,NA,NA,0.008876366
2020-05-02,SK,Anti-N estimate,0.005007865,0.002449358,NA,NA,0.008771916
2020-05-09,SK,Anti-N estimate,0.005077607,0.002606248,NA,NA,0.008756745
2020-05-16,SK,Anti-N estimate,0.005100228,0.002733817,NA,NA,0.008625262
2020-05-23,SK,Anti-N estimate,0.005087135,0.002844712,NA,NA,0.008299999
2020-05-30,SK,Anti-N estimate,0.005049564,0.002929122,NA,NA,0.008125948
2020-06-06,SK,Anti-N estimate,0.004997788,0.002951819,NA,NA,0.008048237
2020-06-13,SK,Anti-N estimate,0.004940725,0.00285019,NA,NA,0.0078584
2020-06-20,SK,Anti-N estimate,0.004885881,0.00281736,NA,NA,0.007807613
2020-06-27,SK,Anti-N estimate,0.004839544,0.002742272,NA,NA,0.007721588
2020-07-04,SK,Anti-N estimate,0.004807188,0.002680675,NA,NA,0.007793763
2020-07-11,SK,Anti-N estimate,0.004794014,0.002633857,NA,NA,0.007821458
2020-07-18,SK,Anti-N estimate,0.004804514,0.002651681,NA,NA,0.007866224
2020-07-25,SK,Anti-N estimate,0.004839789,0.002730785,NA,NA,0.00787856
2020-08-01,SK,Anti-N estimate,0.004901109,0.002823458,NA,NA,0.007893948
2020-08-08,SK,Anti-N estimate,0.004990728,0.002889652,NA,NA,0.007950606
2020-08-15,SK,Anti-N estimate,0.005111614,0.003040743,NA,NA,0.008001476
2020-08-22,SK,Anti-N estimate,0.005267261,0.003183507,NA,NA,0.008040927
2020-08-29,SK,Anti-N estimate,0.005461555,0.003390216,NA,NA,0.00823223
2020-09-05,SK,Anti-N estimate,0.005698682,0.003600465,NA,NA,0.008429439
2020-09-12,SK,Anti-N estimate,0.005983075,0.003823837,NA,NA,0.008822472
2020-09-19,SK,Anti-N estimate,0.006319389,0.004071376,NA,NA,0.00929155
2020-09-26,SK,Anti-N estimate,0.006712521,0.004353947,NA,NA,0.009818412
2020-10-03,SK,Anti-N estimate,0.007167717,0.004675012,NA,NA,0.010429815
2020-10-10,SK,Anti-N estimate,0.007690699,0.005011143,NA,NA,0.011184484
2020-10-17,SK,Anti-N estimate,0.008286152,0.005437984,NA,NA,0.0120296
2020-10-24,SK,Anti-N estimate,0.008957913,0.005920455,NA,NA,0.012962604
2020-10-31,SK,Anti-N estimate,0.009710113,0.006481276,NA,NA,0.01383115
2020-11-07,SK,Anti-N estimate,0.010546751,0.007158329,NA,NA,0.014804306
2020-11-14,SK,Anti-N estimate,0.011471135,0.007919251,NA,NA,0.015843001
2020-11-21,SK,Anti-N estimate,0.012485188,0.008765549,NA,NA,0.017147613
2020-11-28,SK,Anti-N estimate,0.01358865,0.00962387,NA,NA,0.018568921
2020-12-05,SK,Anti-N estimate,0.014778163,0.0105216,NA,NA,0.020133409
2020-12-12,SK,Anti-N estimate,0.016046329,0.01142623,NA,NA,0.021869354
2020-12-19,SK,Anti-N estimate,0.017380785,0.012374189,NA,NA,0.023723924
2020-12-26,SK,Anti-N estimate,0.018763459,0.013275084,NA,NA,0.025602024
2021-01-02,SK,Anti-N estimate,0.020170142,0.014285725,NA,NA,0.027556
2021-01-09,SK,Anti-N estimate,0.021576397,0.015283332,NA,NA,0.029551102
2021-01-16,SK,Anti-N estimate,0.022970283,0.016282731,NA,NA,0.03129421
2021-01-23,SK,Anti-N estimate,0.024343427,0.017259525,NA,NA,0.032901209
2021-01-30,SK,Anti-N estimate,0.025688988,0.018364662,NA,NA,0.034656772
2021-02-06,SK,Anti-N estimate,0.027001654,0.019511292,NA,NA,0.03630618
2021-02-13,SK,Anti-N estimate,0.028277546,0.020634628,NA,NA,0.037704458
2021-02-20,SK,Anti-N estimate,0.029514079,0.021745526,NA,NA,0.039225465
2021-02-27,SK,Anti-N estimate,0.030709771,0.022670458,NA,NA,0.040509022
2021-03-06,SK,Anti-N estimate,0.031864048,0.023694175,NA,NA,0.041896473
2021-03-13,SK,Anti-N estimate,0.032977049,0.024461085,NA,NA,0.043056612
2021-03-20,SK,Anti-N estimate,0.034049463,0.02533585,NA,NA,0.044575679
2021-03-27,SK,Anti-N estimate,0.035082406,0.026085881,NA,NA,0.04584269
2021-04-03,SK,Anti-N estimate,0.036077353,0.026833847,NA,NA,0.047218706
2021-04-10,SK,Anti-N estimate,0.037036142,0.027330627,NA,NA,0.04861967
2021-04-17,SK,Anti-N estimate,0.037961044,0.027844441,NA,NA,0.049990582
2021-04-24,SK,Anti-N estimate,0.038854926,0.028580077,NA,NA,0.050938357
2021-05-01,SK,Anti-N estimate,0.039721169,0.02925854,NA,NA,0.052072225
2021-05-08,SK,Anti-N estimate,0.040558723,0.030062521,NA,NA,0.052909684
2021-05-15,SK,Anti-N estimate,0.041362689,0.030800204,NA,NA,0.053586395
2021-05-22,SK,Anti-N estimate,0.042128377,0.031476419,NA,NA,0.054586227
2021-05-29,SK,Anti-N estimate,0.042851223,0.032146099,NA,NA,0.054947611
2021-06-05,SK,Anti-N estimate,0.043526606,0.032772962,NA,NA,0.055675291
2021-06-12,SK,Anti-N estimate,0.044149683,0.033468765,NA,NA,0.056303023
2021-06-19,SK,Anti-N estimate,0.044715268,0.033814853,NA,NA,0.057142331
2021-06-26,SK,Anti-N estimate,0.045217744,0.034415915,NA,NA,0.057739732
2021-07-03,SK,Anti-N estimate,0.045651038,0.03480923,NA,NA,0.058429928
2021-07-10,SK,Anti-N estimate,0.04600864,0.0351952,NA,NA,0.058951593
2021-07-17,SK,Anti-N estimate,0.046283692,0.035121161,NA,NA,0.0592874
2021-07-24,SK,Anti-N estimate,0.046469134,0.034892607,NA,NA,0.059820214
2021-07-31,SK,Anti-N estimate,0.046557911,0.034737444,NA,NA,0.060388773
2021-08-07,SK,Anti-N estimate,0.046543248,0.034627554,NA,NA,0.06045142
2021-08-14,SK,Anti-N estimate,0.046418974,0.034511654,NA,NA,0.060379169
2021-08-21,SK,Anti-N estimate,0.046179894,0.034193174,NA,NA,0.059933814
2021-08-28,SK,Anti-N estimate,0.045832007,0.033999815,NA,NA,0.059190547
2021-09-04,SK,Anti-N estimate,0.045421485,0.033927348,NA,NA,0.058443442
2021-09-11,SK,Anti-N estimate,0.045003491,0.033805018,NA,NA,0.0577
2021-09-18,SK,Anti-N estimate,0.04463154,0.033712922,NA,NA,0.056806722
2021-09-25,SK,Anti-N estimate,0.044357456,0.033843007,NA,NA,0.056132572
2021-10-02,SK,Anti-N estimate,0.044231963,0.034025075,NA,NA,0.055739129
2021-10-09,SK,Anti-N estimate,0.044305889,0.034486592,NA,NA,0.055785017
2021-10-16,SK,Anti-N estimate,0.044631975,0.034664131,NA,NA,0.056174489
2021-10-23,SK,Anti-N estimate,0.04526732,0.035345089,NA,NA,0.056841866
2021-10-30,SK,Anti-N estimate,0.046276562,0.036165765,NA,NA,0.058102029
2021-11-06,SK,Anti-N estimate,0.047735973,0.03727213,NA,NA,0.059684484
2021-11-13,SK,Anti-N estimate,0.049738735,0.039005361,NA,NA,0.062111673
2021-11-20,SK,Anti-N estimate,0.052401845,0.041131349,NA,NA,0.065232947
2021-11-27,SK,Anti-N estimate,0.055875235,0.044090632,NA,NA,0.069682894
2021-12-04,SK,Anti-N estimate,0.060353942,0.048043757,NA,NA,0.074882159
2021-12-11,SK,Anti-N estimate,0.066094457,0.053028956,NA,NA,0.081276093
2021-12-18,SK,Anti-N estimate,0.073432807,0.059514429,NA,NA,0.089246675
2021-12-25,SK,Anti-N estimate,0.082674921,0.067950333,NA,NA,0.098925719
2022-01-01,SK,Anti-N estimate,0.094011071,0.078930566,NA,NA,0.110854172
2022-01-08,SK,Anti-N estimate,0.107598622,0.091958591,NA,NA,0.125050243
2022-01-15,SK,Anti-N estimate,0.123528865,0.106904543,NA,NA,0.14169702
2022-01-22,SK,Anti-N estimate,0.141780103,0.123669764,NA,NA,0.161271657
2022-01-29,SK,Anti-N estimate,0.16217149,0.142013381,NA,NA,0.183440093
2022-02-05,SK,Anti-N estimate,0.184326964,0.161875745,NA,NA,0.207863262
2022-02-12,SK,Anti-N estimate,0.207659173,0.183296798,NA,NA,0.233005096
2022-02-19,SK,Anti-N estimate,0.231388674,0.205310063,NA,NA,0.257970093
2022-02-26,SK,Anti-N estimate,0.254877017,0.228491172,NA,NA,0.282366858
2022-03-05,SK,Anti-N estimate,0.277823103,0.250684984,NA,NA,0.305094442
2022-03-12,SK,Anti-N estimate,0.299999944,0.27275178,NA,NA,0.327115497
2022-03-19,SK,Anti-N estimate,0.321235203,0.294343468,NA,NA,0.348408539
2022-03-26,SK,Anti-N estimate,0.341408482,0.31432953,NA,NA,0.368740998
2022-04-02,SK,Anti-N estimate,0.360447395,0.331843969,NA,NA,0.388244775
2022-04-09,SK,Anti-N estimate,0.378323001,0.349150882,NA,NA,0.40706124
2022-04-16,SK,Anti-N estimate,0.395044886,0.365394103,NA,NA,0.425582663
2022-04-23,SK,Anti-N estimate,0.410655176,0.380502606,NA,NA,0.441375816
2022-04-30,SK,Anti-N estimate,0.425194979,0.395619687,NA,NA,0.455699214
2022-05-07,SK,Anti-N estimate,0.438690284,0.409507675,NA,NA,0.468115888
2022-05-14,SK,Anti-N estimate,0.451178165,0.422511948,NA,NA,0.479780507
2022-05-21,SK,Anti-N estimate,0.462705509,0.434375962,NA,NA,0.490172167
2022-05-28,SK,Anti-N estimate,0.473326913,0.444384282,NA,NA,0.500672273
2022-06-04,SK,Anti-N estimate,0.483103336,0.45313417,NA,NA,0.51116212
2022-06-11,SK,Anti-N estimate,0.492101128,0.461065207,NA,NA,0.52108429
2022-06-18,SK,Anti-N estimate,0.500391138,0.468631114,NA,NA,0.530401125
2022-06-25,SK,Anti-N estimate,0.508049081,0.476011308,NA,NA,0.53797748
2022-07-02,SK,Anti-N estimate,0.515197579,0.483380009,NA,NA,0.544947794
2022-07-09,SK,Anti-N estimate,0.522013543,0.491399389,NA,NA,0.55146767
2022-07-16,SK,Anti-N estimate,0.528676458,0.498953616,NA,NA,0.558787497
2022-07-23,SK,Anti-N estimate,0.53536493,0.5047044,NA,NA,0.565802567
2022-07-30,SK,Anti-N estimate,0.542256613,0.511214191,NA,NA,0.573284047
2022-08-06,SK,Anti-N estimate,0.549528066,0.516726248,NA,NA,0.582812382
2022-08-13,SK,Anti-N estimate,0.557354284,0.522666664,NA,NA,0.592426912
2022-08-20,SK,Anti-N estimate,0.565907648,0.530483219,NA,NA,0.601491601
2022-08-27,SK,Anti-N estimate,0.575350862,0.539691006,NA,NA,0.610475283
2022-09-03,SK,Anti-N estimate,0.585672626,0.550590199,NA,NA,0.619871597
2022-09-10,SK,Anti-N estimate,0.596655805,0.563090928,NA,NA,0.630291551
2022-09-17,SK,Anti-N estimate,0.608070821,0.576316289,NA,NA,0.64044166
2022-09-24,SK,Anti-N estimate,0.619691278,0.588695403,NA,NA,0.651484585
2022-10-01,SK,Anti-N estimate,0.63129799,0.60070408,NA,NA,0.663557842
2022-10-08,SK,Anti-N estimate,0.642682705,0.611343223,NA,NA,0.675909109
2022-10-15,SK,Anti-N estimate,0.653650714,0.620383992,NA,NA,0.687230624
2022-10-22,SK,Anti-N estimate,0.664021675,0.62969467,NA,NA,0.697830234
2022-10-29,SK,Anti-N estimate,0.673631039,0.638650136,NA,NA,0.706735346
2022-11-05,SK,Anti-N estimate,0.682415967,0.648313103,NA,NA,0.71425464
2022-11-12,SK,Anti-N estimate,0.690425167,0.657716373,NA,NA,0.720632781
2022-11-19,SK,Anti-N estimate,0.697710791,0.666380889,NA,NA,0.726651624
2022-11-26,SK,Anti-N estimate,0.704323948,0.673921063,NA,NA,0.732285666
2022-12-03,SK,Anti-N estimate,0.710316439,0.680485738,NA,NA,0.738254529
2022-12-10,SK,Anti-N estimate,0.715741619,0.68502348,NA,NA,0.744615702
2022-12-17,SK,Anti-N estimate,0.720654214,0.689231781,NA,NA,0.750187431
2022-12-24,SK,Anti-N estimate,0.725109022,0.694133346,NA,NA,0.75509931
2022-12-31,SK,Anti-N estimate,0.729159461,0.698079196,NA,NA,0.757978038
2023-01-07,SK,Anti-N estimate,0.732885407,0.702594721,NA,NA,0.760833908
2023-01-14,SK,Anti-N estimate,0.736398261,0.70717873,NA,NA,0.762886347
2023-01-21,SK,Anti-N estimate,0.739807303,0.711685459,NA,NA,0.766028293
2023-01-28,SK,Anti-N estimate,0.743220508,0.71537611,NA,NA,0.76950749
2023-02-04,SK,Anti-N estimate,0.746746328,0.718421119,NA,NA,0.773826927
2023-02-11,SK,Anti-N estimate,0.750494076,0.721220994,NA,NA,0.778783885
2023-02-18,SK,Anti-N estimate,0.754572839,0.724257457,NA,NA,0.783771602
2023-02-25,SK,Anti-N estimate,0.759088904,0.727672173,NA,NA,0.788749274
2023-03-04,SK,Anti-N estimate,0.764136891,0.733022129,NA,NA,0.793267788
2023-03-11,SK,Anti-N estimate,0.769645258,0.739387451,NA,NA,0.797569648
2023-03-18,SK,Anti-N estimate,0.775355464,0.745962358,NA,NA,0.802100375
2023-03-25,SK,Anti-N estimate,0.781010668,0.752896471,NA,NA,0.80645121
2023-04-01,SK,Anti-N estimate,0.786371674,0.759227848,NA,NA,0.811010882
2023-04-08,SK,Anti-N estimate,0.791218776,0.765326963,NA,NA,0.815800711
2023-04-15,SK,Anti-N estimate,0.795350691,0.769694514,NA,NA,0.820519681
2023-04-22,SK,Anti-N estimate,0.798580506,0.772229924,NA,NA,0.82447307
2023-04-29,SK,Anti-N estimate,0.800728704,0.773830625,NA,NA,0.82741155
2023-05-06,SK,Anti-N estimate,0.801619131,0.774310542,NA,NA,0.828269073
2023-05-13,SK,Anti-N estimate,0.801251276,0.77445583,NA,NA,0.827599269
2023-05-20,SK,Anti-N estimate,0.799833667,0.774238586,NA,NA,0.825659122
2023-05-27,SK,Anti-N estimate,0.797576892,0.773308124,NA,NA,0.822033595
2023-06-03,SK,Anti-N estimate,0.794690117,0.77149039,NA,NA,0.818753058
2023-06-10,SK,Anti-N estimate,0.791388789,0.768336455,NA,NA,0.815040836
2023-06-17,SK,Anti-N estimate,0.787899766,0.764608397,NA,NA,0.811244921
2023-06-24,SK,Anti-N estimate,0.784463855,0.760316737,NA,NA,0.808649696
2023-07-01,SK,Anti-N estimate,0.781335733,0.755856934,NA,NA,0.806175444
2023-07-08,SK,Anti-N estimate,0.778777185,0.75274457,NA,NA,0.80412388
2023-07-15,SK,Anti-N estimate,0.776919597,0.750012769,NA,NA,0.802515232
2023-07-22,SK,Anti-N estimate,0.775726292,0.74832343,NA,NA,0.801712228
2023-07-29,SK,Anti-N estimate,0.775143719,0.747952305,NA,NA,0.800836587
2023-08-05,SK,Anti-N estimate,0.775112796,0.748715549,NA,NA,0.800030439
2023-08-12,SK,Anti-N estimate,0.775570455,0.749218192,NA,NA,0.799700614
2023-08-19,SK,Anti-N estimate,0.776450997,0.751557276,NA,NA,0.800262115
2023-08-26,SK,Anti-N estimate,0.777687287,0.753819755,NA,NA,0.800700872
2023-09-02,SK,Anti-N estimate,0.77921179,0.755793042,NA,NA,0.801498353
2023-09-09,SK,Anti-N estimate,0.780957464,0.757505089,NA,NA,0.802979143
2023-09-16,SK,Anti-N estimate,0.782858498,0.758411181,NA,NA,0.805965995
2023-09-23,SK,Anti-N estimate,0.7848509,0.758921823,NA,NA,0.80969027
2023-09-30,SK,Anti-N estimate,0.786872923,0.758367364,NA,NA,0.813338558
2020-03-07,SK,Anti-S estimate,0.003202695,0.000944573,NA,NA,0.010676695
2020-03-14,SK,Anti-S estimate,0.003636553,0.001060336,NA,NA,0.012064705
2020-03-21,SK,Anti-S estimate,0.004079313,0.001180277,NA,NA,0.013333713
2020-03-28,SK,Anti-S estimate,0.004514745,0.001293017,NA,NA,0.014548298
2020-04-04,SK,Anti-S estimate,0.004923834,0.001425003,NA,NA,0.015905624
2020-04-11,SK,Anti-S estimate,0.005286059,0.001542456,NA,NA,0.016992176
2020-04-18,SK,Anti-S estimate,0.005581403,0.001683032,NA,NA,0.017520825
2020-04-25,SK,Anti-S estimate,0.005799905,0.001819295,NA,NA,0.018400335
2020-05-02,SK,Anti-S estimate,0.005945457,0.00197072,NA,NA,0.018475068
2020-05-09,SK,Anti-S estimate,0.006026821,0.002082146,NA,NA,0.018587255
2020-05-16,SK,Anti-S estimate,0.006055399,0.002226333,NA,NA,0.018595745
2020-05-23,SK,Anti-S estimate,0.006043662,0.002271374,NA,NA,0.018667607
2020-05-30,SK,Anti-S estimate,0.006003922,0.002281466,NA,NA,0.018629441
2020-06-06,SK,Anti-S estimate,0.005947517,0.002322255,NA,NA,0.018224411
2020-06-13,SK,Anti-S estimate,0.005884398,0.002267568,NA,NA,0.018243813
2020-06-20,SK,Anti-S estimate,0.005823064,0.002198585,NA,NA,0.018254321
2020-06-27,SK,Anti-S estimate,0.005770761,0.002132553,NA,NA,0.018060724
2020-07-04,SK,Anti-S estimate,0.005733886,0.002099024,NA,NA,0.017827731
2020-07-11,SK,Anti-S estimate,0.005718569,0.002059081,NA,NA,0.017834164
2020-07-18,SK,Anti-S estimate,0.005730094,0.002067271,NA,NA,0.018076363
2020-07-25,SK,Anti-S estimate,0.00576975,0.002105692,NA,NA,0.018333525
2020-08-01,SK,Anti-S estimate,0.005838887,0.002160255,NA,NA,0.018517775
2020-08-08,SK,Anti-S estimate,0.00593988,0.002261464,NA,NA,0.01842776
2020-08-15,SK,Anti-S estimate,0.006075833,0.002370606,NA,NA,0.01874846
2020-08-22,SK,Anti-S estimate,0.006250371,0.002493981,NA,NA,0.019067652
2020-08-29,SK,Anti-S estimate,0.006467483,0.002655346,NA,NA,0.019787931
2020-09-05,SK,Anti-S estimate,0.006731413,0.002817832,NA,NA,0.020473974
2020-09-12,SK,Anti-S estimate,0.007046589,0.002968561,NA,NA,0.021201757
2020-09-19,SK,Anti-S estimate,0.00741758,0.003124678,NA,NA,0.022043972
2020-09-26,SK,Anti-S estimate,0.007849115,0.003324565,NA,NA,0.022882123
2020-10-03,SK,Anti-S estimate,0.008346176,0.003573193,NA,NA,0.024190548
2020-10-10,SK,Anti-S estimate,0.008914112,0.003808823,NA,NA,0.025597927
2020-10-17,SK,Anti-S estimate,0.009556926,0.004104282,NA,NA,0.026960812
2020-10-24,SK,Anti-S estimate,0.010277472,0.004496163,NA,NA,0.028541979
2020-10-31,SK,Anti-S estimate,0.011078724,0.004941928,NA,NA,0.030579714
2020-11-07,SK,Anti-S estimate,0.011963358,0.005415229,NA,NA,0.032868701
2020-11-14,SK,Anti-S estimate,0.012933185,0.00586057,NA,NA,0.034658047
2020-11-21,SK,Anti-S estimate,0.013988511,0.006456244,NA,NA,0.037205878
2020-11-28,SK,Anti-S estimate,0.015127401,0.007068517,NA,NA,0.03919841
2020-12-05,SK,Anti-S estimate,0.016344897,0.007772502,NA,NA,0.042106944
2020-12-12,SK,Anti-S estimate,0.017632222,0.008519041,NA,NA,0.044706233
2020-12-19,SK,Anti-S estimate,0.018976059,0.009206848,NA,NA,0.047411933
2020-12-26,SK,Anti-S estimate,0.020357999,0.009965249,NA,NA,0.050135289
2021-01-02,SK,Anti-S estimate,0.021754302,0.010670112,NA,NA,0.052444786
2021-01-09,SK,Anti-S estimate,0.02570125,0.012734527,NA,NA,0.059576669
2021-01-16,SK,Anti-S estimate,0.030219794,0.015330677,NA,NA,0.067492882
2021-01-23,SK,Anti-S estimate,0.035398913,0.018348683,NA,NA,0.076096979
2021-01-30,SK,Anti-S estimate,0.041349663,0.021843305,NA,NA,0.084724172
2021-02-06,SK,Anti-S estimate,0.048210507,0.025901855,NA,NA,0.093525539
2021-02-13,SK,Anti-S estimate,0.056153482,0.030888405,NA,NA,0.103738969
2021-02-20,SK,Anti-S estimate,0.06539126,0.036795405,NA,NA,0.11642336
2021-02-27,SK,Anti-S estimate,0.076184997,0.043977831,NA,NA,0.131759392
2021-03-06,SK,Anti-S estimate,0.088852646,0.052365808,NA,NA,0.14815316
2021-03-13,SK,Anti-S estimate,0.103776972,0.06230251,NA,NA,0.167866218
2021-03-20,SK,Anti-S estimate,0.121411783,0.075245688,NA,NA,0.188962692
2021-03-27,SK,Anti-S estimate,0.142283884,0.089940617,NA,NA,0.215037446
2021-04-03,SK,Anti-S estimate,0.166986815,0.108300813,NA,NA,0.244458341
2021-04-10,SK,Anti-S estimate,0.19616089,0.131125742,NA,NA,0.27886317
2021-04-17,SK,Anti-S estimate,0.230452804,0.157994331,NA,NA,0.318316857
2021-04-24,SK,Anti-S estimate,0.270448282,0.191166231,NA,NA,0.362926314
2021-05-01,SK,Anti-S estimate,0.316552251,0.230818141,NA,NA,0.412294052
2021-05-08,SK,Anti-S estimate,0.368482953,0.277112595,NA,NA,0.467859422
2021-05-15,SK,Anti-S estimate,0.425129757,0.330673433,NA,NA,0.525087637
2021-05-22,SK,Anti-S estimate,0.484860004,0.389765389,NA,NA,0.583093169
2021-05-29,SK,Anti-S estimate,0.545701284,0.447574472,NA,NA,0.642187553
2021-06-05,SK,Anti-S estimate,0.60557914,0.508343346,NA,NA,0.696145995
2021-06-12,SK,Anti-S estimate,0.662554531,0.566587736,NA,NA,0.747885338
2021-06-19,SK,Anti-S estimate,0.715018569,0.621679823,NA,NA,0.793887301
2021-06-26,SK,Anti-S estimate,0.761826876,0.672623145,NA,NA,0.834133196
2021-07-03,SK,Anti-S estimate,0.802362292,0.719269977,NA,NA,0.867269176
2021-07-10,SK,Anti-S estimate,0.836516686,0.759097299,NA,NA,0.894854497
2021-07-17,SK,Anti-S estimate,0.864598519,0.793249963,NA,NA,0.916325056
2021-07-24,SK,Anti-S estimate,0.887195248,0.821673768,NA,NA,0.932442453
2021-07-31,SK,Anti-S estimate,0.905029682,0.844272702,NA,NA,0.944771797
2021-08-07,SK,Anti-S estimate,0.918840974,0.862667704,NA,NA,0.953601067
2021-08-14,SK,Anti-S estimate,0.929303287,0.877263859,NA,NA,0.960828912
2021-08-21,SK,Anti-S estimate,0.936979804,0.887932899,NA,NA,0.965699483
2021-08-28,SK,Anti-S estimate,0.942353296,0.895912862,NA,NA,0.968976342
2021-09-04,SK,Anti-S estimate,0.945950859,0.901873667,NA,NA,0.971094955
2021-09-11,SK,Anti-S estimate,0.948180483,0.905113946,NA,NA,0.971977728
2021-09-18,SK,Anti-S estimate,0.949329736,0.906819373,NA,NA,0.972622933
2021-09-25,SK,Anti-S estimate,0.94960802,0.907732514,NA,NA,0.972458022
2021-10-02,SK,Anti-S estimate,0.949176638,0.907147905,NA,NA,0.97203097
2021-10-09,SK,Anti-S estimate,0.948170862,0.905419886,NA,NA,0.971301948
2021-10-16,SK,Anti-S estimate,0.946716653,0.903698451,NA,NA,0.970321428
2021-10-23,SK,Anti-S estimate,0.944943499,0.900981542,NA,NA,0.969107708
2021-10-30,SK,Anti-S estimate,0.942993916,0.898262117,NA,NA,0.967738186
2021-11-06,SK,Anti-S estimate,0.941029518,0.894514044,NA,NA,0.966400848
2021-11-13,SK,Anti-S estimate,0.939233083,0.892803861,NA,NA,0.965207
2021-11-20,SK,Anti-S estimate,0.937805905,0.890103801,NA,NA,0.964246119
2021-11-27,SK,Anti-S estimate,0.936959756,0.889630615,NA,NA,0.964080278
2021-12-04,SK,Anti-S estimate,0.936903174,0.889828346,NA,NA,0.96405582
2021-12-11,SK,Anti-S estimate,0.937822386,0.891140438,NA,NA,0.964724079
2021-12-18,SK,Anti-S estimate,0.939853433,0.89324713,NA,NA,0.96587537
2021-12-25,SK,Anti-S estimate,0.94291624,0.897226285,NA,NA,0.967884743
2022-01-01,SK,Anti-S estimate,0.946712481,0.903085861,NA,NA,0.970291704
2022-01-08,SK,Anti-S estimate,0.950940979,0.908823874,NA,NA,0.972989747
2022-01-15,SK,Anti-S estimate,0.955333464,0.915982805,NA,NA,0.975570761
2022-01-22,SK,Anti-S estimate,0.959669343,0.923334536,NA,NA,0.978255175
2022-01-29,SK,Anti-S estimate,0.963781399,0.929868164,NA,NA,0.980698488
2022-02-05,SK,Anti-S estimate,0.967554096,0.935801886,NA,NA,0.982882827
2022-02-12,SK,Anti-S estimate,0.97091674,0.941530235,NA,NA,0.984762168
2022-02-19,SK,Anti-S estimate,0.97383501,0.946614006,NA,NA,0.986448767
2022-02-26,SK,Anti-S estimate,0.97633476,0.950750956,NA,NA,0.98771908
2022-03-05,SK,Anti-S estimate,0.978484311,0.954874073,NA,NA,0.988976405
2022-03-12,SK,Anti-S estimate,0.980341891,0.958254813,NA,NA,0.990016098
2022-03-19,SK,Anti-S estimate,0.981955531,0.96175838,NA,NA,0.99085031
2022-03-26,SK,Anti-S estimate,0.983365253,0.964725583,NA,NA,0.991759025
2022-04-02,SK,Anti-S estimate,0.984604642,0.967468616,NA,NA,0.992513865
2022-04-09,SK,Anti-S estimate,0.985701981,0.969503088,NA,NA,0.993106594
2022-04-16,SK,Anti-S estimate,0.986681058,0.971163679,NA,NA,0.993604488
2022-04-23,SK,Anti-S estimate,0.987561664,0.973065245,NA,NA,0.99410722
2022-04-30,SK,Anti-S estimate,0.988358274,0.974454487,NA,NA,0.994575373
2022-05-07,SK,Anti-S estimate,0.989080796,0.976015244,NA,NA,0.995001847
2022-05-14,SK,Anti-S estimate,0.98973766,0.977407262,NA,NA,0.9954043
2022-05-21,SK,Anti-S estimate,0.990336374,0.978315296,NA,NA,0.995758165
2022-05-28,SK,Anti-S estimate,0.990883757,0.979379788,NA,NA,0.996053121
2022-06-04,SK,Anti-S estimate,0.991386045,0.980275662,NA,NA,0.996344389
2022-06-11,SK,Anti-S estimate,0.99184891,0.98106784,NA,NA,0.996624639
2022-06-18,SK,Anti-S estimate,0.992277417,0.982063196,NA,NA,0.996887279
2022-06-25,SK,Anti-S estimate,0.992675981,0.982943196,NA,NA,0.997126415
2022-07-02,SK,Anti-S estimate,0.993049401,0.983837524,NA,NA,0.997358461
2022-07-09,SK,Anti-S estimate,0.993402955,0.984537216,NA,NA,0.997553036
2022-07-16,SK,Anti-S estimate,0.993741187,0.985186499,NA,NA,0.997752133
2022-07-23,SK,Anti-S estimate,0.994068042,0.985836997,NA,NA,0.997916471
2022-07-30,SK,Anti-S estimate,0.994386963,0.986596771,NA,NA,0.998104858
2022-08-06,SK,Anti-S estimate,0.994700901,0.987138042,NA,NA,0.998261253
2022-08-13,SK,Anti-S estimate,0.995012259,0.98773265,NA,NA,0.998416436
2022-08-20,SK,Anti-S estimate,0.995322788,0.988478251,NA,NA,0.998568189
2022-08-27,SK,Anti-S estimate,0.995633368,0.989019278,NA,NA,0.998699093
2022-09-03,SK,Anti-S estimate,0.995940998,0.989653105,NA,NA,0.998809404
2022-09-10,SK,Anti-S estimate,0.996239443,0.990454472,NA,NA,0.998926216
2022-09-17,SK,Anti-S estimate,0.996523692,0.991175854,NA,NA,0.999023201
2022-09-24,SK,Anti-S estimate,0.996790177,0.99176111,NA,NA,0.999119515
2022-10-01,SK,Anti-S estimate,0.997036623,0.992343929,NA,NA,0.999208002
2022-10-08,SK,Anti-S estimate,0.997261811,0.992826936,NA,NA,0.999286209
2022-10-15,SK,Anti-S estimate,0.997465331,0.993226862,NA,NA,0.999361181
2022-10-22,SK,Anti-S estimate,0.99764732,0.99368946,NA,NA,0.999420522
2022-10-29,SK,Anti-S estimate,0.997808259,0.994052652,NA,NA,0.999468473
2022-11-05,SK,Anti-S estimate,0.997949594,0.994325139,NA,NA,0.999510642
2022-11-12,SK,Anti-S estimate,0.998073582,0.994603464,NA,NA,0.999548273
2022-11-19,SK,Anti-S estimate,0.998182369,0.994875168,NA,NA,0.999581462
2022-11-26,SK,Anti-S estimate,0.998277915,0.995118159,NA,NA,0.999614973
2022-12-03,SK,Anti-S estimate,0.998361952,0.995318584,NA,NA,0.999638072
2022-12-10,SK,Anti-S estimate,0.998436028,0.995556234,NA,NA,0.999661565
2022-12-17,SK,Anti-S estimate,0.998501522,0.995711306,NA,NA,0.999682267
2022-12-24,SK,Anti-S estimate,0.998559647,0.995829818,NA,NA,0.999697454
2022-12-31,SK,Anti-S estimate,0.998611436,0.99588189,NA,NA,0.999710997
2023-01-07,SK,Anti-S estimate,0.998657908,0.996001297,NA,NA,0.999724738
2023-01-14,SK,Anti-S estimate,0.998700112,0.996085391,NA,NA,0.999739508
2023-01-21,SK,Anti-S estimate,0.998738979,0.996188341,NA,NA,0.999751593
2023-01-28,SK,Anti-S estimate,0.998775374,0.996267025,NA,NA,0.999758426
2023-02-04,SK,Anti-S estimate,0.998810135,0.996371338,NA,NA,0.999773472
2023-02-11,SK,Anti-S estimate,0.998844084,0.99649427,NA,NA,0.999783496
2023-02-18,SK,Anti-S estimate,0.99887802,0.996590554,NA,NA,0.999794427
2023-02-25,SK,Anti-S estimate,0.998912686,0.996698829,NA,NA,0.99980613
2023-03-04,SK,Anti-S estimate,0.998948696,0.996835165,NA,NA,0.999813358
2023-03-11,SK,Anti-S estimate,0.998985568,0.996927744,NA,NA,0.999824675
2023-03-18,SK,Anti-S estimate,0.999021699,0.997048529,NA,NA,0.99983417
2023-03-25,SK,Anti-S estimate,0.999055621,0.997144125,NA,NA,0.999842997
2023-04-01,SK,Anti-S estimate,0.999086085,0.997237357,NA,NA,0.999850514
2023-04-08,SK,Anti-S estimate,0.999112042,0.997266593,NA,NA,0.999858069
2023-04-15,SK,Anti-S estimate,0.999132593,0.997285542,NA,NA,0.999865875
2023-04-22,SK,Anti-S estimate,0.999146921,0.997313905,NA,NA,0.999872132
2023-04-29,SK,Anti-S estimate,0.999154203,0.997317199,NA,NA,0.999874734
2023-05-06,SK,Anti-S estimate,0.999153543,0.997294543,NA,NA,0.999878448
2023-05-13,SK,Anti-S estimate,0.999144867,0.99721716,NA,NA,0.999881498
2023-05-20,SK,Anti-S estimate,0.999129122,0.997184046,NA,NA,0.999883731
2023-05-27,SK,Anti-S estimate,0.999107203,0.997056167,NA,NA,0.999886471
2023-06-03,SK,Anti-S estimate,0.999079987,0.996947451,NA,NA,0.999892049
2023-06-10,SK,Anti-S estimate,0.999048419,0.996812275,NA,NA,0.999894355
2023-06-17,SK,Anti-S estimate,0.999013592,0.996561525,NA,NA,0.999895849
2023-06-24,SK,Anti-S estimate,0.998976808,0.996480348,NA,NA,0.999897368
2023-07-01,SK,Anti-S estimate,0.99893962,0.996299225,NA,NA,0.999897043
2023-07-08,SK,Anti-S estimate,0.998903815,0.996111144,NA,NA,0.999900418
2023-07-15,SK,Anti-S estimate,0.998870481,0.995927924,NA,NA,0.999902179
2023-07-22,SK,Anti-S estimate,0.998839606,0.995792985,NA,NA,0.999905005
2023-07-29,SK,Anti-S estimate,0.998811033,0.995611304,NA,NA,0.999910471
2023-08-05,SK,Anti-S estimate,0.998784535,0.995357078,NA,NA,0.999913886
2023-08-12,SK,Anti-S estimate,0.998759818,0.995206378,NA,NA,0.999917209
2023-08-19,SK,Anti-S estimate,0.998736539,0.995021678,NA,NA,0.99991842
2023-08-26,SK,Anti-S estimate,0.998714313,0.994865957,NA,NA,0.999921693
2023-09-02,SK,Anti-S estimate,0.998692723,0.994681731,NA,NA,0.999925996
2023-09-09,SK,Anti-S estimate,0.998671328,0.99451557,NA,NA,0.999929861
2023-09-16,SK,Anti-S estimate,0.998649668,0.994179882,NA,NA,0.999934022
2023-09-23,SK,Anti-S estimate,0.998627268,0.994002126,NA,NA,0.999938954
2023-09-30,SK,Anti-S estimate,0.998603641,0.993906609,NA,NA,0.999942564
2020-03-07,Western,Anti-N estimate,0.003033134,0.00140768,0.233466756,0.36235133,0.005120866
2020-03-14,Western,Anti-N estimate,0.003494231,0.00158148,0.267073721,0.418943554,0.005982286
2020-03-21,Western,Anti-N estimate,0.003978875,0.001760137,0.303065587,0.478570656,0.006886812
2020-03-28,Western,Anti-N estimate,0.004471839,0.001947899,0.338614677,0.538440435,0.007918508
2020-04-04,Western,Anti-N estimate,0.004954271,0.002154556,0.375259312,0.593949775,0.00875613
2020-04-11,Western,Anti-N estimate,0.005403586,0.002404287,0.411135767,0.645846063,0.009536624
2020-04-18,Western,Anti-N estimate,0.005797239,0.002647871,0.444680645,0.688329975,0.010228435
2020-04-25,Western,Anti-N estimate,0.006121804,0.002926903,0.47605735,0.722543816,0.010620117
2020-05-02,Western,Anti-N estimate,0.006378123,0.003234571,0.505923999,0.74629304,0.01064275
2020-05-09,Western,Anti-N estimate,0.006572565,0.003506096,0.531664224,0.760825484,0.010626542
2020-05-16,Western,Anti-N estimate,0.006714864,0.003735969,0.550111827,0.775313774,0.010595708
2020-05-23,Western,Anti-N estimate,0.006816507,0.003963498,0.564416064,0.783046575,0.01048548
2020-05-30,Western,Anti-N estimate,0.0068894,0.004155228,0.576512393,0.788054345,0.010373434
2020-06-06,Western,Anti-N estimate,0.006944917,0.004257427,0.582644915,0.795348653,0.0103476
2020-06-13,Western,Anti-N estimate,0.006993363,0.004292796,0.584728846,0.800363086,0.010388631
2020-06-20,Western,Anti-N estimate,0.007043819,0.00423762,0.58339075,0.805444618,0.010591623
2020-06-27,Western,Anti-N estimate,0.007104313,0.004213639,0.583077604,0.821372227,0.01085366
2020-07-04,Western,Anti-N estimate,0.00718242,0.004161879,0.585220394,0.829982941,0.011245813
2020-07-11,Western,Anti-N estimate,0.007285434,0.004182107,0.593221808,0.843674665,0.01156997
2020-07-18,Western,Anti-N estimate,0.00742033,0.004257528,0.602852701,0.857191288,0.011809445
2020-07-25,Western,Anti-N estimate,0.00758853,0.004422259,0.621593758,0.876099866,0.011946154
2020-08-01,Western,Anti-N estimate,0.007791444,0.004669702,0.642450448,0.898145204,0.012112348
2020-08-08,Western,Anti-N estimate,0.008031757,0.004947565,0.667926508,0.917559801,0.012316077
2020-08-15,Western,Anti-N estimate,0.008312918,0.005270543,0.701536941,0.943319631,0.012502375
2020-08-22,Western,Anti-N estimate,0.008638678,0.005623182,0.737277998,0.971934502,0.012612581
2020-08-29,Western,Anti-N estimate,0.009012663,0.006062838,0.778951403,1.006904275,0.012867358
2020-09-05,Western,Anti-N estimate,0.009437963,0.006540458,0.819899163,1.048533253,0.013153748
2020-09-12,Western,Anti-N estimate,0.009916729,0.006953458,0.872374207,1.098403965,0.013517009
2020-09-19,Western,Anti-N estimate,0.010449818,0.007445804,0.924927546,1.156031373,0.014093232
2020-09-26,Western,Anti-N estimate,0.011036495,0.007924623,0.980321014,1.215230807,0.014760893
2020-10-03,Western,Anti-N estimate,0.01167616,0.008441141,1.038607024,1.280370526,0.015573134
2020-10-10,Western,Anti-N estimate,0.012361239,0.008996032,1.104342813,1.3568739,0.016454833
2020-10-17,Western,Anti-N estimate,0.013090973,0.009628982,1.173781943,1.432281241,0.017307068
2020-10-24,Western,Anti-N estimate,0.01386536,0.010306221,1.247802335,1.512172158,0.01810437
2020-10-31,Western,Anti-N estimate,0.014685183,0.01110405,1.329539131,1.598005265,0.019021662
2020-11-07,Western,Anti-N estimate,0.01555159,0.01192039,1.41680113,1.687434151,0.019843416
2020-11-14,Western,Anti-N estimate,0.016465685,0.012810345,1.507702516,1.778781317,0.020675178
2020-11-21,Western,Anti-N estimate,0.01742807,0.013762622,1.600850529,1.872495048,0.021583718
2020-11-28,Western,Anti-N estimate,0.018438376,0.014770421,1.702403177,1.974161698,0.022592004
2020-12-05,Western,Anti-N estimate,0.019494788,0.015782295,1.807979909,2.078098648,0.023745905
2020-12-12,Western,Anti-N estimate,0.020593606,0.016817086,1.912414416,2.191704521,0.02498552
2020-12-19,Western,Anti-N estimate,0.021728903,0.017787511,2.019991722,2.307970943,0.02629636
2020-12-26,Western,Anti-N estimate,0.02289231,0.018676107,2.127047025,2.430608522,0.02773568
2021-01-02,Western,Anti-N estimate,0.024074735,0.019683657,2.236011752,2.559523005,0.029263633
2021-01-09,Western,Anti-N estimate,0.02526258,0.020617581,2.34977526,2.690540248,0.03059881
2021-01-16,Western,Anti-N estimate,0.02645362,0.021613797,2.462901826,2.821091143,0.031990924
2021-01-23,Western,Anti-N estimate,0.027646202,0.02256942,2.576234525,2.946867655,0.033455318
2021-01-30,Western,Anti-N estimate,0.028839771,0.023623525,2.690635717,3.065476186,0.03466643
2021-02-06,Western,Anti-N estimate,0.030034693,0.024778775,2.806795155,3.188956298,0.03593032
2021-02-13,Western,Anti-N estimate,0.031232058,0.02596184,2.924127415,3.305175881,0.037252263
2021-02-20,Western,Anti-N estimate,0.032433473,0.027073728,3.040704049,3.426396706,0.038532966
2021-02-27,Western,Anti-N estimate,0.033640851,0.028372063,3.160316618,3.546468235,0.039833711
2021-03-06,Western,Anti-N estimate,0.034856216,0.029464973,3.282175568,3.6697142,0.041155483
2021-03-13,Western,Anti-N estimate,0.036081541,0.030621659,3.402784808,3.795878839,0.042365233
2021-03-20,Western,Anti-N estimate,0.03731861,0.031803418,3.517540195,3.931177451,0.04385477
2021-03-27,Western,Anti-N estimate,0.038568941,0.032837735,3.633834358,4.062668414,0.045246547
2021-04-03,Western,Anti-N estimate,0.039828982,0.033833688,3.753597984,4.199545754,0.046796067
2021-04-10,Western,Anti-N estimate,0.041109195,0.03484498,3.871602252,4.342183205,0.048276889
2021-04-17,Western,Anti-N estimate,0.042405787,0.035852346,3.98984139,4.483011239,0.049898016
2021-04-24,Western,Anti-N estimate,0.043719721,0.036908901,4.10955017,4.625522206,0.051457977
2021-05-01,Western,Anti-N estimate,0.045051983,0.037931624,4.235643448,4.767781251,0.052950522
2021-05-08,Western,Anti-N estimate,0.046397661,0.039173243,4.361638438,4.903253933,0.054559854
2021-05-15,Western,Anti-N estimate,0.047746391,0.040388089,4.492075233,5.038121749,0.056095411
2021-05-22,Western,Anti-N estimate,0.049087036,0.041791482,4.62582352,5.176097654,0.057476205
2021-05-29,Western,Anti-N estimate,0.050407583,0.04307246,4.757820672,5.31104813,0.058857369
2021-06-05,Western,Anti-N estimate,0.051694908,0.044273443,4.890674032,5.440544403,0.060170865
2021-06-12,Western,Anti-N estimate,0.052934603,0.045477912,5.009863364,5.562710025,0.061324484
2021-06-19,Western,Anti-N estimate,0.054110866,0.046622068,5.12350887,5.680487824,0.062489211
2021-06-26,Western,Anti-N estimate,0.055206478,0.04765921,5.233719363,5.791411974,0.063728759
2021-07-03,Western,Anti-N estimate,0.056199406,0.048386636,5.331033789,5.889242645,0.065198424
2021-07-10,Western,Anti-N estimate,0.057077535,0.049039297,5.413508511,5.985409852,0.066194139
2021-07-17,Western,Anti-N estimate,0.057816137,0.049441065,5.476991168,6.070200288,0.067191309
2021-07-24,Western,Anti-N estimate,0.058394253,0.049614374,5.518234095,6.136359404,0.068271572
2021-07-31,Western,Anti-N estimate,0.058791111,0.049547049,5.547821865,6.185571185,0.068920334
2021-08-07,Western,Anti-N estimate,0.05898683,0.049502767,5.556943588,6.222954212,0.069283507
2021-08-14,Western,Anti-N estimate,0.058963234,0.049341615,5.550826211,6.230687271,0.069377862
2021-08-21,Western,Anti-N estimate,0.058704756,0.049123962,5.523524136,6.203691001,0.069354094
2021-08-28,Western,Anti-N estimate,0.058215242,0.048747725,5.471251928,6.14671686,0.068688443
2021-09-04,Western,Anti-N estimate,0.057564832,0.048250789,5.415564067,6.078961415,0.067780765
2021-09-11,Western,Anti-N estimate,0.056838793,0.047725949,5.353608835,5.993626935,0.06681478
2021-09-18,Western,Anti-N estimate,0.056119414,0.047303829,5.284963666,5.910402349,0.065898087
2021-09-25,Western,Anti-N estimate,0.055485141,0.047036736,5.238437656,5.836781261,0.064923881
2021-10-02,Western,Anti-N estimate,0.055011929,0.046725472,5.204630996,5.783792762,0.064073915
2021-10-09,Western,Anti-N estimate,0.054769837,0.046705483,5.185777574,5.751559282,0.063626332
2021-10-16,Western,Anti-N estimate,0.05483313,0.046881117,5.194107496,5.756728977,0.063606013
2021-10-23,Western,Anti-N estimate,0.055277988,0.047444335,5.236421379,5.798720967,0.063918284
2021-10-30,Western,Anti-N estimate,0.05618841,0.048234199,5.320468283,5.89737421,0.06496957
2021-11-06,Western,Anti-N estimate,0.05766187,0.049541896,5.458240356,6.048558597,0.066718901
2021-11-13,Western,Anti-N estimate,0.059816616,0.051440148,5.664951124,6.279886001,0.069155725
2021-11-20,Western,Anti-N estimate,0.062801163,0.054073411,5.949054069,6.592866464,0.072608945
2021-11-27,Western,Anti-N estimate,0.066806835,0.057717745,6.332688743,7.001208916,0.077230786
2021-12-04,Western,Anti-N estimate,0.072084508,0.062406878,6.845629111,7.544927658,0.083096104
2021-12-11,Western,Anti-N estimate,0.078967106,0.068866252,7.5152417,8.248711082,0.090535859
2021-12-18,Western,Anti-N estimate,0.087894015,0.077200833,8.384445334,9.162999981,0.100098559
2021-12-25,Western,Anti-N estimate,0.09924519,0.087897219,9.498311992,10.31617119,0.112282287
2022-01-01,Western,Anti-N estimate,0.113215273,0.101303394,10.87402326,11.72714663,0.12681638
2022-01-08,Western,Anti-N estimate,0.129901405,0.117650538,12.52344506,13.41539287,0.143893301
2022-01-15,Western,Anti-N estimate,0.149289174,0.136247262,14.44102714,15.375713,0.163826469
2022-01-22,Western,Anti-N estimate,0.171159528,0.157464485,16.59410715,17.60929564,0.18650682
2022-01-29,Western,Anti-N estimate,0.195041013,0.18034077,18.94466903,20.05074296,0.211683964
2022-02-05,Western,Anti-N estimate,0.220184323,0.204046993,21.41549264,22.59152044,0.23780251
2022-02-12,Western,Anti-N estimate,0.245576946,0.228515335,23.92016294,25.17557653,0.264145338
2022-02-19,Western,Anti-N estimate,0.270012959,0.252316177,26.33724731,27.6605459,0.289006709
2022-02-26,Western,Anti-N estimate,0.292664383,0.27458961,28.58445058,29.93453097,0.311767943
2022-03-05,Western,Anti-N estimate,0.313362353,0.295058158,30.65148439,32.0034158,0.332505674
2022-03-12,Western,Anti-N estimate,0.332106485,0.313790846,32.53712382,33.8733822,0.351256402
2022-03-19,Western,Anti-N estimate,0.349003738,0.330306659,34.23619891,35.58024156,0.367893246
2022-03-26,Western,Anti-N estimate,0.364243023,0.345092442,35.75700366,37.1079794,0.38386289
2022-04-02,Western,Anti-N estimate,0.378084232,0.358706869,37.12909859,38.49566469,0.398135386
2022-04-09,Western,Anti-N estimate,0.390803995,0.370997542,38.38007908,39.77603476,0.411058637
2022-04-16,Western,Anti-N estimate,0.402742613,0.382915322,39.55898029,41.00221624,0.42326411
2022-04-23,Western,Anti-N estimate,0.414251958,0.394376649,40.71929176,42.16051853,0.434652593
2022-04-30,Western,Anti-N estimate,0.425524921,0.405759336,41.85389149,43.28963578,0.445756596
2022-05-07,Western,Anti-N estimate,0.436545784,0.41698265,42.95207389,44.37588666,0.45621136
2022-05-14,Western,Anti-N estimate,0.447285901,0.427729881,44.03487702,45.43918382,0.466534759
2022-05-21,Western,Anti-N estimate,0.457715341,0.438339399,45.07750516,46.47223494,0.476579668
2022-05-28,Western,Anti-N estimate,0.467802853,0.448236077,46.09289301,47.47307959,0.487090293
2022-06-04,Western,Anti-N estimate,0.477516453,0.457125979,47.04469716,48.45132374,0.497601308
2022-06-11,Western,Anti-N estimate,0.486824239,0.465922196,47.97381494,49.388486,0.507143535
2022-06-18,Western,Anti-N estimate,0.49569508,0.474603452,48.84666717,50.27818333,0.515891026
2022-06-25,Western,Anti-N estimate,0.50410111,0.483000332,49.70923347,51.11308877,0.524251987
2022-07-02,Western,Anti-N estimate,0.512093447,0.491296097,50.50930194,51.90062174,0.531779164
2022-07-09,Western,Anti-N estimate,0.519803199,0.499583932,51.29108841,52.67275392,0.539549938
2022-07-16,Western,Anti-N estimate,0.527379228,0.507243857,52.05183316,53.41922171,0.547145451
2022-07-23,Western,Anti-N estimate,0.534967494,0.514867173,52.82558318,54.18930574,0.555127992
2022-07-30,Western,Anti-N estimate,0.542715298,0.522475357,53.58748998,54.97050148,0.563547861
2022-08-06,Western,Anti-N estimate,0.550771594,0.530165486,54.38436559,55.79873924,0.572004489
2022-08-13,Western,Anti-N estimate,0.559286959,0.538151148,55.21257938,56.67595703,0.580819649
2022-08-20,Western,Anti-N estimate,0.568412741,0.546939052,56.10884567,57.5939039,0.590003831
2022-08-27,Western,Anti-N estimate,0.578294353,0.556752383,57.10307391,58.57842513,0.599691007
2022-09-03,Western,Anti-N estimate,0.588923361,0.568057578,58.15486076,59.62715545,0.609996368
2022-09-10,Western,Anti-N estimate,0.600104864,0.579148392,59.28226551,60.73113799,0.620233026
2022-09-17,Western,Anti-N estimate,0.611628137,0.591132119,60.47186204,61.86792071,0.63106005
2022-09-24,Western,Anti-N estimate,0.623281885,0.60282548,61.66566697,63.04393744,0.642427808
2022-10-01,Western,Anti-N estimate,0.634859862,0.613718767,62.81167267,64.19945555,0.654215849
2022-10-08,Western,Anti-N estimate,0.646166263,0.624403565,63.92190905,65.3346879,0.665985566
2022-10-15,Western,Anti-N estimate,0.657019571,0.634963108,64.99380183,66.44367868,0.6776352
2022-10-22,Western,Anti-N estimate,0.667253748,0.644924303,66.0017994,67.47811588,0.688424396
2022-10-29,Western,Anti-N estimate,0.676718887,0.654376285,66.95741393,68.42683795,0.697860357
2022-11-05,Western,Anti-N estimate,0.685366152,0.663675701,67.81849139,69.27258211,0.705916296
2022-11-12,Western,Anti-N estimate,0.69325675,0.672235014,68.6324299,70.03449214,0.71327895
2022-11-19,Western,Anti-N estimate,0.700453448,0.67973797,69.36458208,70.74453274,0.719768169
2022-11-26,Western,Anti-N estimate,0.707017109,0.687269468,70.03084137,71.37714672,0.726292998
2022-12-03,Western,Anti-N estimate,0.713009559,0.693197424,70.62092627,71.97831808,0.732299916
2022-12-10,Western,Anti-N estimate,0.718495441,0.698674637,71.1580016,72.54803751,0.738196929
2022-12-17,Western,Anti-N estimate,0.723542798,0.703613676,71.64855445,73.0496913,0.743622875
2022-12-24,Western,Anti-N estimate,0.728222233,0.708532343,72.09889632,73.52805381,0.748635219
2022-12-31,Western,Anti-N estimate,0.732604051,0.712593861,72.54103832,73.95295596,0.752821189
2023-01-07,Western,Anti-N estimate,0.736736577,0.717619616,72.97485773,74.34261108,0.756251158
2023-01-14,Western,Anti-N estimate,0.740640728,0.721842434,73.38324647,74.72137705,0.759337894
2023-01-21,Western,Anti-N estimate,0.744333712,0.725495625,73.78704007,75.07200225,0.762439493
2023-01-28,Western,Anti-N estimate,0.747833093,0.729345662,74.15875126,75.41565137,0.765289949
2023-02-04,Western,Anti-N estimate,0.75115858,0.732358617,74.50120439,75.76171753,0.768802516
2023-02-11,Western,Anti-N estimate,0.754332793,0.73492403,74.80015045,76.08798587,0.772169506
2023-02-18,Western,Anti-N estimate,0.757380971,0.738011625,75.1035575,76.40845816,0.775770492
2023-02-25,Western,Anti-N estimate,0.760329586,0.740464699,75.37861558,76.71374643,0.778995883
2023-03-04,Western,Anti-N estimate,0.763202843,0.743281589,75.66468014,77.00352889,0.781908628
2023-03-11,Western,Anti-N estimate,0.765987364,0.746429629,75.96085633,77.26249238,0.784380294
2023-03-18,Western,Anti-N estimate,0.768626365,0.749337159,76.25303148,77.49545367,0.786758919
2023-03-25,Western,Anti-N estimate,0.771061357,0.752666623,76.5139636,77.71840168,0.788449199
2023-04-01,Western,Anti-N estimate,0.773237346,0.755450783,76.724808,77.93660075,0.790282301
2023-04-08,Western,Anti-N estimate,0.775104528,0.75746945,76.91291112,78.12208575,0.791864442
2023-04-15,Western,Anti-N estimate,0.776618826,0.758929719,77.07402529,78.26412354,0.793590103
2023-04-22,Western,Anti-N estimate,0.777741236,0.759870542,77.17773563,78.3826583,0.795297
2023-04-29,Western,Anti-N estimate,0.77843598,0.760050019,77.23687027,78.47958063,0.796439411
2023-05-06,Western,Anti-N estimate,0.778669416,0.760020299,77.24451753,78.51222951,0.796984347
2023-05-13,Western,Anti-N estimate,0.778468293,0.760257066,77.22074563,78.47565197,0.796744812
2023-05-20,Western,Anti-N estimate,0.77793078,0.76017209,77.18523518,78.38663379,0.795717438
2023-05-27,Western,Anti-N estimate,0.777156349,0.759618906,77.13097025,78.29292027,0.794130406
2023-06-03,Western,Anti-N estimate,0.776244503,0.759126371,77.05813111,78.19898682,0.792623784
2023-06-10,Western,Anti-N estimate,0.775297165,0.758251776,76.98514002,78.09521116,0.791239789
2023-06-17,Western,Anti-N estimate,0.774420102,0.757104271,76.89996594,78.01126435,0.790516424
2023-06-24,Western,Anti-N estimate,0.773723371,0.756008081,76.81671125,77.95790677,0.790043105
2023-07-01,Western,Anti-N estimate,0.7733208,0.755162981,76.76103115,77.93190309,0.790060125
2023-07-08,Western,Anti-N estimate,0.773326538,0.755077605,76.74656259,77.93994744,0.790362174
2023-07-15,Western,Anti-N estimate,0.773789165,0.75552411,76.79317217,77.99851771,0.790881439
2023-07-22,Western,Anti-N estimate,0.774675511,0.756392209,76.88392226,78.08858453,0.791783701
2023-07-29,Western,Anti-N estimate,0.775944566,0.757897746,77.00895253,78.20173475,0.792872952
2023-08-05,Western,Anti-N estimate,0.777553068,0.759686458,77.17334157,78.34385603,0.794285838
2023-08-12,Western,Anti-N estimate,0.779456328,0.762177356,77.38554347,78.52586986,0.795805355
2023-08-19,Western,Anti-N estimate,0.781608978,0.764545681,77.59965206,78.72867161,0.797427389
2023-08-26,Western,Anti-N estimate,0.783965637,0.767393419,77.84228215,78.97831129,0.799662613
2023-09-02,Western,Anti-N estimate,0.786481496,0.76934841,78.0813023,79.24629125,0.802178984
2023-09-09,Western,Anti-N estimate,0.789112829,0.77159998,78.32228502,79.521017,0.805142345
2023-09-16,Western,Anti-N estimate,0.791817416,0.773738269,78.5718786,79.81574035,0.808842924
2023-09-23,Western,Anti-N estimate,0.794554886,0.774866593,78.81415682,80.12744241,0.812707054
2023-09-30,Western,Anti-N estimate,0.797286954,0.775992218,79.027105,80.4464252,0.816418941
